,Foreign Exchange Rate: RBI: Reference Rate: US Dollar
Region,India
Subnational,
Frequency,"Daily, ""5 observation"""
Unit,USD/INR
Source,Reserve Bank of India
Status,Active
Series ID,19329601 (IDXAA)
SR Code,SR588847
Trade Code,
Mnemonic,
Function Description,
First Obs. Date,04/03/1995
Last Obs. Date,08/18/2026
Last Update Time,18/08/2026
Series Remarks,[COVID-19-IMPACT]
Suggestions,
Mean,56.61
Variance,260.60
Standard Deviation,16.14
Skewness,0.57
Kurtosis,-0.86
Coefficient Variation,0.29
Min,31.37
Max,96.84
Median,48.76
Sum,428925.94
Subtract,-65.47
No. of Obs,7577.00
04/03/1995,31.44
04/04/1995,31.46
04/05/1995,31.45
04/06/1995,31.45
04/07/1995,31.41
04/10/1995,31.41
04/17/1995,31.39
04/18/1995,31.40
04/19/1995,31.40
04/20/1995,31.41
04/21/1995,31.45
04/24/1995,31.41
04/25/1995,31.39
04/26/1995,31.38
04/27/1995,31.40
04/28/1995,31.39
05/02/1995,31.42
05/03/1995,31.43
05/04/1995,31.42
05/05/1995,31.42
05/08/1995,31.42
05/09/1995,31.39
05/10/1995,31.39
05/12/1995,31.45
05/15/1995,31.44
05/16/1995,31.44
05/17/1995,31.45
05/18/1995,31.46
05/19/1995,31.44
05/22/1995,31.42
05/23/1995,31.40
05/24/1995,31.40
05/25/1995,31.39
05/26/1995,31.40
05/29/1995,31.39
05/30/1995,31.41
05/31/1995,31.42
06/01/1995,31.42
06/02/1995,31.41
06/05/1995,31.39
06/06/1995,31.41
06/07/1995,31.40
06/08/1995,31.42
06/09/1995,31.42
06/12/1995,31.41
06/13/1995,31.41
06/14/1995,31.41
06/15/1995,31.40
06/16/1995,31.41
06/19/1995,31.40
06/20/1995,31.40
06/21/1995,31.40
06/22/1995,31.38
06/23/1995,31.38
06/26/1995,31.38
06/27/1995,31.38
06/28/1995,31.38
06/29/1995,31.41
06/30/1995,31.42
07/03/1995,31.39
07/04/1995,31.37
07/05/1995,31.38
07/06/1995,31.38
07/07/1995,31.38
07/10/1995,31.38
07/11/1995,31.38
07/12/1995,31.37
07/13/1995,31.37
07/14/1995,31.37
07/17/1995,31.37
07/18/1995,31.37
07/19/1995,31.37
07/20/1995,31.37
07/21/1995,31.37
07/24/1995,31.37
07/25/1995,31.38
07/26/1995,31.39
07/27/1995,31.39
07/28/1995,31.40
07/31/1995,31.40
08/01/1995,31.41
08/02/1995,31.41
08/03/1995,31.41
08/04/1995,31.41
08/07/1995,31.42
08/08/1995,31.43
08/09/1995,31.56
08/11/1995,31.46
08/14/1995,31.48
08/16/1995,31.61
08/17/1995,31.59
08/18/1995,31.60
08/21/1995,31.59
08/22/1995,31.65
08/24/1995,31.66
08/25/1995,31.82
08/28/1995,31.79
08/30/1995,31.95
08/31/1995,31.84
09/01/1995,31.94
09/04/1995,31.94
09/05/1995,32.13
09/06/1995,32.42
09/07/1995,32.21
09/08/1995,32.25
09/11/1995,32.41
09/12/1995,32.62
09/13/1995,32.88
09/14/1995,33.16
09/15/1995,34.15
09/18/1995,33.89
09/19/1995,34.02
09/20/1995,33.86
09/21/1995,33.94
09/22/1995,33.84
09/25/1995,33.91
09/26/1995,33.97
09/27/1995,33.95
09/28/1995,34.00
09/29/1995,34.01
10/04/1995,33.90
10/05/1995,33.83
10/06/1995,33.92
10/09/1995,33.91
10/10/1995,33.89
10/11/1995,33.87
10/12/1995,33.91
10/13/1995,34.01
10/16/1995,34.72
10/17/1995,34.62
10/18/1995,34.81
10/19/1995,34.83
10/20/1995,35.50
10/24/1995,35.36
10/26/1995,35.64
10/27/1995,35.52
10/30/1995,34.85
10/31/1995,34.62
11/01/1995,34.28
11/02/1995,34.61
11/03/1995,34.62
11/06/1995,34.77
11/08/1995,34.75
11/09/1995,34.58
11/10/1995,34.59
11/13/1995,34.58
11/14/1995,34.58
11/15/1995,34.62
11/16/1995,34.78
11/17/1995,34.91
11/20/1995,34.82
11/21/1995,34.84
11/22/1995,34.84
11/23/1995,34.83
11/24/1995,34.87
11/27/1995,34.89
11/28/1995,34.94
11/29/1995,34.90
11/30/1995,34.94
12/01/1995,34.93
12/04/1995,34.92
12/05/1995,34.89
12/06/1995,34.83
12/07/1995,34.85
12/08/1995,34.86
12/11/1995,34.84
12/12/1995,34.89
12/13/1995,34.92
12/14/1995,34.97
12/15/1995,34.97
12/18/1995,34.98
12/19/1995,34.99
12/20/1995,34.99
12/21/1995,34.99
12/22/1995,34.98
12/26/1995,34.99
12/27/1995,35.09
12/28/1995,35.13
12/29/1995,35.18
01/01/1996,35.18
01/02/1996,35.21
01/03/1996,35.24
01/04/1996,35.28
01/05/1996,35.39
01/08/1996,35.50
01/09/1996,35.87
01/10/1996,35.79
01/11/1996,35.80
01/12/1996,35.81
01/15/1996,35.79
01/16/1996,35.89
01/17/1996,35.88
01/18/1996,35.89
01/19/1996,35.90
01/22/1996,35.85
01/23/1996,35.83
01/24/1996,35.84
01/25/1996,35.88
01/29/1996,35.97
01/30/1996,35.99
01/31/1996,36.49
02/01/1996,36.52
02/02/1996,36.69
02/05/1996,37.10
02/06/1996,37.94
02/07/1996,37.57
02/08/1996,37.34
02/09/1996,37.00
02/12/1996,36.98
02/13/1996,36.97
02/14/1996,36.61
02/15/1996,36.77
02/16/1996,36.65
02/19/1996,36.66
02/20/1996,36.56
02/22/1996,36.63
02/23/1996,36.57
02/26/1996,36.12
02/27/1996,35.66
02/28/1996,35.34
02/29/1996,35.03
03/01/1996,34.44
03/04/1996,34.43
03/06/1996,34.17
03/07/1996,34.12
03/08/1996,34.05
03/11/1996,34.08
03/12/1996,34.09
03/13/1996,34.07
03/14/1996,34.12
03/15/1996,34.42
03/18/1996,34.56
03/19/1996,35.71
03/21/1996,35.16
03/22/1996,34.55
03/25/1996,34.54
03/26/1996,34.13
03/27/1996,34.12
03/29/1996,34.33
04/03/1996,34.21
04/04/1996,34.15
04/08/1996,34.15
04/09/1996,34.27
04/10/1996,34.21
04/11/1996,34.21
04/12/1996,34.30
04/15/1996,34.21
04/16/1996,34.24
04/17/1996,34.22
04/18/1996,34.23
04/22/1996,34.25
04/23/1996,34.23
04/24/1996,34.21
04/25/1996,34.19
04/26/1996,34.28
04/30/1996,34.52
05/02/1996,34.55
05/06/1996,34.50
05/08/1996,34.75
05/09/1996,34.95
05/10/1996,35.43
05/13/1996,35.35
05/14/1996,34.91
05/15/1996,34.87
05/16/1996,34.96
05/17/1996,35.20
05/20/1996,35.00
05/21/1996,35.05
05/22/1996,34.99
05/23/1996,35.01
05/24/1996,35.07
05/27/1996,35.14
05/28/1996,35.18
05/30/1996,35.17
05/31/1996,35.09
06/03/1996,34.85
06/04/1996,34.87
06/05/1996,34.84
06/06/1996,34.85
06/07/1996,34.86
06/10/1996,34.91
06/11/1996,34.95
06/12/1996,34.94
06/13/1996,34.95
06/14/1996,35.03
06/17/1996,35.07
06/18/1996,35.09
06/19/1996,35.08
06/20/1996,35.08
06/21/1996,34.99
06/24/1996,35.00
06/25/1996,35.06
06/26/1996,35.08
06/27/1996,35.08
06/28/1996,35.06
07/01/1996,35.04
07/02/1996,35.05
07/03/1996,35.16
07/04/1996,35.13
07/05/1996,35.13
07/08/1996,35.27
07/09/1996,35.44
07/10/1996,35.40
07/11/1996,35.57
07/12/1996,35.53
07/15/1996,35.61
07/16/1996,35.86
07/17/1996,35.86
07/18/1996,35.86
07/19/1996,35.70
07/22/1996,35.67
07/23/1996,35.54
07/24/1996,35.50
07/25/1996,35.69
07/26/1996,35.80
07/29/1996,35.80
07/30/1996,35.67
07/31/1996,35.68
08/01/1996,35.68
08/02/1996,35.60
08/05/1996,35.55
08/06/1996,35.65
08/07/1996,35.68
08/08/1996,35.75
08/09/1996,35.76
08/12/1996,35.72
08/13/1996,35.69
08/14/1996,35.75
08/16/1996,35.68
08/19/1996,35.68
08/20/1996,35.66
08/21/1996,35.67
08/22/1996,35.67
08/23/1996,35.69
08/26/1996,35.73
08/27/1996,35.73
08/28/1996,35.73
08/29/1996,35.78
08/30/1996,35.68
09/02/1996,35.65
09/03/1996,35.71
09/04/1996,35.75
09/05/1996,35.80
09/06/1996,35.81
09/09/1996,35.71
09/10/1996,35.74
09/11/1996,35.72
09/12/1996,35.75
09/13/1996,35.77
09/16/1996,35.77
09/17/1996,35.73
09/18/1996,35.73
09/19/1996,35.72
09/20/1996,35.72
09/23/1996,35.72
09/24/1996,35.72
09/25/1996,35.66
09/26/1996,35.69
09/27/1996,35.76
09/30/1996,35.76
10/01/1996,35.67
10/03/1996,35.62
10/04/1996,35.62
10/07/1996,35.63
10/08/1996,35.63
10/09/1996,35.63
10/10/1996,35.64
10/11/1996,35.65
10/14/1996,35.66
10/15/1996,35.66
10/16/1996,35.66
10/17/1996,35.66
10/18/1996,35.66
10/21/1996,35.66
10/22/1996,35.65
10/23/1996,35.60
10/24/1996,35.61
10/25/1996,35.61
10/28/1996,35.62
10/29/1996,35.66
10/30/1996,35.67
10/31/1996,35.68
11/01/1996,35.67
11/04/1996,35.69
11/05/1996,35.72
11/06/1996,35.73
11/07/1996,35.75
11/08/1996,35.75
11/11/1996,35.72
11/13/1996,35.80
11/14/1996,35.79
11/15/1996,35.82
11/18/1996,35.77
11/19/1996,35.76
11/20/1996,35.71
11/21/1996,35.73
11/22/1996,35.69
11/25/1996,35.69
11/26/1996,35.72
11/27/1996,35.69
11/28/1996,35.72
11/29/1996,35.76
12/02/1996,35.71
12/03/1996,35.70
12/04/1996,35.76
12/05/1996,35.83
12/06/1996,35.79
12/09/1996,35.81
12/10/1996,35.91
12/11/1996,35.86
12/12/1996,35.91
12/13/1996,35.89
12/16/1996,35.83
12/17/1996,35.83
12/18/1996,35.86
12/19/1996,35.85
12/20/1996,35.84
12/23/1996,35.84
12/24/1996,35.82
12/26/1996,35.85
12/27/1996,35.85
12/30/1996,35.94
12/31/1996,35.93
01/01/1997,35.85
01/02/1997,35.90
01/03/1997,35.93
01/06/1997,35.89
01/07/1997,35.91
01/08/1997,35.89
01/09/1997,35.87
01/10/1997,35.87
01/13/1997,35.86
01/14/1997,35.85
01/15/1997,35.85
01/16/1997,35.86
01/17/1997,35.86
01/20/1997,35.85
01/21/1997,35.85
01/22/1997,35.86
01/24/1997,35.85
01/27/1997,35.85
01/28/1997,35.87
01/29/1997,35.87
01/30/1997,35.90
01/31/1997,35.88
02/03/1997,35.88
02/04/1997,35.87
02/05/1997,35.88
02/06/1997,35.87
02/07/1997,35.87
02/10/1997,35.87
02/11/1997,35.88
02/12/1997,35.88
02/13/1997,35.92
02/14/1997,35.96
02/17/1997,35.90
02/18/1997,35.89
02/19/1997,35.89
02/20/1997,35.89
02/21/1997,35.89
02/24/1997,35.90
02/25/1997,35.89
02/26/1997,35.86
02/27/1997,35.89
02/28/1997,35.89
03/03/1997,35.84
03/04/1997,35.82
03/05/1997,35.87
03/06/1997,35.87
03/07/1997,35.87
03/10/1997,35.86
03/11/1997,35.85
03/12/1997,35.84
03/13/1997,35.85
03/14/1997,35.85
03/17/1997,35.86
03/18/1997,35.88
03/19/1997,35.89
03/20/1997,35.90
03/21/1997,35.88
03/25/1997,35.89
03/26/1997,35.90
03/27/1997,35.91
03/31/1997,35.90
04/02/1997,35.88
04/03/1997,35.87
04/04/1997,35.87
04/07/1997,35.87
04/09/1997,35.86
04/10/1997,35.84
04/11/1997,35.84
04/15/1997,35.83
04/17/1997,35.80
04/21/1997,35.77
04/22/1997,35.77
04/23/1997,35.77
04/24/1997,35.75
04/25/1997,35.75
04/28/1997,35.77
04/29/1997,35.77
04/30/1997,35.78
05/02/1997,35.75
05/05/1997,35.78
05/06/1997,35.84
05/07/1997,35.88
05/09/1997,35.87
05/12/1997,35.83
05/13/1997,35.86
05/15/1997,35.82
05/16/1997,35.84
05/19/1997,35.80
05/20/1997,35.80
05/21/1997,35.79
05/23/1997,35.78
05/26/1997,35.78
05/27/1997,35.82
05/28/1997,35.83
05/29/1997,35.81
05/30/1997,35.79
06/02/1997,35.78
06/03/1997,35.81
06/04/1997,35.78
06/05/1997,35.77
06/09/1997,35.78
06/10/1997,35.78
06/11/1997,35.80
06/13/1997,35.82
06/16/1997,35.82
06/18/1997,35.83
06/19/1997,35.82
06/20/1997,35.82
06/23/1997,35.82
06/25/1997,35.82
06/26/1997,35.83
06/27/1997,35.84
06/30/1997,35.82
07/01/1997,35.82
07/02/1997,35.82
07/03/1997,35.79
07/07/1997,35.78
07/08/1997,35.79
07/09/1997,35.78
07/10/1997,35.76
07/11/1997,35.72
07/14/1997,35.72
07/15/1997,35.72
07/16/1997,35.71
07/17/1997,35.71
07/21/1997,35.70
07/22/1997,35.70
07/23/1997,35.70
07/24/1997,35.70
07/25/1997,35.70
07/28/1997,35.70
07/29/1997,35.70
07/30/1997,35.70
07/31/1997,35.71
08/01/1997,35.71
08/04/1997,35.75
08/05/1997,35.74
08/06/1997,35.73
08/07/1997,35.72
08/08/1997,35.72
08/11/1997,35.72
08/12/1997,35.72
08/13/1997,35.73
08/14/1997,35.73
08/18/1997,35.73
08/19/1997,35.71
08/20/1997,35.84
08/21/1997,36.08
08/25/1997,36.36
08/26/1997,36.37
08/27/1997,36.36
09/01/1997,36.47
09/03/1997,36.50
09/04/1997,36.54
09/05/1997,36.56
09/08/1997,36.67
09/09/1997,36.65
09/10/1997,36.45
09/11/1997,36.56
09/12/1997,36.54
09/15/1997,36.46
09/16/1997,36.49
09/17/1997,36.46
09/18/1997,36.37
09/19/1997,36.40
09/22/1997,36.34
09/23/1997,36.33
09/24/1997,36.29
09/25/1997,36.23
09/26/1997,36.22
09/29/1997,36.18
10/01/1997,36.17
10/03/1997,36.17
10/06/1997,36.17
10/07/1997,36.20
10/08/1997,36.19
10/09/1997,36.21
10/10/1997,36.26
10/13/1997,36.22
10/14/1997,36.22
10/15/1997,36.25
10/16/1997,36.22
10/17/1997,36.20
10/20/1997,36.21
10/21/1997,36.22
10/22/1997,36.20
10/24/1997,36.26
10/27/1997,36.23
10/28/1997,36.29
10/29/1997,36.27
10/31/1997,36.40
11/03/1997,36.34
11/04/1997,36.38
11/05/1997,36.36
11/06/1997,36.42
11/07/1997,36.55
11/10/1997,36.56
11/11/1997,36.62
11/12/1997,36.71
11/13/1997,36.73
11/17/1997,36.81
11/18/1997,37.52
11/19/1997,37.43
11/20/1997,37.40
11/21/1997,37.47
11/24/1997,38.39
11/25/1997,38.35
11/26/1997,38.56
11/27/1997,38.47
11/28/1997,38.57
12/01/1997,38.78
12/02/1997,39.52
12/03/1997,39.44
12/04/1997,39.01
12/05/1997,38.65
12/08/1997,38.90
12/09/1997,39.01
12/10/1997,39.05
12/11/1997,39.42
12/12/1997,39.73
12/15/1997,39.59
12/16/1997,39.44
12/17/1997,39.46
12/18/1997,39.27
12/19/1997,39.23
12/22/1997,39.17
12/23/1997,39.17
12/24/1997,39.11
12/26/1997,39.24
12/29/1997,39.21
12/30/1997,39.25
12/31/1997,39.28
01/02/1998,39.26
01/05/1998,39.38
01/06/1998,39.63
01/07/1998,39.57
01/08/1998,39.65
01/09/1998,39.71
01/12/1998,39.82
01/13/1998,39.89
01/14/1998,40.18
01/15/1998,40.27
01/16/1998,40.36
01/19/1998,39.51
01/20/1998,38.74
01/21/1998,38.96
01/22/1998,38.88
01/23/1998,38.62
01/27/1998,38.47
01/28/1998,38.71
01/29/1998,38.92
02/02/1998,38.77
02/03/1998,38.82
02/04/1998,38.64
02/05/1998,38.75
02/06/1998,38.75
02/09/1998,38.73
02/10/1998,38.74
02/11/1998,38.79
02/12/1998,38.80
02/13/1998,38.80
02/16/1998,38.83
02/17/1998,38.88
02/18/1998,38.86
02/19/1998,38.87
02/20/1998,38.91
02/23/1998,39.17
02/24/1998,39.29
02/26/1998,39.27
02/27/1998,39.30
03/02/1998,39.35
03/03/1998,39.56
03/04/1998,39.39
03/05/1998,39.50
03/06/1998,39.48
03/09/1998,39.51
03/10/1998,39.49
03/11/1998,39.53
03/12/1998,39.51
03/16/1998,39.50
03/17/1998,39.54
03/18/1998,39.54
03/19/1998,39.54
03/20/1998,39.54
03/23/1998,39.51
03/24/1998,39.54
03/25/1998,39.52
03/26/1998,39.51
03/27/1998,39.50
03/30/1998,39.52
03/31/1998,39.50
04/02/1998,39.48
04/03/1998,39.51
04/06/1998,39.51
04/07/1998,39.65
04/13/1998,39.54
04/15/1998,39.69
04/16/1998,39.73
04/17/1998,39.70
04/21/1998,39.70
04/22/1998,39.73
04/23/1998,39.69
04/24/1998,39.71
04/27/1998,39.71
04/29/1998,39.75
04/30/1998,39.73
05/04/1998,39.73
05/05/1998,39.74
05/06/1998,39.78
05/08/1998,39.78
05/12/1998,39.78
05/13/1998,39.78
05/14/1998,40.38
05/15/1998,40.76
05/18/1998,40.45
05/19/1998,40.49
05/20/1998,40.50
05/21/1998,40.58
05/22/1998,40.63
05/25/1998,40.92
05/26/1998,41.13
05/27/1998,41.40
05/28/1998,41.29
05/29/1998,41.50
06/01/1998,41.79
06/02/1998,41.80
06/03/1998,41.80
06/04/1998,41.80
06/05/1998,41.80
06/08/1998,41.80
06/09/1998,42.15
06/10/1998,42.33
06/11/1998,42.38
06/12/1998,41.96
06/15/1998,42.27
06/16/1998,42.37
06/17/1998,42.25
06/18/1998,42.09
06/19/1998,42.20
06/23/1998,42.92
06/24/1998,42.71
06/25/1998,42.60
06/26/1998,42.71
06/29/1998,42.56
06/30/1998,42.47
07/01/1998,42.29
07/02/1998,42.36
07/03/1998,42.49
07/06/1998,42.46
07/08/1998,42.61
07/09/1998,42.59
07/10/1998,42.47
07/13/1998,42.59
07/14/1998,42.61
07/15/1998,42.60
07/16/1998,42.52
07/17/1998,42.56
07/20/1998,42.51
07/21/1998,42.47
07/22/1998,42.39
07/23/1998,42.49
07/24/1998,42.53
07/27/1998,42.56
07/28/1998,42.56
07/29/1998,42.53
07/30/1998,42.53
07/31/1998,42.56
08/03/1998,42.55
08/04/1998,42.55
08/05/1998,42.47
08/06/1998,42.49
08/07/1998,42.55
08/10/1998,42.69
08/11/1998,42.71
08/12/1998,42.94
08/13/1998,43.19
08/14/1998,43.08
08/17/1998,43.21
08/18/1998,43.26
08/19/1998,43.42
08/20/1998,42.75
08/21/1998,42.57
08/24/1998,42.48
08/25/1998,42.50
08/27/1998,42.53
08/28/1998,42.54
08/31/1998,42.55
09/01/1998,42.52
09/02/1998,42.53
09/03/1998,42.56
09/04/1998,42.54
09/07/1998,42.55
09/08/1998,42.56
09/09/1998,42.54
09/10/1998,42.54
09/11/1998,42.51
09/14/1998,42.49
09/15/1998,42.51
09/16/1998,42.49
09/17/1998,42.47
09/18/1998,42.53
09/21/1998,42.52
09/22/1998,42.51
09/23/1998,42.54
09/24/1998,42.53
09/25/1998,42.51
09/28/1998,42.53
09/29/1998,42.49
10/05/1998,42.44
10/06/1998,42.40
10/07/1998,42.45
10/08/1998,42.37
10/09/1998,42.36
10/12/1998,42.36
10/13/1998,42.35
10/14/1998,42.34
10/15/1998,42.29
10/16/1998,42.30
10/20/1998,42.30
10/23/1998,42.29
10/26/1998,42.27
10/27/1998,42.26
10/28/1998,42.27
10/29/1998,42.29
10/30/1998,42.37
11/02/1998,42.30
11/03/1998,42.29
11/05/1998,42.35
11/06/1998,42.33
11/09/1998,42.27
11/10/1998,42.29
11/11/1998,42.28
11/12/1998,42.33
11/13/1998,42.32
11/16/1998,42.33
11/17/1998,42.37
11/18/1998,42.44
11/19/1998,42.47
11/20/1998,42.40
11/23/1998,42.38
11/24/1998,42.43
11/25/1998,42.42
11/26/1998,42.48
11/27/1998,42.52
11/30/1998,42.63
12/01/1998,42.58
12/02/1998,42.57
12/03/1998,42.55
12/04/1998,42.54
12/07/1998,42.57
12/08/1998,42.59
12/09/1998,42.58
12/10/1998,42.58
12/11/1998,42.59
12/14/1998,42.59
12/15/1998,42.57
12/16/1998,42.55
12/17/1998,42.55
12/18/1998,42.54
12/21/1998,42.55
12/22/1998,42.53
12/23/1998,42.55
12/24/1998,42.54
12/28/1998,42.52
12/29/1998,42.53
12/30/1998,42.54
12/31/1998,42.48
01/01/1999,42.47
01/04/1999,42.51
01/07/1999,42.52
01/08/1999,42.52
01/11/1999,42.52
01/12/1999,42.50
01/13/1999,42.50
01/14/1999,42.52
01/15/1999,42.47
01/18/1999,42.50
01/19/1999,42.50
01/21/1999,42.51
01/22/1999,42.51
01/25/1999,42.51
01/27/1999,42.49
01/28/1999,42.50
01/29/1999,42.50
02/01/1999,42.50
02/02/1999,42.50
02/03/1999,42.48
02/04/1999,42.46
02/05/1999,42.47
02/08/1999,42.47
02/09/1999,42.44
02/10/1999,42.44
02/11/1999,42.46
02/12/1999,42.45
02/15/1999,42.42
02/16/1999,42.49
02/17/1999,42.49
02/18/1999,42.45
02/19/1999,42.44
02/22/1999,42.40
02/23/1999,42.44
02/24/1999,42.49
03/01/1999,42.51
03/03/1999,42.55
03/04/1999,42.53
03/05/1999,42.53
03/08/1999,42.50
03/09/1999,42.47
03/10/1999,42.44
03/11/1999,42.45
03/12/1999,42.43
03/15/1999,42.42
03/16/1999,42.41
03/17/1999,42.42
03/19/1999,42.40
03/22/1999,42.39
03/23/1999,42.39
03/24/1999,42.40
03/26/1999,42.40
03/30/1999,42.43
03/31/1999,42.43
04/05/1999,42.44
04/06/1999,42.51
04/07/1999,42.64
04/08/1999,42.67
04/09/1999,42.68
04/12/1999,42.70
04/13/1999,42.71
04/15/1999,42.83
04/16/1999,42.76
04/19/1999,42.85
04/20/1999,42.79
04/21/1999,42.71
04/22/1999,42.71
04/23/1999,42.74
04/26/1999,42.95
04/28/1999,42.82
04/29/1999,42.82
05/03/1999,42.78
05/04/1999,42.75
05/05/1999,42.73
05/06/1999,42.73
05/07/1999,42.75
05/10/1999,42.73
05/11/1999,42.72
05/12/1999,42.75
05/13/1999,42.75
05/14/1999,42.76
05/17/1999,42.74
05/18/1999,42.73
05/19/1999,42.73
05/20/1999,42.76
05/21/1999,42.75
05/24/1999,42.75
05/25/1999,42.74
05/26/1999,42.81
05/27/1999,42.90
05/28/1999,42.99
05/31/1999,42.84
06/01/1999,42.87
06/02/1999,42.94
06/03/1999,42.93
06/04/1999,42.94
06/07/1999,43.01
06/08/1999,42.98
06/09/1999,43.05
06/10/1999,43.02
06/11/1999,43.02
06/14/1999,43.13
06/15/1999,43.18
06/16/1999,43.19
06/17/1999,43.17
06/18/1999,43.15
06/21/1999,43.17
06/22/1999,43.19
06/23/1999,43.24
06/24/1999,43.33
06/25/1999,43.39
06/28/1999,43.36
06/29/1999,43.36
06/30/1999,43.36
07/01/1999,43.38
07/02/1999,43.38
07/05/1999,43.28
07/06/1999,43.28
07/07/1999,43.29
07/08/1999,43.36
07/09/1999,43.39
07/12/1999,43.24
07/13/1999,43.23
07/14/1999,43.24
07/15/1999,43.27
07/16/1999,43.25
07/19/1999,43.22
07/20/1999,43.20
07/21/1999,43.26
07/22/1999,43.26
07/23/1999,43.26
07/26/1999,43.28
07/27/1999,43.29
07/28/1999,43.33
07/29/1999,43.32
07/30/1999,43.29
08/02/1999,43.32
08/03/1999,43.38
08/04/1999,43.36
08/05/1999,43.40
08/06/1999,43.45
08/09/1999,43.54
08/10/1999,43.45
08/11/1999,43.49
08/12/1999,43.47
08/13/1999,43.46
08/16/1999,43.42
08/17/1999,43.42
08/18/1999,43.42
08/19/1999,43.42
08/20/1999,43.55
08/23/1999,43.52
08/24/1999,43.51
08/25/1999,43.52
08/26/1999,43.52
08/27/1999,43.50
08/30/1999,43.49
08/31/1999,43.48
09/01/1999,43.47
09/02/1999,43.52
09/03/1999,43.51
09/06/1999,43.48
09/07/1999,43.49
09/08/1999,43.51
09/09/1999,43.51
09/10/1999,43.54
09/14/1999,43.52
09/15/1999,43.51
09/16/1999,43.54
09/17/1999,43.54
09/20/1999,43.55
09/21/1999,43.55
09/22/1999,43.55
09/23/1999,43.58
09/24/1999,43.57
09/27/1999,43.57
09/28/1999,43.57
09/29/1999,43.61
10/01/1999,43.59
10/04/1999,43.58
10/05/1999,43.59
10/06/1999,43.58
10/07/1999,43.54
10/08/1999,43.48
10/11/1999,43.33
10/12/1999,43.37
10/13/1999,43.50
10/14/1999,43.43
10/15/1999,43.44
10/18/1999,43.36
10/20/1999,43.39
10/21/1999,43.45
10/22/1999,43.42
10/25/1999,43.39
10/26/1999,43.38
10/27/1999,43.40
10/28/1999,43.39
10/29/1999,43.42
11/01/1999,43.38
11/02/1999,43.41
11/03/1999,43.40
11/04/1999,43.42
11/05/1999,43.43
11/08/1999,43.41
11/11/1999,43.40
11/12/1999,43.40
11/15/1999,43.39
11/16/1999,43.38
11/17/1999,43.40
11/18/1999,43.39
11/19/1999,43.39
11/22/1999,43.38
11/24/1999,43.38
11/25/1999,43.40
11/26/1999,43.39
11/29/1999,43.40
11/30/1999,43.41
12/01/1999,43.41
12/02/1999,43.41
12/03/1999,43.40
12/06/1999,43.42
12/07/1999,43.44
12/08/1999,43.44
12/09/1999,43.46
12/10/1999,43.48
12/13/1999,43.48
12/14/1999,43.54
12/15/1999,43.54
12/16/1999,43.52
12/17/1999,43.51
12/20/1999,43.49
12/21/1999,43.50
12/22/1999,43.50
12/23/1999,43.52
12/24/1999,43.51
12/27/1999,43.50
12/28/1999,43.50
12/29/1999,43.53
12/30/1999,43.52
12/31/1999,43.49
01/03/2000,43.48
01/04/2000,43.50
01/05/2000,43.52
01/06/2000,43.52
01/07/2000,43.51
01/10/2000,43.53
01/11/2000,43.52
01/12/2000,43.53
01/13/2000,43.53
01/14/2000,43.52
01/17/2000,43.52
01/18/2000,43.57
01/19/2000,43.57
01/20/2000,43.56
01/21/2000,43.58
01/24/2000,43.64
01/25/2000,43.58
01/27/2000,43.58
01/28/2000,43.61
01/31/2000,43.61
02/01/2000,43.61
02/02/2000,43.59
02/03/2000,43.59
02/04/2000,43.61
02/07/2000,43.61
02/08/2000,43.62
02/09/2000,43.60
02/10/2000,43.64
02/11/2000,43.63
02/14/2000,43.64
02/15/2000,43.62
02/16/2000,43.60
02/17/2000,43.61
02/18/2000,43.61
02/21/2000,43.58
02/22/2000,43.59
02/23/2000,43.59
02/24/2000,43.60
02/25/2000,43.61
02/28/2000,43.62
02/29/2000,43.61
03/01/2000,43.61
03/02/2000,43.58
03/03/2000,43.58
03/06/2000,43.57
03/07/2000,43.57
03/08/2000,43.57
03/09/2000,43.58
03/10/2000,43.59
03/13/2000,43.58
03/14/2000,43.58
03/15/2000,43.59
03/16/2000,43.58
03/21/2000,43.57
03/22/2000,43.58
03/23/2000,43.60
03/24/2000,43.60
03/27/2000,43.60
03/28/2000,43.61
03/29/2000,43.59
03/30/2000,43.61
03/31/2000,43.62
04/03/2000,43.62
04/04/2000,43.63
04/06/2000,43.63
04/07/2000,43.62
04/10/2000,43.61
04/11/2000,43.63
04/13/2000,43.64
04/17/2000,43.65
04/18/2000,43.64
04/19/2000,43.65
04/20/2000,43.64
04/24/2000,43.65
04/25/2000,43.65
04/26/2000,43.66
04/27/2000,43.66
04/28/2000,43.66
05/02/2000,43.66
05/03/2000,43.65
05/04/2000,43.65
05/05/2000,43.64
05/08/2000,43.64
05/09/2000,43.66
05/10/2000,43.74
05/11/2000,43.94
05/12/2000,43.92
05/15/2000,43.92
05/16/2000,43.97
05/17/2000,43.97
05/19/2000,43.98
05/22/2000,43.97
05/23/2000,43.98
05/24/2000,44.08
05/25/2000,44.29
05/26/2000,44.31
05/29/2000,44.45
05/30/2000,44.58
05/31/2000,44.58
06/01/2000,44.57
06/02/2000,44.65
06/05/2000,44.66
06/06/2000,44.67
06/07/2000,44.69
06/08/2000,44.78
06/09/2000,44.76
06/12/2000,44.78
06/13/2000,44.78
06/14/2000,44.71
06/16/2000,44.75
06/19/2000,44.69
06/20/2000,44.67
06/21/2000,44.64
06/22/2000,44.68
06/23/2000,44.69
06/26/2000,44.65
06/27/2000,44.67
06/28/2000,44.67
06/29/2000,44.67
06/30/2000,44.68
07/03/2000,44.67
07/04/2000,44.67
07/05/2000,44.68
07/06/2000,44.73
07/07/2000,44.73
07/10/2000,44.69
07/11/2000,44.69
07/12/2000,44.69
07/13/2000,44.70
07/14/2000,44.71
07/17/2000,44.71
07/18/2000,44.74
07/19/2000,44.78
07/20/2000,44.82
07/21/2000,45.02
07/24/2000,44.72
07/25/2000,44.93
07/26/2000,44.88
07/27/2000,44.90
07/28/2000,44.89
07/31/2000,44.99
08/01/2000,45.13
08/02/2000,45.34
08/03/2000,45.44
08/04/2000,45.39
08/07/2000,45.57
08/08/2000,45.72
08/09/2000,45.64
08/10/2000,45.68
08/11/2000,45.93
08/14/2000,45.77
08/16/2000,45.66
08/17/2000,45.78
08/18/2000,45.85
08/22/2000,45.72
08/23/2000,45.76
08/24/2000,45.92
08/25/2000,45.89
08/28/2000,45.84
08/29/2000,45.79
08/30/2000,45.83
08/31/2000,45.80
09/04/2000,45.73
09/05/2000,45.74
09/06/2000,45.68
09/07/2000,45.64
09/08/2000,45.64
09/11/2000,45.63
09/12/2000,45.60
09/13/2000,45.64
09/14/2000,45.68
09/15/2000,45.76
09/18/2000,45.85
09/19/2000,46.22
09/20/2000,46.22
09/21/2000,46.20
09/22/2000,46.08
09/25/2000,46.02
09/26/2000,46.07
09/27/2000,46.15
09/28/2000,46.16
09/29/2000,46.07
10/03/2000,46.07
10/04/2000,46.05
10/05/2000,46.09
10/06/2000,46.11
10/09/2000,46.08
10/10/2000,46.13
10/11/2000,46.33
10/12/2000,46.30
10/13/2000,46.38
10/16/2000,46.32
10/17/2000,46.36
10/18/2000,46.33
10/19/2000,46.33
10/20/2000,46.34
10/23/2000,46.38
10/24/2000,46.43
10/25/2000,46.48
10/27/2000,46.78
10/30/2000,46.86
10/31/2000,46.80
11/01/2000,46.79
11/02/2000,46.76
11/03/2000,46.69
11/06/2000,46.64
11/07/2000,46.65
11/08/2000,46.69
11/09/2000,46.73
11/10/2000,46.74
11/13/2000,46.76
11/14/2000,46.78
11/15/2000,46.75
11/16/2000,46.84
11/17/2000,46.83
11/20/2000,46.78
11/21/2000,46.78
11/22/2000,46.83
11/23/2000,46.82
11/24/2000,46.87
11/27/2000,46.86
11/28/2000,46.89
11/29/2000,46.89
11/30/2000,46.84
12/01/2000,46.85
12/04/2000,46.83
12/05/2000,46.80
12/06/2000,46.74
12/07/2000,46.77
12/08/2000,46.76
12/11/2000,46.76
12/12/2000,46.77
12/13/2000,46.77
12/14/2000,46.76
12/15/2000,46.77
12/18/2000,46.76
12/19/2000,46.71
12/20/2000,46.68
12/21/2000,46.71
12/22/2000,46.69
12/26/2000,46.68
12/27/2000,46.70
12/29/2000,46.75
01/01/2001,46.66
01/02/2001,46.69
01/03/2001,46.70
01/04/2001,46.74
01/05/2001,46.74
01/08/2001,46.69
01/09/2001,46.66
01/10/2001,46.61
01/11/2001,46.63
01/12/2001,46.61
01/15/2001,46.53
01/16/2001,46.53
01/17/2001,46.41
01/18/2001,46.42
01/19/2001,46.40
01/22/2001,46.39
01/23/2001,46.35
01/24/2001,46.37
01/25/2001,46.46
01/29/2001,46.53
01/30/2001,46.47
01/31/2001,46.41
02/01/2001,46.40
02/02/2001,46.41
02/05/2001,46.41
02/06/2001,46.40
02/07/2001,46.39
02/08/2001,46.44
02/09/2001,46.43
02/12/2001,46.48
02/13/2001,46.55
02/14/2001,46.60
02/15/2001,46.59
02/16/2001,46.54
02/20/2001,46.58
02/22/2001,46.63
02/23/2001,46.58
02/26/2001,46.63
02/27/2001,46.67
02/28/2001,46.61
03/01/2001,46.53
03/02/2001,46.57
03/05/2001,46.56
03/07/2001,46.52
03/08/2001,46.54
03/09/2001,46.53
03/12/2001,46.55
03/13/2001,46.61
03/14/2001,46.69
03/15/2001,46.65
03/16/2001,46.67
03/19/2001,46.69
03/20/2001,46.70
03/21/2001,46.70
03/22/2001,46.68
03/23/2001,46.67
03/27/2001,46.63
03/28/2001,46.62
03/29/2001,46.66
03/30/2001,46.64
04/03/2001,46.64
04/04/2001,46.63
04/09/2001,46.55
04/10/2001,46.56
04/11/2001,46.58
04/12/2001,46.89
04/16/2001,46.96
04/17/2001,46.97
04/18/2001,46.84
04/19/2001,46.84
04/20/2001,46.85
04/23/2001,46.79
04/24/2001,46.84
04/25/2001,46.85
04/26/2001,46.86
04/27/2001,46.86
04/30/2001,46.86
05/02/2001,46.81
05/03/2001,46.85
05/04/2001,46.83
05/08/2001,46.81
05/09/2001,46.83
05/10/2001,46.85
05/11/2001,46.87
05/14/2001,46.90
05/15/2001,47.00
05/16/2001,46.93
05/17/2001,46.94
05/18/2001,46.94
05/21/2001,46.96
05/22/2001,47.02
05/23/2001,46.99
05/24/2001,46.98
05/25/2001,46.95
05/28/2001,46.94
05/29/2001,46.97
05/30/2001,46.96
05/31/2001,46.99
06/01/2001,47.05
06/04/2001,47.02
06/06/2001,47.00
06/07/2001,46.98
06/08/2001,46.96
06/11/2001,46.95
06/12/2001,47.02
06/13/2001,47.04
06/14/2001,47.05
06/15/2001,47.00
06/18/2001,46.99
06/19/2001,46.97
06/20/2001,46.96
06/21/2001,47.00
06/22/2001,47.01
06/25/2001,46.99
06/26/2001,47.04
06/27/2001,47.01
06/28/2001,47.01
06/29/2001,47.04
07/02/2001,47.07
07/03/2001,47.15
07/04/2001,47.11
07/05/2001,47.13
07/06/2001,47.15
07/09/2001,47.15
07/10/2001,47.16
07/11/2001,47.16
07/12/2001,47.18
07/13/2001,47.16
07/16/2001,47.16
07/17/2001,47.14
07/18/2001,47.11
07/19/2001,47.16
07/20/2001,47.12
07/23/2001,47.13
07/24/2001,47.13
07/25/2001,47.13
07/26/2001,47.16
07/27/2001,47.16
07/30/2001,47.14
07/31/2001,47.16
08/01/2001,47.13
08/02/2001,47.12
08/03/2001,47.10
08/06/2001,47.12
08/07/2001,47.11
08/08/2001,47.14
08/09/2001,47.14
08/10/2001,47.12
08/13/2001,47.12
08/14/2001,47.12
08/16/2001,47.12
08/17/2001,47.13
08/20/2001,47.13
08/23/2001,47.12
08/24/2001,47.12
08/27/2001,47.13
08/28/2001,47.15
08/29/2001,47.13
08/30/2001,47.14
08/31/2001,47.15
09/03/2001,47.13
09/04/2001,47.16
09/05/2001,47.16
09/06/2001,47.16
09/07/2001,47.22
09/10/2001,47.28
09/11/2001,47.45
09/12/2001,47.43
09/13/2001,47.54
09/14/2001,47.70
09/17/2001,48.18
09/18/2001,48.02
09/19/2001,47.96
09/20/2001,48.06
09/21/2001,48.01
09/24/2001,47.93
09/25/2001,47.90
09/26/2001,47.88
09/27/2001,47.89
09/28/2001,47.86
10/01/2001,47.93
10/03/2001,47.96
10/04/2001,47.96
10/05/2001,47.99
10/08/2001,48.17
10/09/2001,48.16
10/10/2001,48.06
10/11/2001,48.03
10/12/2001,48.04
10/15/2001,48.01
10/16/2001,48.04
10/17/2001,47.99
10/18/2001,48.01
10/19/2001,48.04
10/22/2001,48.03
10/23/2001,48.01
10/24/2001,48.02
10/25/2001,48.05
10/29/2001,47.98
10/30/2001,47.98
10/31/2001,47.97
11/01/2001,48.00
11/02/2001,47.99
11/05/2001,47.98
11/06/2001,47.97
11/07/2001,47.98
11/08/2001,48.01
11/09/2001,48.03
11/12/2001,47.99
11/13/2001,48.02
11/15/2001,48.02
11/19/2001,47.97
11/20/2001,47.97
11/21/2001,47.97
11/22/2001,48.02
11/23/2001,48.04
11/26/2001,48.02
11/27/2001,47.98
11/28/2001,48.00
11/29/2001,47.99
12/03/2001,47.93
12/04/2001,47.94
12/05/2001,47.91
12/06/2001,47.91
12/07/2001,47.84
12/10/2001,47.82
12/11/2001,47.82
12/12/2001,47.81
12/13/2001,47.88
12/14/2001,47.87
12/18/2001,47.81
12/19/2001,47.79
12/20/2001,47.78
12/21/2001,47.83
12/24/2001,47.87
12/26/2001,48.07
12/27/2001,48.13
12/28/2001,48.34
12/31/2001,48.18
01/01/2002,48.24
01/02/2002,48.31
01/03/2002,48.25
01/04/2002,48.30
01/07/2002,48.25
01/08/2002,48.29
01/09/2002,48.29
01/10/2002,48.37
01/11/2002,48.41
01/14/2002,48.39
01/15/2002,48.29
01/16/2002,48.31
01/17/2002,48.30
01/18/2002,48.29
01/21/2002,48.24
01/22/2002,48.28
01/23/2002,48.27
01/24/2002,48.35
01/25/2002,48.36
01/28/2002,48.34
01/29/2002,48.37
01/30/2002,48.56
01/31/2002,48.58
02/01/2002,48.53
02/04/2002,48.55
02/05/2002,48.70
02/06/2002,48.69
02/07/2002,48.71
02/08/2002,48.67
02/11/2002,48.71
02/12/2002,48.71
02/13/2002,48.68
02/14/2002,48.71
02/15/2002,48.71
02/18/2002,48.67
02/19/2002,48.66
02/20/2002,48.63
02/21/2002,48.63
02/22/2002,48.71
02/25/2002,48.85
02/26/2002,48.77
02/27/2002,48.73
02/28/2002,48.81
03/01/2002,48.75
03/04/2002,48.70
03/05/2002,48.70
03/06/2002,48.70
03/07/2002,48.72
03/08/2002,48.75
03/11/2002,48.73
03/13/2002,48.75
03/14/2002,48.72
03/15/2002,48.71
03/18/2002,48.71
03/19/2002,48.73
03/20/2002,48.73
03/21/2002,48.75
03/22/2002,48.77
03/26/2002,48.76
03/27/2002,48.83
03/28/2002,48.80
04/02/2002,48.80
04/03/2002,48.88
04/04/2002,48.88
04/05/2002,48.85
04/08/2002,48.85
04/09/2002,48.94
04/10/2002,48.90
04/11/2002,48.91
04/12/2002,48.92
04/15/2002,48.92
04/16/2002,48.92
04/17/2002,48.95
04/18/2002,48.92
04/19/2002,48.89
04/22/2002,48.91
04/23/2002,48.96
04/24/2002,49.05
04/26/2002,48.99
04/29/2002,48.98
04/30/2002,48.97
05/02/2002,48.96
05/03/2002,48.98
05/06/2002,48.98
05/07/2002,48.96
05/08/2002,48.97
05/09/2002,48.96
05/10/2002,48.98
05/13/2002,49.02
05/14/2002,49.02
05/15/2002,49.02
05/16/2002,49.06
05/17/2002,49.01
05/20/2002,49.04
05/21/2002,49.02
05/22/2002,48.98
05/23/2002,49.03
05/24/2002,49.01
05/27/2002,48.98
05/28/2002,48.99
05/29/2002,48.99
05/30/2002,49.01
05/31/2002,49.03
06/03/2002,49.02
06/04/2002,49.04
06/05/2002,49.04
06/06/2002,49.03
06/07/2002,49.02
06/10/2002,49.01
06/11/2002,48.98
06/12/2002,48.98
06/13/2002,48.99
06/14/2002,49.03
06/17/2002,49.00
06/18/2002,48.99
06/19/2002,48.96
06/20/2002,48.91
06/21/2002,48.92
06/24/2002,48.91
06/25/2002,48.90
06/26/2002,48.88
06/27/2002,48.85
06/28/2002,48.87
07/01/2002,48.84
07/02/2002,48.83
07/03/2002,48.81
07/04/2002,48.79
07/05/2002,48.82
07/08/2002,48.82
07/09/2002,48.82
07/10/2002,48.78
07/11/2002,48.81
07/12/2002,48.77
07/15/2002,48.83
07/16/2002,48.82
07/17/2002,48.78
07/18/2002,48.78
07/19/2002,48.74
07/22/2002,48.70
07/23/2002,48.70
07/24/2002,48.67
07/25/2002,48.68
07/26/2002,48.67
07/29/2002,48.70
07/30/2002,48.73
07/31/2002,48.68
08/01/2002,48.67
08/02/2002,48.65
08/05/2002,48.64
08/06/2002,48.68
08/07/2002,48.69
08/08/2002,48.66
08/09/2002,48.67
08/12/2002,48.62
08/13/2002,48.62
08/14/2002,48.60
08/16/2002,48.58
08/19/2002,48.56
08/20/2002,48.57
08/21/2002,48.54
08/22/2002,48.54
08/23/2002,48.52
08/26/2002,48.52
08/27/2002,48.50
08/28/2002,48.48
08/29/2002,48.50
08/30/2002,48.51
09/02/2002,48.48
09/03/2002,48.47
09/04/2002,48.45
09/05/2002,48.47
09/06/2002,48.53
09/09/2002,48.52
09/11/2002,48.45
09/12/2002,48.47
09/13/2002,48.45
09/16/2002,48.40
09/17/2002,48.41
09/18/2002,48.41
09/19/2002,48.42
09/20/2002,48.45
09/23/2002,48.42
09/24/2002,48.41
09/25/2002,48.41
09/26/2002,48.39
09/27/2002,48.38
10/01/2002,48.36
10/03/2002,48.36
10/04/2002,48.36
10/07/2002,48.36
10/08/2002,48.37
10/09/2002,48.34
10/10/2002,48.34
10/11/2002,48.33
10/14/2002,48.33
10/16/2002,48.34
10/17/2002,48.39
10/18/2002,48.41
10/21/2002,48.36
10/22/2002,48.36
10/23/2002,48.37
10/24/2002,48.43
10/25/2002,48.38
10/28/2002,48.39
10/29/2002,48.45
10/30/2002,48.39
10/31/2002,48.41
11/01/2002,48.34
11/05/2002,48.32
11/06/2002,48.32
11/07/2002,48.32
11/08/2002,48.27
11/11/2002,48.27
11/12/2002,48.27
11/13/2002,48.28
11/14/2002,48.28
11/15/2002,48.23
11/18/2002,48.20
11/20/2002,48.21
11/21/2002,48.21
11/22/2002,48.20
11/25/2002,48.20
11/26/2002,48.21
11/27/2002,48.21
11/28/2002,48.24
11/29/2002,48.27
12/02/2002,48.32
12/03/2002,48.25
12/04/2002,48.21
12/05/2002,48.24
12/06/2002,48.27
12/09/2002,48.22
12/10/2002,48.19
12/11/2002,48.19
12/12/2002,48.22
12/13/2002,48.18
12/16/2002,48.16
12/17/2002,48.13
12/18/2002,48.15
12/19/2002,48.11
12/20/2002,48.05
12/23/2002,47.99
12/24/2002,48.01
12/26/2002,48.03
12/27/2002,48.03
12/30/2002,47.96
12/31/2002,48.03
01/01/2003,47.99
01/02/2003,48.01
01/03/2003,48.02
01/06/2003,48.00
01/07/2003,47.99
01/08/2003,47.98
01/09/2003,47.97
01/10/2003,47.96
01/13/2003,47.95
01/14/2003,47.90
01/15/2003,47.94
01/16/2003,47.96
01/17/2003,47.94
01/20/2003,47.91
01/21/2003,47.95
01/22/2003,47.91
01/23/2003,47.91
01/24/2003,47.87
01/27/2003,47.89
01/28/2003,47.92
01/29/2003,47.86
01/30/2003,47.82
01/31/2003,47.80
02/03/2003,47.78
02/04/2003,47.78
02/05/2003,47.76
02/06/2003,47.73
02/07/2003,47.72
02/10/2003,47.69
02/11/2003,47.71
02/12/2003,47.79
02/14/2003,47.86
02/17/2003,47.76
02/18/2003,47.74
02/19/2003,47.70
02/20/2003,47.71
02/21/2003,47.74
02/24/2003,47.71
02/25/2003,47.76
02/26/2003,47.69
02/27/2003,47.68
02/28/2003,47.67
03/03/2003,47.66
03/04/2003,47.65
03/05/2003,47.63
03/06/2003,47.64
03/07/2003,47.67
03/10/2003,47.66
03/11/2003,47.65
03/12/2003,47.66
03/13/2003,47.66
03/17/2003,47.66
03/19/2003,47.67
03/20/2003,47.79
03/21/2003,47.70
03/24/2003,47.66
03/25/2003,47.65
03/26/2003,47.58
03/27/2003,47.54
03/28/2003,47.55
03/31/2003,47.50
04/03/2003,47.41
04/04/2003,47.40
04/07/2003,47.39
04/08/2003,47.42
04/09/2003,47.46
04/10/2003,47.41
04/16/2003,47.36
04/17/2003,47.37
04/21/2003,47.35
04/22/2003,47.37
04/23/2003,47.33
04/24/2003,47.34
04/25/2003,47.35
04/28/2003,47.36
04/29/2003,47.37
04/30/2003,47.35
05/02/2003,47.36
05/05/2003,47.35
05/06/2003,47.31
05/07/2003,47.27
05/08/2003,47.26
05/09/2003,47.19
05/12/2003,47.16
05/13/2003,47.17
05/14/2003,47.14
05/19/2003,47.06
05/20/2003,46.94
05/21/2003,46.76
05/22/2003,46.91
05/23/2003,46.94
05/26/2003,46.90
05/27/2003,46.84
05/28/2003,46.96
05/29/2003,47.03
05/30/2003,47.03
06/02/2003,47.16
06/03/2003,47.03
06/04/2003,46.88
06/05/2003,46.91
06/06/2003,46.82
06/09/2003,46.90
06/10/2003,46.82
06/11/2003,46.73
06/12/2003,46.68
06/13/2003,46.69
06/16/2003,46.63
06/17/2003,46.64
06/18/2003,46.58
06/19/2003,46.58
06/20/2003,46.54
06/23/2003,46.58
06/24/2003,46.60
06/25/2003,46.62
06/26/2003,46.54
06/27/2003,46.49
06/30/2003,46.47
07/01/2003,46.48
07/02/2003,46.46
07/03/2003,46.41
07/04/2003,46.33
07/07/2003,46.28
07/08/2003,46.29
07/09/2003,46.29
07/10/2003,46.21
07/11/2003,46.14
07/14/2003,46.06
07/15/2003,46.12
07/16/2003,46.20
07/17/2003,46.26
07/18/2003,46.23
07/21/2003,46.26
07/22/2003,46.26
07/23/2003,46.18
07/24/2003,46.15
07/25/2003,46.16
07/28/2003,46.13
07/29/2003,46.12
07/30/2003,46.12
07/31/2003,46.14
08/01/2003,46.16
08/04/2003,46.11
08/05/2003,46.12
08/06/2003,46.08
08/07/2003,46.02
08/08/2003,46.03
08/11/2003,45.96
08/12/2003,45.93
08/13/2003,45.92
08/14/2003,45.91
08/18/2003,45.86
08/19/2003,45.84
08/20/2003,45.82
08/21/2003,45.84
08/22/2003,45.86
08/25/2003,45.86
08/26/2003,45.87
08/27/2003,45.84
08/28/2003,45.83
08/29/2003,45.85
09/01/2003,45.83
09/02/2003,45.87
09/03/2003,45.88
09/04/2003,45.92
09/05/2003,45.94
09/08/2003,45.85
09/09/2003,45.81
09/10/2003,45.77
09/11/2003,45.72
09/12/2003,45.78
09/15/2003,45.77
09/16/2003,45.85
09/17/2003,45.94
09/18/2003,46.08
09/19/2003,45.93
09/22/2003,45.79
09/23/2003,45.75
09/24/2003,45.84
09/25/2003,45.82
09/26/2003,45.87
09/29/2003,45.85
10/01/2003,45.68
10/03/2003,45.46
10/06/2003,45.42
10/07/2003,45.36
10/08/2003,45.29
10/09/2003,45.33
10/10/2003,45.38
10/13/2003,45.35
10/14/2003,45.59
10/15/2003,45.71
10/16/2003,45.29
10/17/2003,45.35
10/20/2003,45.35
10/21/2003,45.31
10/22/2003,45.37
10/23/2003,45.33
10/24/2003,45.33
10/27/2003,45.34
10/28/2003,45.40
10/29/2003,45.31
10/30/2003,45.32
10/31/2003,45.32
11/03/2003,45.33
11/04/2003,45.36
11/05/2003,45.32
11/06/2003,45.29
11/07/2003,45.29
11/10/2003,45.27
11/11/2003,45.29
11/12/2003,45.32
11/13/2003,45.39
11/14/2003,45.35
11/17/2003,45.41
11/18/2003,45.54
11/19/2003,45.54
11/20/2003,45.71
11/21/2003,45.84
11/24/2003,45.87
11/25/2003,45.93
11/27/2003,45.89
11/28/2003,45.94
12/01/2003,45.78
12/02/2003,45.71
12/03/2003,45.62
12/04/2003,45.62
12/05/2003,45.62
12/08/2003,45.56
12/09/2003,45.54
12/10/2003,45.58
12/11/2003,45.54
12/12/2003,45.53
12/15/2003,45.56
12/16/2003,45.56
12/17/2003,45.54
12/18/2003,45.52
12/19/2003,45.52
12/22/2003,45.52
12/23/2003,45.60
12/24/2003,45.59
12/26/2003,45.58
12/29/2003,45.66
12/30/2003,45.64
12/31/2003,45.61
01/01/2004,45.61
01/02/2004,45.59
01/05/2004,45.62
01/06/2004,45.62
01/07/2004,45.63
01/08/2004,45.54
01/09/2004,45.50
01/12/2004,45.42
01/13/2004,45.43
01/14/2004,45.41
01/15/2004,45.43
01/16/2004,45.45
01/19/2004,45.41
01/20/2004,45.42
01/21/2004,45.39
01/22/2004,45.40
01/23/2004,45.36
01/27/2004,45.36
01/28/2004,45.34
01/29/2004,45.35
01/30/2004,45.31
02/03/2004,45.30
02/04/2004,45.31
02/05/2004,45.27
02/06/2004,45.28
02/09/2004,45.27
02/10/2004,45.25
02/11/2004,45.26
02/12/2004,45.25
02/13/2004,45.26
02/16/2004,45.25
02/17/2004,45.29
02/19/2004,45.28
02/20/2004,45.27
02/23/2004,45.29
02/24/2004,45.29
02/25/2004,45.27
02/26/2004,45.24
02/27/2004,45.26
03/01/2004,45.24
03/03/2004,45.24
03/04/2004,45.30
03/05/2004,45.31
03/08/2004,45.25
03/09/2004,45.21
03/10/2004,45.23
03/11/2004,45.25
03/12/2004,45.27
03/15/2004,45.25
03/16/2004,45.24
03/17/2004,45.25
03/18/2004,45.22
03/19/2004,45.22
03/22/2004,45.15
03/23/2004,44.93
03/24/2004,44.76
03/25/2004,44.75
03/26/2004,44.73
03/29/2004,44.12
03/31/2004,43.39
04/02/2004,43.77
04/05/2004,43.67
04/06/2004,43.78
04/07/2004,43.56
04/08/2004,43.62
04/12/2004,43.65
04/13/2004,43.76
04/15/2004,43.90
04/16/2004,43.89
04/19/2004,43.86
04/20/2004,44.00
04/21/2004,44.00
04/22/2004,44.04
04/23/2004,44.16
04/27/2004,44.18
04/28/2004,44.18
04/29/2004,44.41
04/30/2004,44.37
05/03/2004,44.97
05/05/2004,44.76
05/06/2004,44.69
05/07/2004,44.71
05/10/2004,44.95
05/11/2004,45.34
05/12/2004,45.42
05/13/2004,45.12
05/14/2004,45.44
05/17/2004,45.96
05/18/2004,45.46
05/19/2004,45.29
05/20/2004,45.25
05/21/2004,45.33
05/24/2004,45.37
05/25/2004,45.36
05/26/2004,45.34
05/27/2004,45.45
05/28/2004,45.39
05/31/2004,45.56
06/01/2004,45.45
06/02/2004,45.42
06/03/2004,45.31
06/04/2004,45.19
06/07/2004,45.06
06/08/2004,45.09
06/09/2004,44.98
06/10/2004,45.07
06/11/2004,45.09
06/14/2004,45.26
06/15/2004,45.28
06/16/2004,45.39
06/17/2004,45.54
06/18/2004,45.63
06/21/2004,45.82
06/22/2004,46.20
06/23/2004,46.06
06/24/2004,45.83
06/25/2004,45.90
06/28/2004,45.84
06/29/2004,45.96
06/30/2004,45.98
07/01/2004,45.88
07/02/2004,45.96
07/05/2004,45.75
07/06/2004,45.98
07/07/2004,45.95
07/08/2004,45.73
07/09/2004,45.76
07/12/2004,45.64
07/13/2004,45.82
07/14/2004,45.94
07/15/2004,46.15
07/16/2004,46.17
07/19/2004,45.95
07/20/2004,46.06
07/21/2004,46.09
07/22/2004,46.18
07/23/2004,46.22
07/26/2004,46.27
07/27/2004,46.27
07/28/2004,46.31
07/29/2004,46.43
07/30/2004,46.45
08/02/2004,46.36
08/03/2004,46.30
08/04/2004,46.37
08/05/2004,46.33
08/06/2004,46.43
08/09/2004,46.38
08/10/2004,46.46
08/11/2004,46.36
08/12/2004,46.26
08/13/2004,46.26
08/16/2004,46.32
08/17/2004,46.41
08/18/2004,46.39
08/19/2004,46.35
08/23/2004,46.25
08/24/2004,46.29
08/25/2004,46.33
08/26/2004,46.35
08/27/2004,46.31
08/30/2004,46.34
08/31/2004,46.34
09/01/2004,46.33
09/02/2004,46.35
09/03/2004,46.32
09/06/2004,46.32
09/07/2004,46.37
09/08/2004,46.34
09/09/2004,46.30
09/10/2004,46.27
09/13/2004,46.22
09/14/2004,46.03
09/15/2004,45.80
09/16/2004,45.95
09/17/2004,45.83
09/20/2004,45.94
09/21/2004,45.86
09/22/2004,45.79
09/23/2004,45.94
09/24/2004,45.94
09/27/2004,45.95
09/28/2004,46.05
09/29/2004,46.16
10/01/2004,45.92
10/04/2004,45.91
10/05/2004,45.86
10/06/2004,45.90
10/07/2004,45.86
10/08/2004,45.83
10/11/2004,45.77
10/12/2004,45.86
10/14/2004,45.86
10/15/2004,45.86
10/18/2004,45.83
10/19/2004,45.83
10/20/2004,45.79
10/21/2004,45.77
10/25/2004,45.65
10/26/2004,45.66
10/27/2004,45.72
10/28/2004,45.56
10/29/2004,45.45
11/01/2004,45.41
11/02/2004,45.39
11/03/2004,45.50
11/04/2004,45.30
11/05/2004,45.10
11/08/2004,45.11
11/09/2004,45.10
11/10/2004,45.15
11/11/2004,45.20
11/16/2004,45.01
11/17/2004,45.03
11/18/2004,45.03
11/19/2004,45.13
11/22/2004,45.08
11/23/2004,45.06
11/24/2004,45.06
11/25/2004,45.03
11/29/2004,44.97
11/30/2004,44.75
12/01/2004,44.47
12/02/2004,44.22
12/03/2004,44.24
12/06/2004,43.83
12/07/2004,43.70
12/08/2004,43.92
12/09/2004,44.23
12/10/2004,44.61
12/13/2004,44.35
12/14/2004,44.09
12/15/2004,44.13
12/16/2004,43.89
12/17/2004,44.03
12/20/2004,43.91
12/21/2004,43.80
12/22/2004,43.88
12/23/2004,43.79
12/24/2004,43.81
12/27/2004,43.84
12/28/2004,43.78
12/29/2004,43.74
12/30/2004,43.71
12/31/2004,43.58
01/03/2005,43.61
01/04/2005,43.43
01/05/2005,43.77
01/06/2005,43.87
01/07/2005,43.83
01/10/2005,44.02
01/11/2005,43.82
01/12/2005,43.73
01/13/2005,43.69
01/14/2005,43.85
01/17/2005,43.72
01/18/2005,43.74
01/19/2005,43.74
01/20/2005,43.78
01/24/2005,43.75
01/25/2005,43.81
01/27/2005,43.75
01/28/2005,43.78
01/31/2005,43.69
02/01/2005,43.68
02/02/2005,43.59
02/03/2005,43.36
02/04/2005,43.47
02/07/2005,43.46
02/08/2005,43.60
02/09/2005,43.64
02/10/2005,43.78
02/11/2005,43.79
02/14/2005,43.72
02/15/2005,43.76
02/16/2005,43.82
02/17/2005,43.74
02/18/2005,43.84
02/21/2005,43.82
02/22/2005,43.72
02/23/2005,43.72
02/24/2005,43.70
02/25/2005,43.70
02/28/2005,43.64
03/01/2005,43.72
03/02/2005,43.70
03/03/2005,43.65
03/04/2005,43.71
03/07/2005,43.69
03/09/2005,43.67
03/10/2005,43.58
03/11/2005,43.58
03/14/2005,43.52
03/15/2005,43.55
03/16/2005,43.62
03/17/2005,43.63
03/18/2005,43.69
03/21/2005,43.67
03/22/2005,43.77
03/23/2005,43.74
03/24/2005,43.83
03/28/2005,43.81
03/29/2005,43.79
03/30/2005,43.82
03/31/2005,43.75
04/04/2005,43.76
04/05/2005,43.81
04/06/2005,43.76
04/07/2005,43.74
04/08/2005,43.77
04/11/2005,43.74
04/12/2005,43.70
04/13/2005,43.75
04/15/2005,43.83
04/19/2005,43.76
04/20/2005,43.76
04/21/2005,43.75
04/25/2005,43.71
04/26/2005,43.69
04/27/2005,43.71
04/28/2005,43.71
04/29/2005,43.65
05/02/2005,43.57
05/03/2005,43.60
05/04/2005,43.54
05/05/2005,43.41
05/06/2005,43.44
05/09/2005,43.51
05/10/2005,43.45
05/11/2005,43.37
05/12/2005,43.30
05/13/2005,43.43
05/16/2005,43.49
05/17/2005,43.43
05/18/2005,43.56
05/19/2005,43.45
05/20/2005,43.50
05/24/2005,43.49
05/25/2005,43.51
05/26/2005,43.52
05/27/2005,43.52
05/30/2005,43.54
05/31/2005,43.69
06/01/2005,43.72
06/02/2005,43.76
06/03/2005,43.66
06/06/2005,43.60
06/07/2005,43.53
06/08/2005,43.53
06/09/2005,43.55
06/10/2005,43.56
06/13/2005,43.62
06/14/2005,43.65
06/15/2005,43.66
06/16/2005,43.61
06/17/2005,43.59
06/20/2005,43.54
06/21/2005,43.61
06/22/2005,43.50
06/23/2005,43.53
06/24/2005,43.56
06/27/2005,43.49
06/28/2005,43.56
06/29/2005,43.55
06/30/2005,43.51
07/01/2005,43.53
07/04/2005,43.56
07/05/2005,43.57
07/06/2005,43.57
07/07/2005,43.64
07/08/2005,43.63
07/11/2005,43.56
07/12/2005,43.53
07/13/2005,43.52
07/14/2005,43.53
07/15/2005,43.52
07/18/2005,43.54
07/19/2005,43.56
07/20/2005,43.54
07/21/2005,43.51
07/22/2005,43.39
07/25/2005,43.50
07/26/2005,43.52
07/29/2005,43.49
08/01/2005,43.45
08/02/2005,43.46
08/03/2005,43.51
08/04/2005,43.51
08/05/2005,43.50
08/08/2005,43.55
08/09/2005,43.55
08/10/2005,43.53
08/11/2005,43.58
08/12/2005,43.60
08/16/2005,43.54
08/17/2005,43.54
08/18/2005,43.56
08/19/2005,43.58
08/22/2005,43.59
08/23/2005,43.67
08/24/2005,43.72
08/25/2005,43.76
08/26/2005,43.73
08/29/2005,43.78
08/30/2005,44.02
08/31/2005,44.04
09/01/2005,44.12
09/02/2005,43.95
09/05/2005,43.74
09/06/2005,43.86
09/08/2005,43.86
09/09/2005,43.81
09/12/2005,43.82
09/13/2005,43.88
09/14/2005,43.92
09/15/2005,43.94
09/16/2005,43.87
09/19/2005,43.90
09/20/2005,43.91
09/21/2005,43.92
09/22/2005,43.90
09/23/2005,43.93
09/26/2005,43.95
09/27/2005,43.98
09/28/2005,44.08
09/29/2005,43.99
10/03/2005,44.09
10/04/2005,44.13
10/05/2005,44.31
10/06/2005,44.26
10/07/2005,44.32
10/10/2005,44.62
10/11/2005,44.94
10/13/2005,44.89
10/14/2005,44.89
10/17/2005,44.82
10/18/2005,45.11
10/19/2005,44.32
10/20/2005,45.20
10/21/2005,45.09
10/24/2005,45.14
10/25/2005,45.12
10/26/2005,44.94
10/27/2005,45.06
10/28/2005,45.09
10/31/2005,45.11
11/02/2005,45.18
11/03/2005,45.27
11/04/2005,45.41
11/07/2005,45.67
11/08/2005,45.99
11/09/2005,45.80
11/10/2005,45.81
11/11/2005,45.77
11/14/2005,45.67
11/16/2005,45.82
11/17/2005,45.77
11/18/2005,45.74
11/21/2005,45.78
11/22/2005,45.85
11/23/2005,45.74
11/24/2005,45.72
11/25/2005,45.78
11/28/2005,45.94
11/29/2005,45.92
11/30/2005,45.94
12/01/2005,45.99
12/02/2005,46.12
12/05/2005,46.28
12/06/2005,46.18
12/07/2005,46.17
12/08/2005,46.33
12/09/2005,46.22
12/12/2005,46.20
12/13/2005,46.06
12/14/2005,45.84
12/15/2005,45.50
12/16/2005,45.38
12/19/2005,45.24
12/20/2005,45.03
12/21/2005,45.37
12/22/2005,45.32
12/23/2005,45.16
12/26/2005,45.12
12/27/2005,45.20
12/28/2005,45.26
12/29/2005,45.16
12/30/2005,45.07
01/02/2006,45.05
01/03/2006,44.95
01/04/2006,44.85
01/05/2006,44.67
01/06/2006,44.66
01/09/2006,44.28
01/10/2006,44.38
01/12/2006,44.15
01/13/2006,44.26
01/16/2006,44.17
01/17/2006,44.31
01/18/2006,44.51
01/19/2006,44.36
01/20/2006,44.36
01/23/2006,44.15
01/24/2006,44.21
01/25/2006,44.29
01/27/2006,44.15
01/30/2006,44.14
01/31/2006,44.07
02/01/2006,44.15
02/02/2006,44.31
02/03/2006,44.23
02/06/2006,44.20
02/07/2006,44.27
02/08/2006,44.20
02/10/2006,44.21
02/13/2006,44.26
02/14/2006,44.22
02/15/2006,44.27
02/16/2006,44.30
02/17/2006,44.46
02/20/2006,44.43
02/21/2006,44.40
02/22/2006,44.51
02/23/2006,44.56
02/24/2006,44.45
02/27/2006,44.42
02/28/2006,44.44
03/01/2006,44.35
03/02/2006,44.34
03/03/2006,44.36
03/06/2006,44.32
03/07/2006,44.33
03/08/2006,44.42
03/09/2006,44.55
03/10/2006,44.50
03/13/2006,44.53
03/14/2006,44.47
03/16/2006,44.41
03/17/2006,44.42
03/20/2006,44.44
03/21/2006,44.38
03/22/2006,44.47
03/23/2006,44.55
03/24/2006,44.66
03/27/2006,44.66
03/28/2006,44.66
03/29/2006,44.69
03/31/2006,44.61
04/03/2006,44.61
04/04/2006,44.61
04/05/2006,44.69
04/07/2006,44.63
04/10/2006,44.74
04/12/2006,44.93
04/13/2006,45.30
04/17/2006,45.15
04/18/2006,45.15
04/19/2006,45.14
04/20/2006,45.15
04/21/2006,45.09
04/24/2006,45.06
04/25/2006,44.83
04/26/2006,45.03
04/27/2006,45.06
04/28/2006,44.97
05/02/2006,44.90
05/03/2006,44.86
05/04/2006,44.97
05/05/2006,44.88
05/08/2006,44.88
05/09/2006,44.96
05/10/2006,44.93
05/11/2006,45.07
05/12/2006,45.05
05/15/2006,45.39
05/16/2006,45.61
05/17/2006,45.34
05/18/2006,45.48
05/19/2006,45.46
05/22/2006,45.68
05/23/2006,45.52
05/24/2006,45.73
05/25/2006,45.85
05/26/2006,45.85
05/29/2006,45.97
05/30/2006,46.19
05/31/2006,46.43
06/01/2006,46.22
06/02/2006,46.17
06/05/2006,45.82
06/06/2006,45.92
06/07/2006,45.93
06/08/2006,46.06
06/09/2006,45.92
06/12/2006,45.88
06/13/2006,46.04
06/14/2006,45.98
06/15/2006,45.91
06/16/2006,45.92
06/19/2006,45.89
06/20/2006,45.91
06/21/2006,45.92
06/22/2006,46.01
06/23/2006,46.20
06/26/2006,46.34
06/27/2006,46.36
06/28/2006,46.40
06/29/2006,46.34
06/30/2006,46.08
07/03/2006,45.98
07/04/2006,46.01
07/05/2006,46.03
07/06/2006,46.15
07/07/2006,46.12
07/10/2006,46.06
07/11/2006,46.21
07/12/2006,46.21
07/13/2006,46.29
07/14/2006,46.43
07/17/2006,46.44
07/18/2006,46.73
07/19/2006,46.95
07/20/2006,46.84
07/21/2006,46.83
07/24/2006,46.93
07/25/2006,46.81
07/26/2006,46.85
07/27/2006,46.64
07/28/2006,46.56
07/31/2006,46.51
08/01/2006,46.65
08/02/2006,46.56
08/03/2006,46.72
08/04/2006,46.54
08/07/2006,46.49
08/08/2006,46.59
08/09/2006,46.53
08/10/2006,46.43
08/11/2006,46.52
08/14/2006,46.56
08/16/2006,46.55
08/17/2006,46.46
08/18/2006,46.48
08/21/2006,46.45
08/22/2006,46.52
08/23/2006,46.56
08/24/2006,46.50
08/25/2006,46.61
08/28/2006,46.56
08/29/2006,46.52
08/30/2006,46.51
08/31/2006,46.55
09/01/2006,46.53
09/04/2006,46.44
09/05/2006,46.22
09/06/2006,46.21
09/07/2006,46.10
09/08/2006,46.20
09/11/2006,46.27
09/12/2006,46.34
09/13/2006,46.22
09/14/2006,46.15
09/15/2006,46.13
09/18/2006,46.12
09/19/2006,46.11
09/20/2006,46.05
09/21/2006,45.88
09/22/2006,45.94
09/25/2006,45.86
09/26/2006,45.97
09/27/2006,45.92
09/28/2006,45.92
09/29/2006,45.96
10/03/2006,45.84
10/04/2006,45.69
10/05/2006,45.71
10/06/2006,45.61
10/09/2006,45.72
10/10/2006,45.74
10/11/2006,45.76
10/12/2006,45.60
10/13/2006,45.49
10/16/2006,45.46
10/17/2006,45.36
10/18/2006,45.26
10/19/2006,45.32
10/20/2006,45.31
10/23/2006,45.40
10/26/2006,45.30
10/27/2006,45.22
10/30/2006,45.09
10/31/2006,45.02
11/01/2006,44.93
11/02/2006,44.93
11/03/2006,44.84
11/06/2006,44.86
11/07/2006,44.83
11/08/2006,44.68
11/09/2006,44.65
11/10/2006,44.45
11/13/2006,44.90
11/14/2006,45.16
11/15/2006,45.34
11/16/2006,45.17
11/17/2006,45.01
11/20/2006,44.86
11/21/2006,44.99
11/22/2006,44.75
11/23/2006,44.70
11/24/2006,44.87
11/27/2006,44.64
11/28/2006,44.74
11/29/2006,44.65
11/30/2006,44.76
12/01/2006,44.67
12/04/2006,44.59
12/05/2006,44.56
12/06/2006,44.51
12/07/2006,44.66
12/08/2006,44.69
12/11/2006,44.76
12/12/2006,44.82
12/13/2006,44.83
12/14/2006,44.74
12/15/2006,44.66
12/18/2006,44.79
12/19/2006,44.83
12/20/2006,44.74
12/21/2006,44.73
12/22/2006,44.59
12/26/2006,44.54
12/27/2006,44.39
12/28/2006,44.36
12/29/2006,44.23
01/02/2007,44.20
01/03/2007,44.33
01/04/2007,44.42
01/05/2007,44.30
01/08/2007,44.42
01/09/2007,44.47
01/10/2007,44.53
01/11/2007,44.56
01/12/2007,44.61
01/15/2007,44.31
01/16/2007,44.32
01/17/2007,44.27
01/18/2007,44.25
01/19/2007,44.34
01/22/2007,44.21
01/23/2007,44.21
01/24/2007,44.23
01/25/2007,44.24
01/29/2007,44.27
01/31/2007,44.17
02/02/2007,44.11
02/05/2007,44.11
02/06/2007,44.13
02/07/2007,44.09
02/08/2007,44.12
02/09/2007,44.06
02/12/2007,44.18
02/13/2007,44.17
02/14/2007,44.16
02/15/2007,44.09
02/19/2007,44.07
02/20/2007,44.20
02/21/2007,44.19
02/22/2007,44.25
02/23/2007,44.28
02/26/2007,44.17
02/27/2007,44.20
02/28/2007,44.31
03/01/2007,44.27
03/02/2007,44.28
03/05/2007,44.49
03/06/2007,44.56
03/07/2007,44.50
03/08/2007,44.44
03/09/2007,44.27
03/12/2007,44.22
03/13/2007,44.22
03/14/2007,44.31
03/15/2007,44.22
03/16/2007,44.17
03/20/2007,43.98
03/21/2007,43.63
03/22/2007,43.66
03/23/2007,43.70
03/26/2007,43.39
03/28/2007,43.14
03/29/2007,43.47
03/30/2007,43.59
04/03/2007,43.13
04/04/2007,42.90
04/05/2007,43.15
04/09/2007,42.88
04/10/2007,42.86
04/11/2007,42.87
04/12/2007,42.86
04/13/2007,42.74
04/16/2007,42.30
04/17/2007,41.73
04/18/2007,41.89
04/19/2007,42.15
04/20/2007,41.99
04/23/2007,41.67
04/24/2007,41.64
04/25/2007,40.97
04/26/2007,40.78
04/27/2007,41.07
04/30/2007,41.29
05/03/2007,41.18
05/04/2007,40.90
05/07/2007,40.57
05/08/2007,40.78
05/09/2007,40.91
05/10/2007,41.00
05/11/2007,41.34
05/14/2007,40.93
05/15/2007,40.87
05/16/2007,40.84
05/17/2007,40.84
05/18/2007,40.90
05/21/2007,40.60
05/22/2007,40.64
05/23/2007,40.55
05/24/2007,40.57
05/25/2007,40.60
05/28/2007,40.53
05/29/2007,40.45
05/30/2007,40.64
05/31/2007,40.73
06/01/2007,40.54
06/04/2007,40.47
06/05/2007,40.56
06/06/2007,40.55
06/07/2007,40.63
06/08/2007,40.98
06/11/2007,40.91
06/12/2007,40.73
06/13/2007,40.93
06/14/2007,40.84
06/15/2007,40.97
06/18/2007,40.76
06/19/2007,40.70
06/20/2007,40.82
06/21/2007,40.75
06/22/2007,40.71
06/25/2007,40.81
06/26/2007,40.95
06/27/2007,41.01
06/28/2007,40.84
06/29/2007,40.75
07/02/2007,40.66
07/03/2007,40.58
07/04/2007,40.49
07/05/2007,40.46
07/06/2007,40.46
07/09/2007,40.41
07/10/2007,40.41
07/11/2007,40.38
07/12/2007,40.38
07/13/2007,40.47
07/16/2007,40.37
07/17/2007,40.36
07/18/2007,40.40
07/19/2007,40.39
07/20/2007,40.33
07/23/2007,40.34
07/24/2007,40.24
07/25/2007,40.30
07/26/2007,40.27
07/27/2007,40.48
07/30/2007,40.54
07/31/2007,40.44
08/01/2007,40.55
08/02/2007,40.43
08/03/2007,40.36
08/06/2007,40.45
08/07/2007,40.37
08/08/2007,40.58
08/09/2007,40.40
08/10/2007,40.67
08/13/2007,40.56
08/14/2007,40.69
08/16/2007,41.09
08/17/2007,41.57
08/21/2007,41.06
08/22/2007,41.01
08/23/2007,40.86
08/24/2007,41.18
08/27/2007,40.98
08/28/2007,41.12
08/29/2007,41.24
08/30/2007,41.04
08/31/2007,40.96
09/03/2007,40.88
09/04/2007,40.91
09/05/2007,40.94
09/06/2007,40.85
09/07/2007,40.71
09/10/2007,40.63
09/11/2007,40.58
09/12/2007,40.49
09/13/2007,40.44
09/14/2007,40.45
09/17/2007,40.47
09/18/2007,40.59
09/19/2007,40.26
09/20/2007,39.91
09/21/2007,39.87
09/24/2007,39.82
09/25/2007,39.81
09/26/2007,39.70
09/27/2007,39.75
09/28/2007,39.74
10/01/2007,39.73
10/03/2007,39.79
10/04/2007,39.56
10/05/2007,39.49
10/08/2007,39.43
10/09/2007,39.55
10/10/2007,39.34
10/11/2007,39.31
10/12/2007,39.33
10/15/2007,39.31
10/16/2007,39.31
10/17/2007,39.68
10/18/2007,39.47
10/19/2007,39.79
10/22/2007,39.79
10/23/2007,39.69
10/24/2007,39.57
10/25/2007,39.54
10/26/2007,39.51
10/29/2007,39.38
10/30/2007,39.40
10/31/2007,39.32
11/01/2007,39.32
11/02/2007,39.37
11/05/2007,39.32
11/06/2007,39.29
11/07/2007,39.27
11/08/2007,39.34
11/12/2007,39.33
11/13/2007,39.39
11/14/2007,39.33
11/15/2007,39.28
11/16/2007,39.35
11/19/2007,39.29
11/20/2007,39.34
11/21/2007,39.39
11/22/2007,39.41
11/23/2007,39.57
11/26/2007,39.68
11/27/2007,39.85
11/28/2007,39.68
11/29/2007,39.77
11/30/2007,39.67
12/03/2007,39.56
12/04/2007,39.43
12/05/2007,39.45
12/06/2007,39.47
12/07/2007,39.41
12/10/2007,39.38
12/11/2007,39.36
12/12/2007,39.36
12/13/2007,39.37
12/14/2007,39.35
12/17/2007,39.37
12/18/2007,39.57
12/19/2007,39.55
12/20/2007,39.57
12/24/2007,39.49
12/26/2007,39.39
12/27/2007,39.43
12/28/2007,39.44
12/31/2007,39.41
01/01/2008,39.42
01/02/2008,39.43
01/03/2008,39.45
01/04/2008,39.32
01/07/2008,39.28
01/08/2008,39.27
01/09/2008,39.29
01/10/2008,39.29
01/11/2008,39.29
01/14/2008,39.29
01/15/2008,39.27
01/16/2008,39.27
01/17/2008,39.29
01/18/2008,39.27
01/21/2008,39.38
01/22/2008,39.73
01/23/2008,39.56
01/24/2008,39.43
01/25/2008,39.40
01/28/2008,39.47
01/29/2008,39.40
01/30/2008,39.43
01/31/2008,39.39
02/01/2008,39.36
02/04/2008,39.38
02/05/2008,39.43
02/06/2008,39.60
02/07/2008,39.48
02/08/2008,39.55
02/11/2008,39.73
02/12/2008,39.65
02/13/2008,39.68
02/14/2008,39.65
02/15/2008,39.66
02/18/2008,39.66
02/19/2008,39.87
02/20/2008,40.15
02/21/2008,40.07
02/22/2008,39.98
02/25/2008,40.05
02/26/2008,39.91
02/27/2008,39.73
02/28/2008,39.81
02/29/2008,39.92
03/03/2008,40.26
03/04/2008,40.29
03/05/2008,40.29
03/07/2008,40.53
03/10/2008,40.67
03/11/2008,40.47
03/12/2008,40.36
03/13/2008,40.44
03/14/2008,40.45
03/17/2008,40.77
03/18/2008,40.62
03/19/2008,40.45
03/24/2008,40.34
03/25/2008,40.12
03/26/2008,40.14
03/27/2008,40.15
03/28/2008,40.10
03/31/2008,39.97
04/02/2008,39.98
04/03/2008,39.95
04/04/2008,39.97
04/07/2008,39.93
04/08/2008,40.02
04/09/2008,40.02
04/10/2008,39.95
04/11/2008,39.94
04/15/2008,39.96
04/16/2008,39.96
04/17/2008,39.94
04/21/2008,39.89
04/22/2008,39.94
04/23/2008,39.95
04/24/2008,40.04
04/25/2008,40.18
04/28/2008,40.14
04/29/2008,40.22
04/30/2008,40.46
05/02/2008,40.65
05/05/2008,40.55
05/06/2008,40.69
05/07/2008,41.20
05/08/2008,41.79
05/09/2008,41.38
05/12/2008,41.68
05/13/2008,42.16
05/14/2008,42.33
05/15/2008,42.40
05/16/2008,42.64
05/20/2008,42.67
05/21/2008,42.72
05/22/2008,43.15
05/23/2008,42.84
05/26/2008,42.56
05/27/2008,42.89
05/28/2008,42.85
05/29/2008,42.77
05/30/2008,42.59
06/02/2008,42.24
06/03/2008,42.53
06/04/2008,42.63
06/05/2008,42.86
06/06/2008,42.79
06/09/2008,42.89
06/10/2008,42.89
06/11/2008,42.89
06/12/2008,42.81
06/13/2008,42.87
06/16/2008,42.90
06/17/2008,42.92
06/18/2008,42.90
06/19/2008,42.93
06/20/2008,42.97
06/23/2008,42.97
06/24/2008,42.94
06/25/2008,42.82
06/26/2008,42.73
06/27/2008,42.79
06/30/2008,42.95
07/01/2008,43.27
07/02/2008,43.34
07/03/2008,43.30
07/04/2008,43.21
07/07/2008,43.12
07/08/2008,43.37
07/09/2008,43.13
07/10/2008,43.16
07/11/2008,42.72
07/14/2008,42.82
07/15/2008,43.17
07/16/2008,43.17
07/17/2008,42.94
07/18/2008,42.78
07/21/2008,42.71
07/22/2008,42.71
07/23/2008,42.33
07/24/2008,41.96
07/25/2008,42.23
07/28/2008,42.30
07/29/2008,42.54
07/30/2008,42.47
07/31/2008,42.49
08/01/2008,42.37
08/04/2008,42.40
08/05/2008,42.28
08/06/2008,42.00
08/07/2008,41.89
08/08/2008,42.20
08/11/2008,42.00
08/12/2008,42.40
08/13/2008,42.67
08/14/2008,42.82
08/18/2008,43.23
08/20/2008,43.72
08/21/2008,43.58
08/22/2008,43.38
08/25/2008,43.58
08/26/2008,44.07
08/27/2008,43.73
08/28/2008,43.73
08/29/2008,43.79
09/01/2008,44.21
09/02/2008,44.26
09/04/2008,44.45
09/05/2008,44.37
09/08/2008,44.26
09/09/2008,44.89
09/10/2008,45.12
09/11/2008,45.44
09/12/2008,45.77
09/15/2008,45.94
09/16/2008,46.63
09/17/2008,46.34
09/18/2008,46.71
09/19/2008,46.32
09/22/2008,45.40
09/23/2008,45.72
09/24/2008,45.83
09/25/2008,46.25
09/26/2008,46.43
09/29/2008,46.94
10/01/2008,46.96
10/03/2008,46.88
10/06/2008,47.76
10/07/2008,48.01
10/08/2008,48.74
10/10/2008,48.72
10/13/2008,48.14
10/14/2008,47.71
10/15/2008,48.43
10/16/2008,48.86
10/17/2008,48.68
10/20/2008,48.83
10/22/2008,49.29
10/23/2008,49.79
10/24/2008,49.95
10/27/2008,50.09
10/29/2008,49.77
10/31/2008,49.25
11/03/2008,48.96
11/04/2008,48.62
11/05/2008,47.18
11/06/2008,47.46
11/07/2008,47.76
11/10/2008,47.32
11/11/2008,47.59
11/12/2008,48.79
11/14/2008,49.46
11/17/2008,48.99
11/18/2008,49.68
11/19/2008,49.74
11/20/2008,50.52
11/21/2008,50.03
11/24/2008,50.09
11/25/2008,49.97
11/26/2008,49.85
11/28/2008,49.84
12/01/2008,50.09
12/02/2008,50.52
12/03/2008,49.90
12/04/2008,49.79
12/05/2008,49.69
12/08/2008,49.22
12/10/2008,49.12
12/11/2008,48.52
12/12/2008,48.71
12/15/2008,47.94
12/16/2008,47.82
12/17/2008,47.33
12/18/2008,47.28
12/19/2008,47.08
12/22/2008,47.39
12/23/2008,48.49
12/24/2008,48.99
12/26/2008,47.89
12/29/2008,48.76
12/30/2008,48.50
12/31/2008,48.45
01/01/2009,48.73
01/02/2009,48.89
01/05/2009,48.37
01/06/2009,48.68
01/07/2009,48.61
01/09/2009,48.92
01/12/2009,48.60
01/13/2009,48.91
01/14/2009,48.70
01/15/2009,49.08
01/16/2009,48.77
01/19/2009,48.56
01/20/2009,48.99
01/21/2009,49.12
01/22/2009,48.93
01/23/2009,49.19
01/27/2009,48.85
01/28/2009,48.87
01/29/2009,48.90
01/30/2009,49.02
02/02/2009,49.01
02/03/2009,48.80
02/04/2009,48.65
02/05/2009,48.82
02/06/2009,48.73
02/09/2009,48.60
02/10/2009,48.70
02/11/2009,48.82
02/12/2009,48.72
02/13/2009,48.72
02/16/2009,48.72
02/17/2009,49.16
02/18/2009,49.85
02/19/2009,49.85
02/24/2009,49.89
02/25/2009,49.82
02/26/2009,50.41
02/27/2009,50.73
03/02/2009,51.75
03/03/2009,51.66
03/04/2009,51.93
03/05/2009,52.06
03/06/2009,51.51
03/09/2009,51.80
03/12/2009,51.70
03/13/2009,51.67
03/16/2009,51.58
03/17/2009,51.25
03/18/2009,51.35
03/19/2009,50.77
03/20/2009,50.14
03/23/2009,50.52
03/24/2009,50.31
03/25/2009,50.83
03/26/2009,50.54
03/30/2009,51.08
03/31/2009,50.95
04/02/2009,50.30
04/06/2009,50.00
04/08/2009,50.53
04/09/2009,49.91
04/13/2009,49.86
04/15/2009,49.88
04/16/2009,49.49
04/17/2009,49.71
04/20/2009,49.95
04/21/2009,50.36
04/22/2009,50.20
04/23/2009,50.22
04/24/2009,49.94
04/27/2009,49.98
04/28/2009,50.44
04/29/2009,50.22
05/04/2009,49.68
05/05/2009,49.65
05/06/2009,49.50
05/07/2009,49.46
05/08/2009,49.25
05/11/2009,49.23
05/12/2009,49.59
05/13/2009,49.34
05/14/2009,49.83
05/15/2009,49.55
05/18/2009,48.17
05/19/2009,47.49
05/20/2009,47.71
05/21/2009,47.40
05/22/2009,47.19
05/25/2009,47.22
05/26/2009,47.63
05/27/2009,47.67
05/28/2009,47.83
05/29/2009,47.29
06/01/2009,46.99
06/02/2009,47.14
06/03/2009,46.84
06/04/2009,47.16
06/05/2009,47.08
06/08/2009,47.38
06/09/2009,47.59
06/10/2009,47.27
06/11/2009,47.42
06/12/2009,47.41
06/15/2009,47.94
06/16/2009,47.76
06/17/2009,47.91
06/18/2009,48.06
06/19/2009,48.13
06/22/2009,48.39
06/23/2009,48.91
06/24/2009,48.53
06/25/2009,48.53
06/26/2009,48.51
06/29/2009,48.20
06/30/2009,47.87
07/01/2009,48.09
07/02/2009,47.79
07/03/2009,47.99
07/06/2009,48.22
07/07/2009,48.52
07/08/2009,48.92
07/09/2009,48.92
07/10/2009,48.69
07/13/2009,49.40
07/14/2009,48.84
07/15/2009,48.72
07/16/2009,48.74
07/17/2009,48.69
07/20/2009,48.43
07/21/2009,48.27
07/22/2009,48.37
07/23/2009,48.44
07/24/2009,48.38
07/27/2009,48.21
07/28/2009,48.21
07/29/2009,48.47
07/30/2009,48.49
07/31/2009,48.16
08/03/2009,47.87
08/04/2009,47.54
08/05/2009,47.67
08/06/2009,47.58
08/07/2009,47.86
08/10/2009,47.81
08/11/2009,47.94
08/12/2009,48.35
08/13/2009,48.14
08/14/2009,48.27
08/17/2009,48.68
08/18/2009,48.74
08/20/2009,48.70
08/21/2009,48.74
08/24/2009,48.50
08/25/2009,48.79
08/26/2009,48.83
08/27/2009,48.98
08/28/2009,48.87
08/31/2009,48.88
09/01/2009,48.73
09/02/2009,49.06
09/03/2009,48.88
09/04/2009,48.89
09/07/2009,48.75
09/08/2009,48.65
09/09/2009,48.47
09/10/2009,48.37
09/11/2009,48.51
09/14/2009,48.70
09/15/2009,48.57
09/16/2009,48.36
09/17/2009,47.97
09/18/2009,48.18
09/22/2009,48.17
09/23/2009,47.96
09/24/2009,48.10
09/25/2009,47.98
09/29/2009,48.04
10/01/2009,47.86
10/05/2009,47.53
10/06/2009,47.16
10/07/2009,46.82
10/08/2009,46.28
10/09/2009,46.50
10/12/2009,46.58
10/14/2009,46.16
10/15/2009,45.91
10/16/2009,46.27
10/20/2009,46.04
10/21/2009,46.44
10/22/2009,46.66
10/23/2009,46.45
10/26/2009,46.58
10/27/2009,46.83
10/28/2009,47.15
10/29/2009,47.52
10/30/2009,46.96
11/03/2009,47.04
11/04/2009,47.13
11/05/2009,47.13
11/06/2009,46.82
11/09/2009,46.58
11/10/2009,46.53
11/11/2009,46.57
11/12/2009,46.50
11/13/2009,46.50
11/16/2009,46.09
11/17/2009,46.25
11/18/2009,46.26
11/19/2009,46.41
11/20/2009,46.58
11/23/2009,46.49
11/24/2009,46.60
11/25/2009,46.34
11/26/2009,46.27
11/27/2009,46.81
11/30/2009,46.48
12/01/2009,46.45
12/02/2009,46.27
12/03/2009,46.22
12/04/2009,46.25
12/07/2009,46.44
12/08/2009,46.67
12/09/2009,46.77
12/10/2009,46.72
12/11/2009,46.52
12/14/2009,46.66
12/15/2009,46.64
12/16/2009,46.68
12/17/2009,46.78
12/18/2009,46.85
12/21/2009,46.80
12/22/2009,46.80
12/23/2009,46.85
12/24/2009,46.76
12/29/2009,46.69
12/30/2009,46.73
12/31/2009,46.68
01/01/2010,46.65
01/04/2010,46.51
01/05/2010,46.20
01/06/2010,46.12
01/07/2010,45.87
01/08/2010,45.80
01/11/2010,45.36
01/12/2010,45.40
01/13/2010,45.68
01/14/2010,45.48
01/15/2010,45.67
01/18/2010,45.66
01/19/2010,45.62
01/20/2010,45.95
01/21/2010,45.97
01/22/2010,46.17
01/25/2010,46.18
01/27/2010,46.29
01/28/2010,46.31
01/29/2010,46.37
02/01/2010,46.34
02/02/2010,46.25
02/03/2010,46.04
02/04/2010,46.09
02/05/2010,46.56
02/08/2010,46.81
02/09/2010,46.68
02/10/2010,46.56
02/11/2010,46.46
02/15/2010,46.38
02/16/2010,46.18
02/17/2010,46.02
02/18/2010,46.22
02/19/2010,46.47
02/22/2010,46.16
02/23/2010,46.13
02/24/2010,46.25
02/25/2010,46.36
02/26/2010,46.23
03/02/2010,46.02
03/03/2010,45.90
03/04/2010,45.82
03/05/2010,45.78
03/08/2010,45.43
03/09/2010,45.54
03/10/2010,45.41
03/11/2010,45.47
03/12/2010,45.45
03/15/2010,45.58
03/17/2010,45.41
03/18/2010,45.49
03/19/2010,45.48
03/22/2010,45.49
03/23/2010,45.56
03/25/2010,45.63
03/26/2010,45.34
03/29/2010,45.08
03/30/2010,44.94
03/31/2010,45.14
04/05/2010,44.73
04/06/2010,44.45
04/07/2010,44.42
04/08/2010,44.69
04/09/2010,44.35
04/12/2010,44.35
04/13/2010,44.62
04/15/2010,44.38
04/16/2010,44.49
04/19/2010,44.60
04/20/2010,44.61
04/21/2010,44.41
04/22/2010,44.45
04/23/2010,44.54
04/26/2010,44.33
04/27/2010,44.45
04/28/2010,44.60
04/29/2010,44.57
04/30/2010,44.44
05/03/2010,44.56
05/04/2010,44.56
05/05/2010,44.87
05/06/2010,45.40
05/07/2010,45.58
05/10/2010,44.96
05/11/2010,45.14
05/12/2010,45.33
05/13/2010,44.99
05/14/2010,45.10
05/17/2010,45.72
05/18/2010,45.55
05/19/2010,46.00
05/20/2010,46.75
05/21/2010,46.95
05/24/2010,46.67
05/25/2010,47.40
05/26/2010,47.57
05/28/2010,46.54
05/31/2010,46.45
06/01/2010,46.69
06/02/2010,47.19
06/03/2010,46.52
06/04/2010,46.67
06/07/2010,47.28
06/08/2010,46.95
06/09/2010,46.98
06/10/2010,46.98
06/11/2010,46.82
06/14/2010,46.57
06/15/2010,46.73
06/16/2010,46.35
06/17/2010,46.50
06/18/2010,46.14
06/21/2010,45.64
06/22/2010,46.04
06/23/2010,46.31
06/24/2010,46.24
06/25/2010,46.54
06/28/2010,46.16
06/29/2010,46.52
06/30/2010,46.60
07/01/2010,46.68
07/02/2010,46.68
07/05/2010,46.69
07/06/2010,46.80
07/07/2010,47.08
07/08/2010,46.85
07/09/2010,46.75
07/12/2010,46.73
07/13/2010,46.93
07/14/2010,46.63
07/15/2010,46.74
07/16/2010,46.80
07/19/2010,47.08
07/20/2010,47.10
07/21/2010,47.25
07/22/2010,47.33
07/23/2010,47.00
07/26/2010,46.86
07/27/2010,46.76
07/28/2010,46.57
07/29/2010,46.63
07/30/2010,46.46
08/02/2010,46.19
08/03/2010,46.22
08/04/2010,46.22
08/05/2010,46.23
08/06/2010,46.02
08/09/2010,46.07
08/10/2010,46.30
08/11/2010,46.54
08/12/2010,46.94
08/13/2010,46.58
08/16/2010,46.78
08/17/2010,46.68
08/18/2010,46.64
08/20/2010,46.58
08/23/2010,46.61
08/24/2010,46.79
08/25/2010,46.93
08/26/2010,46.81
08/27/2010,46.86
08/30/2010,46.84
08/31/2010,47.08
09/01/2010,46.87
09/02/2010,46.78
09/03/2010,46.67
09/06/2010,46.48
09/07/2010,46.71
09/08/2010,46.70
09/09/2010,46.56
09/13/2010,46.31
09/14/2010,46.37
09/15/2010,46.37
09/16/2010,46.30
09/17/2010,45.97
09/20/2010,45.61
09/21/2010,45.73
09/22/2010,45.53
09/23/2010,45.59
09/24/2010,45.54
09/27/2010,45.04
09/28/2010,45.13
09/29/2010,44.92
10/01/2010,44.68
10/04/2010,44.37
10/05/2010,44.72
10/06/2010,44.30
10/07/2010,44.28
10/08/2010,44.38
10/11/2010,44.30
10/12/2010,44.74
10/13/2010,44.50
10/14/2010,44.18
10/15/2010,44.03
10/18/2010,44.26
10/19/2010,44.46
10/20/2010,44.29
10/21/2010,44.36
10/22/2010,44.46
10/25/2010,44.36
10/26/2010,44.43
10/27/2010,44.52
10/28/2010,44.49
10/29/2010,44.54
11/01/2010,44.42
11/02/2010,44.43
11/03/2010,44.36
11/04/2010,44.32
11/08/2010,44.26
11/09/2010,44.40
11/10/2010,44.39
11/11/2010,44.25
11/12/2010,44.64
11/15/2010,45.14
11/16/2010,45.22
11/18/2010,45.45
11/19/2010,45.26
11/22/2010,45.29
11/23/2010,45.61
11/24/2010,45.66
11/25/2010,45.64
11/26/2010,45.74
11/29/2010,45.81
11/30/2010,46.04
12/01/2010,45.70
12/02/2010,45.37
12/03/2010,45.09
12/06/2010,44.85
12/07/2010,44.84
12/08/2010,45.12
12/09/2010,45.17
12/10/2010,45.22
12/13/2010,45.25
12/14/2010,45.01
12/15/2010,45.32
12/16/2010,45.39
12/20/2010,45.38
12/21/2010,45.26
12/22/2010,45.13
12/23/2010,45.02
12/24/2010,45.23
12/27/2010,45.15
12/28/2010,45.17
12/29/2010,45.12
12/30/2010,44.90
12/31/2010,44.81
01/03/2011,44.67
01/04/2011,44.84
01/05/2011,45.20
01/06/2011,45.31
01/07/2011,45.37
01/10/2011,45.44
01/11/2011,45.32
01/12/2011,45.16
01/13/2011,45.13
01/14/2011,45.30
01/17/2011,45.59
01/18/2011,45.53
01/19/2011,45.38
01/20/2011,45.58
01/21/2011,45.70
01/24/2011,45.58
01/25/2011,45.53
01/27/2011,45.57
01/28/2011,45.74
01/31/2011,45.95
02/01/2011,45.81
02/02/2011,45.63
02/03/2011,45.63
02/04/2011,45.64
02/07/2011,45.59
02/08/2011,45.39
02/09/2011,45.33
02/10/2011,45.58
02/11/2011,45.76
02/14/2011,45.50
02/15/2011,45.45
02/17/2011,45.38
02/18/2011,45.18
02/21/2011,45.11
02/22/2011,45.20
02/23/2011,45.20
02/24/2011,45.37
02/25/2011,45.37
02/28/2011,45.18
03/01/2011,45.12
03/03/2011,44.96
03/04/2011,44.99
03/07/2011,45.13
03/08/2011,45.03
03/09/2011,45.02
03/10/2011,45.11
03/11/2011,45.21
03/14/2011,45.15
03/15/2011,45.27
03/16/2011,45.18
03/17/2011,45.24
03/18/2011,45.09
03/21/2011,45.05
03/22/2011,44.97
03/23/2011,44.96
03/24/2011,44.77
03/25/2011,44.65
03/28/2011,44.78
03/29/2011,44.67
03/30/2011,44.77
03/31/2011,44.65
04/05/2011,44.45
04/06/2011,44.20
04/07/2011,44.22
04/08/2011,44.04
04/11/2011,44.20
04/13/2011,44.48
04/15/2011,44.52
04/18/2011,44.27
04/19/2011,44.68
04/20/2011,44.38
04/21/2011,44.30
04/25/2011,44.45
04/26/2011,44.59
04/27/2011,44.40
04/28/2011,44.33
04/29/2011,44.38
05/02/2011,44.30
05/03/2011,44.34
05/04/2011,44.59
05/05/2011,44.57
05/06/2011,44.78
05/09/2011,44.70
05/10/2011,44.73
05/11/2011,44.69
05/12/2011,44.79
05/13/2011,44.91
05/16/2011,45.07
05/18/2011,45.08
05/19/2011,44.98
05/20/2011,44.93
05/23/2011,45.28
05/24/2011,45.25
05/25/2011,45.38
05/26/2011,45.29
05/27/2011,45.21
05/30/2011,45.10
05/31/2011,45.03
06/01/2011,44.89
06/02/2011,44.94
06/03/2011,44.85
06/06/2011,44.72
06/07/2011,44.74
06/08/2011,44.61
06/09/2011,44.72
06/10/2011,44.72
06/13/2011,44.87
06/14/2011,44.77
06/15/2011,44.68
06/16/2011,44.90
06/17/2011,44.93
06/20/2011,44.99
06/21/2011,44.91
06/22/2011,44.82
06/23/2011,44.93
06/24/2011,44.94
06/27/2011,45.10
06/28/2011,45.05
06/29/2011,44.94
06/30/2011,44.72
07/01/2011,44.59
07/04/2011,44.46
07/05/2011,44.50
07/06/2011,44.38
07/07/2011,44.42
07/08/2011,44.33
07/11/2011,44.37
07/12/2011,44.69
07/13/2011,44.59
07/14/2011,44.53
07/15/2011,44.53
07/18/2011,44.57
07/19/2011,44.59
07/20/2011,44.46
07/21/2011,44.43
07/22/2011,44.38
07/25/2011,44.42
07/26/2011,44.29
07/27/2011,43.95
07/28/2011,44.13
07/29/2011,44.16
08/01/2011,44.05
08/02/2011,44.23
08/03/2011,44.38
08/04/2011,44.42
08/05/2011,44.80
08/08/2011,44.96
08/09/2011,45.17
08/10/2011,45.21
08/11/2011,45.27
08/12/2011,45.37
08/16/2011,45.25
08/17/2011,45.37
08/18/2011,45.61
08/22/2011,45.95
08/23/2011,45.69
08/24/2011,45.77
08/25/2011,46.13
08/26/2011,46.05
08/29/2011,45.87
08/30/2011,46.02
09/02/2011,45.90
09/05/2011,45.94
09/06/2011,46.13
09/07/2011,46.02
09/08/2011,46.18
09/09/2011,46.38
09/12/2011,46.97
09/13/2011,47.10
09/14/2011,47.81
09/15/2011,47.84
09/16/2011,47.47
09/19/2011,47.79
09/20/2011,48.22
09/21/2011,47.89
09/22/2011,48.82
09/23/2011,49.67
09/26/2011,49.62
09/27/2011,49.18
09/28/2011,48.91
09/29/2011,48.93
10/03/2011,49.42
10/04/2011,49.23
10/05/2011,49.19
10/07/2011,49.14
10/10/2011,49.07
10/11/2011,49.03
10/12/2011,49.24
10/13/2011,49.02
10/14/2011,49.07
10/17/2011,48.89
10/18/2011,49.14
10/19/2011,49.18
10/20/2011,49.71
10/21/2011,50.07
10/24/2011,49.87
10/25/2011,49.66
10/28/2011,48.82
10/31/2011,48.87
11/01/2011,49.08
11/02/2011,49.25
11/03/2011,49.37
11/04/2011,49.08
11/08/2011,49.38
11/09/2011,49.78
11/11/2011,50.28
11/14/2011,50.08
11/15/2011,50.56
11/16/2011,50.90
11/17/2011,50.72
11/18/2011,51.35
11/21/2011,51.72
11/22/2011,52.70
11/23/2011,52.10
11/24/2011,52.25
11/25/2011,52.17
11/28/2011,51.98
11/29/2011,51.93
11/30/2011,52.16
12/01/2011,51.65
12/02/2011,51.35
12/05/2011,51.39
12/07/2011,51.45
12/08/2011,51.78
12/09/2011,52.23
12/12/2011,52.42
12/13/2011,53.40
12/14/2011,53.58
12/15/2011,54.24
12/16/2011,52.81
12/19/2011,52.96
12/20/2011,53.03
12/21/2011,52.67
12/22/2011,52.78
12/23/2011,52.72
12/26/2011,52.82
12/27/2011,52.89
12/28/2011,53.21
12/29/2011,53.36
12/30/2011,53.27
01/02/2012,53.30
01/03/2012,53.23
01/04/2012,53.14
01/05/2012,52.78
01/06/2012,52.78
01/09/2012,52.73
01/10/2012,52.23
01/11/2012,51.75
01/12/2012,51.83
01/13/2012,51.43
01/16/2012,51.65
01/17/2012,51.06
01/18/2012,50.67
01/19/2012,50.29
01/20/2012,50.33
01/23/2012,50.24
01/24/2012,49.97
01/25/2012,50.02
01/27/2012,49.65
01/30/2012,49.50
01/31/2012,49.68
02/01/2012,49.53
02/02/2012,49.13
02/03/2012,48.96
02/06/2012,48.68
02/07/2012,48.91
02/08/2012,49.07
02/09/2012,49.29
02/10/2012,49.64
02/13/2012,49.32
02/14/2012,49.33
02/15/2012,49.25
02/17/2012,49.21
02/21/2012,49.08
02/22/2012,49.25
02/23/2012,49.24
02/24/2012,49.06
02/27/2012,49.05
02/28/2012,49.14
02/29/2012,48.94
03/01/2012,49.15
03/02/2012,49.35
03/05/2012,49.80
03/06/2012,50.03
03/07/2012,50.57
03/09/2012,50.02
03/12/2012,49.94
03/13/2012,49.84
03/14/2012,49.90
03/15/2012,50.22
03/16/2012,50.31
03/19/2012,50.12
03/20/2012,50.25
03/21/2012,50.59
03/22/2012,50.91
03/26/2012,51.31
03/27/2012,50.91
03/28/2012,50.92
03/29/2012,51.15
03/30/2012,51.16
04/03/2012,50.56
04/04/2012,51.05
04/09/2012,51.28
04/10/2012,51.20
04/11/2012,51.55
04/12/2012,51.44
04/13/2012,51.42
04/16/2012,51.66
04/17/2012,51.63
04/18/2012,51.50
04/19/2012,51.89
04/20/2012,52.00
04/23/2012,52.23
04/24/2012,52.79
04/25/2012,52.48
04/26/2012,52.57
04/27/2012,52.68
04/30/2012,52.52
05/02/2012,52.93
05/03/2012,53.24
05/04/2012,53.72
05/07/2012,53.34
05/08/2012,52.85
05/09/2012,53.46
05/10/2012,53.34
05/11/2012,53.64
05/14/2012,53.71
05/15/2012,53.84
05/16/2012,54.29
05/17/2012,54.39
05/18/2012,54.88
05/21/2012,54.68
05/22/2012,54.88
05/23/2012,55.93
05/24/2012,56.29
05/25/2012,55.73
05/28/2012,55.26
05/29/2012,55.58
05/30/2012,56.01
05/31/2012,56.42
06/01/2012,55.92
06/04/2012,55.52
06/05/2012,55.56
06/06/2012,55.50
06/07/2012,55.15
06/08/2012,55.36
06/11/2012,55.24
06/12/2012,56.05
06/13/2012,55.85
06/14/2012,55.79
06/15/2012,55.76
06/18/2012,55.60
06/19/2012,56.01
06/20/2012,55.86
06/21/2012,56.42
06/22/2012,56.99
06/25/2012,56.53
06/26/2012,57.07
06/27/2012,57.22
06/28/2012,56.92
06/29/2012,56.31
07/02/2012,55.83
07/03/2012,54.81
07/04/2012,54.55
07/05/2012,55.02
07/06/2012,55.41
07/09/2012,56.02
07/10/2012,55.81
07/11/2012,55.37
07/12/2012,55.70
07/13/2012,55.66
07/16/2012,54.92
07/17/2012,55.15
07/18/2012,55.34
07/19/2012,55.38
07/20/2012,55.15
07/23/2012,55.76
07/24/2012,56.02
07/25/2012,56.38
07/26/2012,55.95
07/27/2012,55.41
07/30/2012,55.44
07/31/2012,55.81
08/01/2012,55.48
08/02/2012,55.78
08/03/2012,56.08
08/06/2012,55.47
08/07/2012,55.50
08/08/2012,55.15
08/09/2012,55.17
08/10/2012,55.34
08/13/2012,55.42
08/14/2012,55.64
08/16/2012,55.99
08/17/2012,55.70
08/21/2012,55.54
08/22/2012,55.51
08/23/2012,55.19
08/24/2012,55.38
08/27/2012,55.59
08/28/2012,55.78
08/29/2012,55.67
08/30/2012,55.65
08/31/2012,55.72
09/03/2012,55.45
09/04/2012,55.54
09/05/2012,55.90
09/06/2012,55.97
09/07/2012,55.52
09/10/2012,55.34
09/11/2012,55.52
09/12/2012,55.26
09/13/2012,55.44
09/14/2012,54.73
09/17/2012,53.97
09/18/2012,54.26
09/20/2012,54.34
09/21/2012,53.91
09/24/2012,53.29
09/25/2012,53.53
09/26/2012,53.58
09/27/2012,53.26
09/28/2012,52.70
10/01/2012,52.78
10/03/2012,52.33
10/04/2012,51.98
10/05/2012,51.62
10/08/2012,52.21
10/09/2012,52.38
10/10/2012,53.04
10/11/2012,53.07
10/12/2012,52.70
10/15/2012,53.12
10/16/2012,52.82
10/17/2012,52.75
10/18/2012,52.97
10/19/2012,53.72
10/22/2012,53.67
10/23/2012,53.59
10/25/2012,53.63
10/29/2012,53.81
10/30/2012,54.16
10/31/2012,54.12
11/01/2012,53.78
11/02/2012,53.66
11/05/2012,54.08
11/06/2012,54.60
11/07/2012,54.25
11/08/2012,54.44
11/09/2012,54.34
11/12/2012,54.93
11/15/2012,54.96
11/16/2012,54.99
11/19/2012,54.97
11/20/2012,54.91
11/21/2012,55.20
11/22/2012,55.16
11/23/2012,55.34
11/26/2012,55.69
11/27/2012,55.70
11/29/2012,55.20
11/30/2012,54.53
12/03/2012,54.56
12/04/2012,54.95
12/05/2012,54.57
12/06/2012,54.47
12/07/2012,54.20
12/10/2012,54.34
12/11/2012,54.32
12/12/2012,54.27
12/13/2012,54.23
12/14/2012,54.39
12/17/2012,54.63
12/18/2012,54.85
12/19/2012,54.74
12/20/2012,54.84
12/21/2012,55.09
12/24/2012,55.09
12/26/2012,54.96
12/27/2012,54.85
12/28/2012,54.85
12/31/2012,54.78
01/01/2013,54.83
01/02/2013,54.39
01/03/2013,54.42
01/04/2013,54.85
01/07/2013,54.98
01/08/2013,55.33
01/09/2013,54.96
01/10/2013,54.63
01/11/2013,54.54
01/14/2013,54.64
01/15/2013,54.54
01/16/2013,54.83
01/17/2013,54.64
01/18/2013,53.95
01/21/2013,53.87
01/22/2013,53.51
01/23/2013,53.77
01/24/2013,53.85
01/28/2013,53.89
01/29/2013,53.70
01/30/2013,53.57
01/31/2013,53.29
02/01/2013,53.32
02/04/2013,52.97
02/05/2013,53.29
02/06/2013,53.09
02/07/2013,53.14
02/08/2013,53.57
02/11/2013,53.68
02/12/2013,53.96
02/13/2013,53.85
02/14/2013,53.87
02/15/2013,53.99
02/18/2013,54.29
02/20/2013,54.05
02/21/2013,54.48
02/22/2013,54.43
02/25/2013,54.04
02/26/2013,54.06
02/27/2013,53.84
02/28/2013,53.77
03/01/2013,54.48
03/04/2013,55.05
03/05/2013,54.65
03/06/2013,54.71
03/07/2013,54.74
03/08/2013,54.40
03/11/2013,54.29
03/12/2013,54.34
03/13/2013,54.11
03/14/2013,54.44
03/15/2013,54.16
03/18/2013,54.29
03/19/2013,54.26
03/20/2013,54.38
03/21/2013,54.28
03/22/2013,54.34
03/25/2013,54.10
03/26/2013,54.27
03/28/2013,54.39
04/02/2013,54.33
04/03/2013,54.39
04/04/2013,54.65
04/08/2013,54.72
04/09/2013,54.46
04/10/2013,54.53
04/12/2013,54.44
04/15/2013,54.63
04/16/2013,54.33
04/17/2013,53.94
04/18/2013,54.03
04/22/2013,54.17
04/23/2013,54.30
04/25/2013,54.17
04/26/2013,54.29
04/29/2013,54.28
04/30/2013,54.22
05/02/2013,53.74
05/03/2013,53.95
05/06/2013,53.95
05/07/2013,54.28
05/08/2013,54.16
05/09/2013,54.24
05/10/2013,54.54
05/13/2013,54.91
05/14/2013,54.63
05/15/2013,54.78
05/16/2013,54.77
05/17/2013,54.89
05/20/2013,55.04
05/21/2013,55.04
05/22/2013,55.52
05/23/2013,55.99
05/24/2013,55.61
05/27/2013,55.62
05/28/2013,55.74
05/29/2013,56.24
05/30/2013,56.10
05/31/2013,56.50
06/03/2013,56.57
06/04/2013,56.64
06/05/2013,56.42
06/06/2013,56.87
06/07/2013,56.74
06/10/2013,57.78
06/11/2013,58.93
06/12/2013,58.27
06/13/2013,58.41
06/14/2013,57.74
06/17/2013,57.73
06/18/2013,58.45
06/19/2013,58.74
06/20/2013,59.70
06/21/2013,59.35
06/24/2013,59.73
06/25/2013,59.70
06/26/2013,59.85
06/27/2013,60.59
06/28/2013,59.70
07/01/2013,59.15
07/02/2013,59.41
07/03/2013,60.10
07/04/2013,60.09
07/05/2013,60.34
07/08/2013,61.05
07/09/2013,60.07
07/10/2013,60.13
07/11/2013,59.64
07/12/2013,59.90
07/15/2013,60.05
07/16/2013,59.39
07/17/2013,59.36
07/18/2013,59.71
07/19/2013,59.80
07/22/2013,59.41
07/23/2013,59.69
07/24/2013,59.45
07/25/2013,58.94
07/26/2013,58.91
07/29/2013,59.30
07/30/2013,59.83
07/31/2013,61.12
08/01/2013,60.74
08/02/2013,60.80
08/05/2013,60.82
08/06/2013,61.54
08/07/2013,61.39
08/08/2013,61.12
08/12/2013,60.80
08/13/2013,61.43
08/14/2013,61.52
08/16/2013,61.82
08/19/2013,62.35
08/20/2013,63.73
08/21/2013,63.46
08/22/2013,65.42
08/23/2013,64.69
08/26/2013,64.23
08/27/2013,65.67
08/28/2013,68.36
08/29/2013,67.71
08/30/2013,66.57
09/02/2013,65.86
09/03/2013,66.89
09/04/2013,67.03
09/05/2013,66.04
09/06/2013,65.96
09/10/2013,64.22
09/11/2013,63.90
09/12/2013,63.67
09/13/2013,63.79
09/16/2013,62.48
09/17/2013,63.38
09/18/2013,63.14
09/19/2013,61.75
09/20/2013,62.24
09/23/2013,62.52
09/24/2013,62.66
09/25/2013,62.70
09/26/2013,62.23
09/27/2013,61.81
09/30/2013,62.78
10/01/2013,62.36
10/03/2013,61.93
10/04/2013,61.41
10/07/2013,61.78
10/08/2013,61.69
10/09/2013,61.92
10/10/2013,62.14
10/11/2013,61.16
10/14/2013,61.30
10/15/2013,61.69
10/17/2013,61.58
10/18/2013,61.28
10/21/2013,61.49
10/22/2013,61.78
10/23/2013,61.53
10/24/2013,61.41
10/25/2013,61.63
10/28/2013,61.50
10/29/2013,61.46
10/30/2013,61.49
10/31/2013,61.41
11/01/2013,61.90
11/05/2013,61.79
11/06/2013,61.92
11/07/2013,62.57
11/08/2013,62.73
11/11/2013,63.30
11/12/2013,63.59
11/13/2013,63.65
11/14/2013,63.06
11/18/2013,62.63
11/19/2013,62.23
11/20/2013,62.56
11/21/2013,62.89
11/22/2013,63.02
11/25/2013,62.58
11/26/2013,62.45
11/27/2013,62.36
11/28/2013,62.39
11/29/2013,62.39
12/02/2013,62.23
12/03/2013,62.34
12/04/2013,62.33
12/05/2013,61.69
12/06/2013,61.67
12/09/2013,61.18
12/10/2013,61.21
12/11/2013,61.33
12/12/2013,61.62
12/13/2013,62.13
12/16/2013,62.10
12/17/2013,61.96
12/18/2013,61.92
12/19/2013,62.38
12/20/2013,62.24
12/23/2013,61.99
12/24/2013,61.87
12/26/2013,61.98
12/27/2013,62.06
12/30/2013,62.00
12/31/2013,61.90
01/01/2014,61.93
01/02/2014,61.90
01/03/2014,62.41
01/06/2014,62.33
01/07/2014,62.38
01/08/2014,62.24
01/09/2014,62.18
01/10/2014,61.94
01/13/2014,61.52
01/15/2014,61.59
01/16/2014,61.53
01/17/2014,61.35
01/20/2014,61.63
01/21/2014,61.54
01/22/2014,61.92
01/23/2014,61.99
01/24/2014,62.18
01/27/2014,62.71
01/28/2014,62.99
01/29/2014,62.20
01/30/2014,62.73
01/31/2014,62.48
02/03/2014,62.69
02/04/2014,62.68
02/05/2014,62.45
02/06/2014,62.50
02/07/2014,62.32
02/10/2014,62.19
02/11/2014,62.44
02/12/2014,62.13
02/13/2014,62.27
02/14/2014,62.28
02/17/2014,61.95
02/18/2014,62.12
02/20/2014,62.28
02/21/2014,62.16
02/24/2014,62.12
02/25/2014,61.98
02/26/2014,61.94
02/28/2014,62.07
03/03/2014,61.86
03/04/2014,61.90
03/05/2014,61.85
03/06/2014,61.32
03/07/2014,60.98
03/10/2014,61.20
03/11/2014,60.70
03/12/2014,61.09
03/13/2014,61.02
03/14/2014,61.52
03/18/2014,60.95
03/19/2014,61.10
03/20/2014,61.13
03/21/2014,61.05
03/24/2014,60.70
03/25/2014,60.49
03/26/2014,60.17
03/27/2014,60.13
03/28/2014,60.10
04/02/2014,59.65
04/03/2014,60.12
04/04/2014,60.32
04/07/2014,59.95
04/09/2014,60.07
04/10/2014,60.21
04/11/2014,60.27
04/15/2014,60.26
04/16/2014,60.23
04/17/2014,60.38
04/21/2014,60.34
04/22/2014,60.71
04/23/2014,61.07
04/25/2014,61.12
04/28/2014,60.50
04/29/2014,60.53
04/30/2014,60.34
05/02/2014,60.23
05/05/2014,60.05
05/06/2014,60.20
05/07/2014,60.04
05/08/2014,59.99
05/09/2014,60.05
05/12/2014,59.73
05/13/2014,59.88
05/15/2014,59.47
05/16/2014,58.86
05/19/2014,58.43
05/20/2014,58.75
05/21/2014,58.77
05/22/2014,58.57
05/23/2014,58.48
05/26/2014,58.59
05/27/2014,59.06
05/28/2014,59.08
05/29/2014,58.84
05/30/2014,59.03
06/02/2014,59.14
06/03/2014,59.21
06/04/2014,59.34
06/05/2014,59.30
06/06/2014,59.20
06/09/2014,59.06
06/10/2014,59.26
06/11/2014,59.33
06/12/2014,59.33
06/13/2014,59.48
06/16/2014,60.01
06/17/2014,60.37
06/18/2014,60.12
06/19/2014,60.00
06/20/2014,60.28
06/23/2014,60.19
06/24/2014,60.10
06/25/2014,60.28
06/26/2014,60.16
06/27/2014,60.10
06/30/2014,60.09
07/01/2014,60.14
07/02/2014,59.97
07/03/2014,59.72
07/04/2014,59.79
07/07/2014,59.95
07/08/2014,59.80
07/09/2014,59.73
07/10/2014,59.88
07/11/2014,60.19
07/14/2014,60.01
07/15/2014,60.22
07/16/2014,60.19
07/17/2014,60.14
07/18/2014,60.33
07/21/2014,60.19
07/22/2014,60.24
07/23/2014,60.18
07/24/2014,60.00
07/25/2014,60.14
07/28/2014,60.10
07/30/2014,60.15
07/31/2014,60.25
08/01/2014,60.85
08/04/2014,61.02
08/05/2014,60.87
08/06/2014,61.34
08/07/2014,61.41
08/08/2014,61.56
08/11/2014,61.12
08/12/2014,61.18
08/13/2014,61.25
08/14/2014,61.06
08/19/2014,60.73
08/20/2014,60.67
08/21/2014,60.77
08/22/2014,60.44
08/25/2014,60.43
08/26/2014,60.50
08/27/2014,60.47
08/28/2014,60.47
09/01/2014,60.47
09/02/2014,60.61
09/03/2014,60.54
09/04/2014,60.45
09/05/2014,60.44
09/08/2014,60.26
09/09/2014,60.43
09/10/2014,60.83
09/11/2014,60.92
09/12/2014,60.84
09/15/2014,60.99
09/16/2014,61.10
09/17/2014,60.95
09/18/2014,61.06
09/19/2014,60.81
09/22/2014,60.79
09/23/2014,60.87
09/24/2014,61.03
09/25/2014,61.02
09/26/2014,61.57
09/29/2014,61.43
09/30/2014,61.61
10/01/2014,61.75
10/07/2014,61.36
10/08/2014,61.46
10/09/2014,61.04
10/10/2014,61.16
10/13/2014,61.25
10/14/2014,61.11
10/16/2014,61.48
10/17/2014,61.62
10/20/2014,61.29
10/21/2014,61.30
10/22/2014,61.24
10/27/2014,61.23
10/28/2014,61.35
10/29/2014,61.32
10/30/2014,61.46
10/31/2014,61.41
11/03/2014,61.41
11/05/2014,61.39
11/07/2014,61.52
11/10/2014,61.45
11/11/2014,61.55
11/12/2014,61.48
11/13/2014,61.56
11/14/2014,61.65
11/17/2014,61.68
11/18/2014,61.81
11/19/2014,61.83
11/20/2014,62.10
11/21/2014,61.85
11/24/2014,61.78
11/25/2014,61.92
11/26/2014,61.87
11/27/2014,61.87
11/28/2014,61.97
12/01/2014,62.14
12/02/2014,61.93
12/03/2014,61.89
12/04/2014,61.88
12/05/2014,61.85
12/08/2014,61.93
12/09/2014,61.88
12/10/2014,61.95
12/11/2014,62.21
12/12/2014,62.44
12/15/2014,62.65
12/16/2014,63.41
12/17/2014,63.58
12/18/2014,63.32
12/19/2014,63.07
12/22/2014,63.18
12/23/2014,63.45
12/24/2014,63.46
12/26/2014,63.64
12/29/2014,63.65
12/30/2014,63.75
12/31/2014,63.33
01/01/2015,63.32
01/02/2015,63.29
01/05/2015,63.39
01/06/2015,63.38
01/07/2015,63.45
01/08/2015,62.97
01/09/2015,62.40
01/12/2015,62.16
01/13/2015,62.10
01/14/2015,62.15
01/15/2015,61.76
01/16/2015,61.89
01/19/2015,61.70
01/20/2015,61.85
01/21/2015,61.61
01/22/2015,61.69
01/23/2015,61.50
01/27/2015,61.46
01/28/2015,61.41
01/29/2015,61.50
01/30/2015,61.76
02/02/2015,61.88
02/03/2015,61.74
02/04/2015,61.68
02/05/2015,61.87
02/06/2015,61.74
02/09/2015,62.14
02/10/2015,61.96
02/11/2015,62.15
02/12/2015,62.43
02/13/2015,62.14
02/16/2015,62.20
02/18/2015,62.24
02/20/2015,62.26
02/23/2015,62.18
02/24/2015,62.28
02/25/2015,62.05
02/26/2015,61.94
02/27/2015,61.79
03/02/2015,61.82
03/03/2015,61.84
03/04/2015,61.85
03/05/2015,62.20
03/09/2015,62.62
03/10/2015,62.70
03/11/2015,62.74
03/12/2015,62.57
03/13/2015,62.67
03/16/2015,62.82
03/17/2015,62.69
03/18/2015,62.67
03/19/2015,62.42
03/20/2015,62.49
03/23/2015,62.29
03/24/2015,62.20
03/25/2015,62.34
03/26/2015,62.67
03/27/2015,62.61
03/30/2015,62.63
03/31/2015,62.59
04/06/2015,62.16
04/07/2015,62.33
04/08/2015,62.33
04/09/2015,62.26
04/10/2015,62.37
04/13/2015,62.39
04/15/2015,62.40
04/16/2015,62.37
04/17/2015,62.35
04/20/2015,62.56
04/21/2015,62.92
04/22/2015,62.82
04/23/2015,63.19
04/24/2015,63.40
04/27/2015,63.61
04/28/2015,63.33
04/29/2015,63.20
04/30/2015,63.58
05/05/2015,63.52
05/06/2015,63.64
05/07/2015,63.88
05/08/2015,64.05
05/11/2015,63.85
05/12/2015,64.20
05/13/2015,64.19
05/14/2015,63.84
05/15/2015,63.58
05/18/2015,63.55
05/19/2015,63.69
05/20/2015,63.87
05/21/2015,63.70
05/22/2015,63.57
05/25/2015,63.62
05/26/2015,63.84
05/27/2015,63.95
05/28/2015,63.90
05/29/2015,63.76
06/01/2015,63.61
06/02/2015,63.83
06/03/2015,63.85
06/04/2015,64.18
06/05/2015,63.90
06/08/2015,64.11
06/09/2015,63.94
06/10/2015,63.88
06/11/2015,63.89
06/12/2015,64.03
06/15/2015,64.09
06/16/2015,64.15
06/17/2015,64.11
06/18/2015,63.85
06/19/2015,63.82
06/22/2015,63.51
06/23/2015,63.64
06/24/2015,63.66
06/25/2015,63.61
06/26/2015,63.60
06/29/2015,63.92
06/30/2015,63.75
07/01/2015,63.62
07/02/2015,63.57
07/03/2015,63.40
07/06/2015,63.58
07/07/2015,63.37
07/08/2015,63.57
07/09/2015,63.51
07/10/2015,63.38
07/13/2015,63.47
07/14/2015,63.50
07/15/2015,63.38
07/16/2015,63.50
07/17/2015,63.49
07/20/2015,63.55
07/21/2015,63.65
07/22/2015,63.53
07/23/2015,63.71
07/24/2015,63.89
07/27/2015,64.00
07/28/2015,64.03
07/29/2015,63.89
07/30/2015,64.01
07/31/2015,64.01
08/03/2015,63.96
08/04/2015,63.93
08/05/2015,63.82
08/06/2015,63.76
08/07/2015,63.81
08/10/2015,63.76
08/11/2015,64.17
08/12/2015,64.83
08/13/2015,64.92
08/14/2015,65.12
08/17/2015,65.22
08/19/2015,65.25
08/20/2015,65.24
08/21/2015,65.83
08/24/2015,66.51
08/25/2015,66.71
08/26/2015,66.16
08/27/2015,66.06
08/28/2015,66.08
08/31/2015,66.31
09/01/2015,66.26
09/02/2015,66.16
09/03/2015,66.23
09/04/2015,66.40
09/07/2015,66.74
09/08/2015,66.61
09/09/2015,66.29
09/10/2015,66.58
09/11/2015,66.39
09/14/2015,66.37
09/15/2015,66.44
09/16/2015,66.50
09/18/2015,65.93
09/21/2015,65.75
09/22/2015,65.63
09/23/2015,65.97
09/24/2015,66.10
09/28/2015,66.08
09/29/2015,66.18
09/30/2015,65.74
10/01/2015,65.55
10/05/2015,65.29
10/06/2015,65.39
10/07/2015,65.26
10/08/2015,65.16
10/09/2015,64.78
10/12/2015,64.73
10/13/2015,65.02
10/14/2015,65.11
10/15/2015,64.82
10/16/2015,64.97
10/19/2015,64.82
10/20/2015,64.89
10/21/2015,65.15
10/23/2015,64.88
10/26/2015,64.96
10/27/2015,64.96
10/28/2015,65.04
10/29/2015,65.15
10/30/2015,65.22
11/02/2015,65.48
11/03/2015,65.45
11/04/2015,65.57
11/05/2015,65.68
11/06/2015,65.79
11/09/2015,66.34
11/10/2015,66.35
11/13/2015,66.14
11/16/2015,66.17
11/17/2015,65.98
11/18/2015,66.11
11/19/2015,66.11
11/20/2015,66.09
11/23/2015,66.35
11/24/2015,66.38
11/26/2015,66.55
11/27/2015,66.75
11/30/2015,66.81
12/01/2015,66.52
12/02/2015,66.62
12/03/2015,66.75
12/04/2015,66.84
12/07/2015,66.63
12/08/2015,66.80
12/09/2015,66.75
12/10/2015,66.79
12/11/2015,66.79
12/14/2015,66.99
12/15/2015,67.04
12/16/2015,66.85
12/17/2015,66.65
12/18/2015,66.42
12/21/2015,66.32
12/22/2015,66.30
12/23/2015,66.20
12/28/2015,66.14
12/29/2015,66.37
12/30/2015,66.42
12/31/2015,66.33
01/01/2016,66.18
01/04/2016,66.46
01/05/2016,66.54
01/06/2016,66.72
01/07/2016,66.91
01/08/2016,66.67
01/11/2016,66.79
01/12/2016,66.89
01/13/2016,66.84
01/14/2016,67.09
01/15/2016,67.43
01/18/2016,67.59
01/19/2016,67.56
01/20/2016,67.98
01/21/2016,68.06
01/22/2016,67.75
01/25/2016,67.64
01/27/2016,67.98
01/28/2016,68.09
01/29/2016,67.88
02/01/2016,67.67
02/02/2016,67.83
02/03/2016,68.18
02/04/2016,67.81
02/05/2016,67.64
02/08/2016,67.82
02/09/2016,68.16
02/10/2016,67.88
02/11/2016,68.02
02/12/2016,68.44
02/15/2016,68.13
02/16/2016,68.34
02/17/2016,68.59
02/18/2016,68.49
02/22/2016,68.55
02/23/2016,68.64
02/24/2016,68.56
02/25/2016,68.60
02/26/2016,68.78
02/29/2016,68.62
03/01/2016,68.16
03/02/2016,67.70
03/03/2016,67.38
03/04/2016,67.27
03/08/2016,67.34
03/09/2016,67.46
03/10/2016,67.05
03/11/2016,67.09
03/14/2016,67.02
03/15/2016,67.23
03/16/2016,67.37
03/17/2016,66.88
03/18/2016,66.61
03/21/2016,66.50
03/22/2016,66.54
03/23/2016,66.86
03/28/2016,66.67
03/29/2016,66.56
03/30/2016,66.41
03/31/2016,66.33
04/04/2016,66.24
04/05/2016,66.32
04/06/2016,66.58
04/07/2016,66.47
04/11/2016,66.39
04/12/2016,66.50
04/13/2016,66.43
04/18/2016,66.67
04/20/2016,66.24
04/21/2016,66.29
04/22/2016,66.49
04/25/2016,66.68
04/26/2016,66.73
04/27/2016,66.55
04/28/2016,66.40
04/29/2016,66.52
05/02/2016,66.34
05/03/2016,66.27
05/04/2016,66.54
05/05/2016,66.51
05/06/2016,66.58
05/09/2016,66.44
05/10/2016,66.72
05/11/2016,66.70
05/12/2016,66.60
05/13/2016,66.76
05/16/2016,66.82
05/17/2016,66.72
05/18/2016,66.91
05/19/2016,67.23
05/20/2016,67.41
05/23/2016,67.35
05/24/2016,67.71
05/25/2016,67.45
05/26/2016,67.29
05/27/2016,67.06
05/30/2016,67.34
05/31/2016,67.20
06/01/2016,67.35
06/02/2016,67.25
06/03/2016,67.24
06/06/2016,66.96
06/07/2016,66.83
06/08/2016,66.74
06/09/2016,66.63
06/10/2016,66.79
06/13/2016,67.07
06/14/2016,67.15
06/15/2016,67.16
06/16/2016,67.21
06/17/2016,67.17
06/20/2016,67.41
06/21/2016,67.48
06/22/2016,67.56
06/23/2016,67.37
06/24/2016,68.01
06/27/2016,67.90
06/28/2016,67.89
06/29/2016,67.74
06/30/2016,67.62
07/01/2016,67.44
07/04/2016,67.18
07/05/2016,67.40
07/07/2016,67.50
07/08/2016,67.46
07/11/2016,67.14
07/12/2016,67.15
07/13/2016,67.20
07/14/2016,66.91
07/15/2016,67.07
07/18/2016,67.10
07/19/2016,67.15
07/20/2016,67.17
07/21/2016,67.20
07/22/2016,67.14
07/25/2016,67.24
07/26/2016,67.37
07/27/2016,67.24
07/28/2016,67.06
07/29/2016,67.03
08/01/2016,66.74
08/02/2016,66.76
08/03/2016,66.94
08/04/2016,66.94
08/05/2016,66.81
08/08/2016,66.74
08/09/2016,66.96
08/10/2016,66.74
08/11/2016,66.86
08/12/2016,66.83
08/16/2016,66.90
08/18/2016,66.79
08/19/2016,66.93
08/22/2016,67.19
08/23/2016,67.09
08/24/2016,67.13
08/25/2016,67.09
08/26/2016,67.03
08/29/2016,67.18
08/30/2016,67.09
08/31/2016,66.98
09/01/2016,66.95
09/02/2016,66.84
09/06/2016,66.55
09/07/2016,66.36
09/08/2016,66.45
09/09/2016,66.55
09/12/2016,66.90
09/14/2016,66.96
09/15/2016,67.02
09/16/2016,66.88
09/19/2016,66.87
09/20/2016,67.02
09/21/2016,67.06
09/22/2016,66.85
09/23/2016,66.65
09/26/2016,66.71
09/27/2016,66.46
09/28/2016,66.45
09/29/2016,66.55
09/30/2016,66.66
10/03/2016,66.53
10/04/2016,66.56
10/05/2016,66.57
10/06/2016,66.63
10/07/2016,66.79
10/10/2016,66.59
10/13/2016,66.85
10/14/2016,66.85
10/17/2016,66.78
10/18/2016,66.73
10/19/2016,66.71
10/20/2016,66.74
10/21/2016,66.89
10/24/2016,66.86
10/25/2016,66.88
10/26/2016,66.76
10/27/2016,66.89
10/28/2016,66.86
11/01/2016,66.71
11/02/2016,66.83
11/03/2016,66.69
11/04/2016,66.72
11/07/2016,66.73
11/08/2016,66.71
11/09/2016,66.80
11/10/2016,66.43
11/11/2016,67.03
11/15/2016,67.72
11/16/2016,67.78
11/17/2016,67.91
11/18/2016,68.09
11/21/2016,68.26
11/22/2016,68.23
11/23/2016,68.48
11/24/2016,68.66
11/25/2016,68.46
11/28/2016,68.72
11/29/2016,68.65
11/30/2016,68.53
12/01/2016,68.37
12/02/2016,68.37
12/05/2016,68.17
12/06/2016,68.03
12/07/2016,67.87
12/08/2016,67.43
12/09/2016,67.58
12/13/2016,67.49
12/14/2016,67.56
12/15/2016,67.80
12/16/2016,67.78
12/19/2016,67.73
12/20/2016,67.90
12/21/2016,67.87
12/22/2016,67.91
12/23/2016,67.91
12/26/2016,67.83
12/27/2016,68.00
12/28/2016,68.22
12/29/2016,68.12
12/30/2016,67.95
01/02/2017,68.02
01/03/2017,68.09
01/04/2017,68.18
01/05/2017,67.79
01/06/2017,67.95
01/09/2017,68.19
01/10/2017,68.06
01/11/2017,68.23
01/12/2017,68.09
01/13/2017,68.23
01/16/2017,68.16
01/17/2017,68.05
01/18/2017,67.94
01/19/2017,68.18
01/20/2017,68.09
01/23/2017,68.08
01/24/2017,68.16
01/25/2017,68.16
01/27/2017,68.20
01/30/2017,68.04
01/31/2017,67.81
02/01/2017,67.65
02/02/2017,67.45
02/03/2017,67.38
02/06/2017,67.20
02/07/2017,67.37
02/08/2017,67.31
02/09/2017,67.01
02/10/2017,66.94
02/13/2017,66.97
02/14/2017,66.94
02/15/2017,66.92
02/16/2017,66.95
02/17/2017,67.05
02/20/2017,66.98
02/22/2017,66.96
02/23/2017,66.84
02/27/2017,66.72
02/28/2017,66.74
03/01/2017,66.85
03/02/2017,66.74
03/03/2017,66.84
03/06/2017,66.76
03/07/2017,66.63
03/08/2017,66.64
03/09/2017,66.77
03/10/2017,66.69
03/14/2017,66.18
03/15/2017,65.51
03/16/2017,65.38
03/17/2017,65.54
03/20/2017,65.38
03/21/2017,65.31
03/22/2017,65.49
03/23/2017,65.42
03/24/2017,65.46
03/27/2017,65.09
03/29/2017,64.96
03/30/2017,64.93
03/31/2017,64.84
04/03/2017,64.91
04/05/2017,65.04
04/06/2017,64.98
04/07/2017,64.39
04/10/2017,64.44
04/11/2017,64.54
04/12/2017,64.69
04/13/2017,64.32
04/17/2017,64.41
04/18/2017,64.57
04/19/2017,64.54
04/20/2017,64.64
04/21/2017,64.57
04/24/2017,64.48
04/25/2017,64.28
04/26/2017,64.00
04/27/2017,64.11
04/28/2017,64.22
05/02/2017,64.21
05/03/2017,64.14
05/04/2017,64.21
05/05/2017,64.31
05/08/2017,64.22
05/09/2017,64.51
05/11/2017,64.44
05/12/2017,64.30
05/15/2017,64.12
05/16/2017,64.08
05/17/2017,64.02
05/18/2017,64.34
05/19/2017,64.99
05/22/2017,64.56
05/23/2017,64.78
05/24/2017,64.86
05/25/2017,64.51
05/26/2017,64.59
05/29/2017,64.56
05/30/2017,64.63
05/31/2017,64.55
06/01/2017,64.47
06/02/2017,64.42
06/05/2017,64.35
06/06/2017,64.35
06/07/2017,64.45
06/08/2017,64.36
06/09/2017,64.26
06/12/2017,64.34
06/13/2017,64.45
06/14/2017,64.31
06/15/2017,64.28
06/16/2017,64.59
06/19/2017,64.38
06/20/2017,64.47
06/21/2017,64.60
06/22/2017,64.50
06/23/2017,64.54
06/27/2017,64.46
06/28/2017,64.53
06/29/2017,64.47
06/30/2017,64.74
07/03/2017,64.75
07/04/2017,64.82
07/05/2017,64.72
07/06/2017,64.78
07/07/2017,64.73
07/10/2017,64.54
07/11/2017,64.50
07/12/2017,64.50
07/13/2017,64.44
07/14/2017,64.45
07/17/2017,64.37
07/18/2017,64.33
07/19/2017,64.32
07/20/2017,64.43
07/21/2017,64.32
07/24/2017,64.45
07/25/2017,64.36
07/26/2017,64.42
07/27/2017,64.12
07/28/2017,64.15
07/31/2017,64.08
08/01/2017,64.07
08/02/2017,64.07
08/03/2017,63.63
08/04/2017,63.71
08/07/2017,63.74
08/08/2017,63.74
08/09/2017,63.75
08/10/2017,63.94
08/11/2017,64.17
08/14/2017,64.03
08/16/2017,64.24
08/18/2017,64.10
08/21/2017,64.03
08/22/2017,64.11
08/23/2017,64.13
08/24/2017,64.07
08/28/2017,63.87
08/29/2017,64.02
08/30/2017,63.94
08/31/2017,64.02
09/01/2017,63.98
09/04/2017,64.05
09/05/2017,64.12
09/06/2017,64.21
09/07/2017,64.03
09/08/2017,63.87
09/11/2017,63.89
09/12/2017,63.95
09/13/2017,63.98
09/14/2017,64.07
09/15/2017,64.08
09/18/2017,64.04
09/19/2017,64.18
09/20/2017,64.36
09/21/2017,64.53
09/22/2017,64.96
09/25/2017,64.84
09/26/2017,65.34
09/27/2017,65.69
09/28/2017,65.76
09/29/2017,65.36
10/03/2017,65.55
10/04/2017,65.29
10/05/2017,65.18
10/06/2017,65.23
10/09/2017,65.31
10/10/2017,65.27
10/11/2017,65.27
10/12/2017,65.10
10/13/2017,64.93
10/16/2017,64.76
10/17/2017,64.92
10/18/2017,65.06
10/23/2017,65.02
10/24/2017,64.93
10/25/2017,65.14
10/26/2017,64.79
10/27/2017,65.09
10/30/2017,64.93
10/31/2017,64.77
11/01/2017,64.53
11/02/2017,64.59
11/03/2017,64.58
11/06/2017,64.73
11/07/2017,64.81
11/08/2017,65.06
11/09/2017,64.90
11/10/2017,65.01
11/13/2017,65.43
11/14/2017,65.52
11/15/2017,65.37
11/16/2017,65.30
11/17/2017,64.85
11/20/2017,65.06
11/21/2017,65.04
11/22/2017,64.75
11/23/2017,64.79
11/24/2017,64.73
11/27/2017,64.69
11/28/2017,64.42
11/29/2017,64.41
11/30/2017,64.43
12/04/2017,64.38
12/05/2017,64.38
12/06/2017,64.45
12/07/2017,64.54
12/08/2017,64.46
12/11/2017,64.36
12/12/2017,64.48
12/13/2017,64.45
12/14/2017,64.28
12/15/2017,64.10
12/18/2017,64.11
12/19/2017,64.12
12/20/2017,64.06
12/21/2017,64.09
12/22/2017,64.04
12/26/2017,64.05
12/27/2017,64.16
12/28/2017,64.17
12/29/2017,63.93
01/01/2018,63.67
01/02/2018,63.67
01/03/2018,63.48
01/04/2018,63.39
01/05/2018,63.38
01/08/2018,63.35
01/09/2018,63.47
01/10/2018,63.83
01/11/2018,63.74
01/12/2018,63.53
01/15/2018,63.41
01/16/2018,63.76
01/17/2018,63.98
01/18/2018,63.84
01/19/2018,63.72
01/22/2018,63.89
01/23/2018,63.77
01/24/2018,63.64
01/25/2018,63.50
01/29/2018,63.55
01/30/2018,63.75
01/31/2018,63.69
02/01/2018,63.61
02/02/2018,64.08
02/05/2018,64.03
02/06/2018,64.27
02/07/2018,64.14
02/08/2018,64.16
02/09/2018,64.37
02/12/2018,64.28
02/14/2018,64.13
02/15/2018,63.92
02/16/2018,63.91
02/20/2018,64.53
02/21/2018,64.82
02/22/2018,65.05
02/23/2018,64.82
02/26/2018,64.66
02/27/2018,64.85
02/28/2018,65.10
03/01/2018,65.23
03/05/2018,65.05
03/06/2018,64.99
03/07/2018,64.96
03/08/2018,64.92
03/09/2018,65.08
03/12/2018,65.02
03/13/2018,64.96
03/14/2018,64.99
03/15/2018,64.94
03/16/2018,64.87
03/19/2018,65.04
03/20/2018,65.20
03/21/2018,65.22
03/22/2018,65.06
03/23/2018,65.13
03/26/2018,64.91
03/27/2018,64.80
03/28/2018,65.04
04/03/2018,65.02
04/04/2018,65.02
04/05/2018,65.06
04/06/2018,64.99
04/09/2018,64.93
04/10/2018,64.94
04/11/2018,65.13
04/12/2018,65.35
04/13/2018,65.22
04/16/2018,65.45
04/17/2018,65.61
04/18/2018,65.68
04/19/2018,65.78
04/20/2018,66.02
04/23/2018,66.22
04/24/2018,66.36
04/25/2018,66.70
04/26/2018,66.83
04/27/2018,66.78
05/02/2018,66.66
05/03/2018,66.61
05/04/2018,66.77
05/07/2018,67.11
05/08/2018,67.08
05/09/2018,67.38
05/10/2018,67.38
05/11/2018,67.22
05/14/2018,67.32
05/15/2018,67.53
05/16/2018,67.83
05/17/2018,67.72
05/18/2018,67.96
05/21/2018,68.09
05/22/2018,68.02
05/23/2018,68.21
05/24/2018,68.39
05/25/2018,68.26
05/28/2018,67.44
05/29/2018,67.82
05/30/2018,67.63
05/31/2018,67.45
06/01/2018,67.18
06/04/2018,67.05
06/05/2018,67.18
06/06/2018,67.04
06/07/2018,67.02
06/08/2018,67.52
06/11/2018,67.34
06/12/2018,67.46
06/13/2018,67.63
06/14/2018,67.69
06/15/2018,67.97
06/18/2018,68.02
06/19/2018,68.15
06/20/2018,68.08
06/21/2018,68.19
06/22/2018,67.77
06/25/2018,68.15
06/26/2018,68.17
06/27/2018,68.52
06/28/2018,68.94
06/29/2018,68.58
07/02/2018,68.62
07/03/2018,68.69
07/04/2018,68.53
07/05/2018,68.75
07/06/2018,68.88
07/09/2018,68.66
07/10/2018,68.79
07/11/2018,68.83
07/12/2018,68.63
07/13/2018,68.41
07/16/2018,68.59
07/17/2018,68.30
07/18/2018,68.57
07/19/2018,68.83
07/20/2018,68.85
07/23/2018,68.70
07/24/2018,69.05
07/25/2018,68.80
07/26/2018,68.70
07/27/2018,68.70
07/30/2018,68.75
07/31/2018,68.61
08/01/2018,68.61
08/02/2018,68.36
08/03/2018,68.79
08/06/2018,68.68
08/07/2018,68.80
08/08/2018,68.65
08/09/2018,68.62
08/10/2018,68.95
08/13/2018,69.47
08/14/2018,69.77
08/16/2018,70.23
08/20/2018,69.76
08/21/2018,69.67
08/23/2018,70.07
08/24/2018,70.14
08/27/2018,70.04
08/28/2018,70.17
08/29/2018,70.50
08/30/2018,70.73
08/31/2018,70.93
09/03/2018,70.77
09/04/2018,71.19
09/05/2018,71.75
09/06/2018,71.92
09/07/2018,71.90
09/10/2018,72.57
09/11/2018,72.32
09/12/2018,72.75
09/14/2018,71.81
09/17/2018,72.55
09/18/2018,72.38
09/19/2018,72.68
09/21/2018,71.85
09/24/2018,72.69
09/25/2018,72.81
09/26/2018,72.72
09/27/2018,72.65
09/28/2018,72.55
10/01/2018,72.80
10/03/2018,73.03
10/04/2018,73.75
10/05/2018,73.58
10/08/2018,73.92
10/09/2018,74.10
10/10/2018,74.13
10/11/2018,74.39
10/12/2018,73.80
10/15/2018,73.97
10/16/2018,73.90
10/17/2018,73.48
10/19/2018,73.44
10/22/2018,73.30
10/23/2018,73.78
10/24/2018,73.26
10/25/2018,73.27
10/26/2018,73.37
10/29/2018,73.42
10/30/2018,73.57
10/31/2018,73.99
11/01/2018,73.83
11/02/2018,72.88
11/05/2018,73.07
11/06/2018,73.01
11/09/2018,72.73
11/12/2018,72.91
11/13/2018,72.59
11/14/2018,72.10
11/15/2018,72.16
11/16/2018,71.80
11/19/2018,71.90
11/20/2018,71.33
11/22/2018,71.18
11/26/2018,70.71
11/27/2018,70.91
11/28/2018,70.69
11/29/2018,69.92
11/30/2018,69.66
12/03/2018,70.03
12/04/2018,70.35
12/05/2018,70.52
12/06/2018,71.04
12/07/2018,70.57
12/10/2018,71.33
12/11/2018,71.93
12/12/2018,72.04
12/13/2018,71.54
12/14/2018,71.74
12/17/2018,71.67
12/18/2018,71.19
12/19/2018,70.11
12/20/2018,70.28
12/21/2018,70.04
12/24/2018,70.18
12/26/2018,69.99
12/27/2018,70.33
12/28/2018,69.98
12/31/2018,69.79
01/01/2019,69.71
01/02/2019,69.61
01/03/2019,70.36
01/04/2019,69.87
01/07/2019,69.48
01/08/2019,70.02
01/09/2019,70.44
01/10/2019,70.51
01/11/2019,70.47
01/14/2019,70.82
01/15/2019,71.03
01/16/2019,71.18
01/17/2019,71.34
01/18/2019,71.14
01/21/2019,71.38
01/22/2019,71.38
01/23/2019,71.20
01/24/2019,71.28
01/25/2019,71.11
01/28/2019,71.13
01/29/2019,71.09
01/30/2019,71.24
01/31/2019,71.03
02/01/2019,71.11
02/04/2019,71.66
02/05/2019,71.75
02/06/2019,71.57
02/07/2019,71.47
02/08/2019,71.29
02/11/2019,71.16
02/12/2019,70.94
02/13/2019,70.55
02/14/2019,70.94
02/15/2019,71.25
02/18/2019,71.47
02/20/2019,71.18
02/21/2019,71.15
02/22/2019,71.22
02/25/2019,71.04
02/26/2019,71.10
02/27/2019,71.17
02/28/2019,71.20
03/01/2019,70.97
03/05/2019,70.76
03/06/2019,70.58
03/07/2019,70.03
03/08/2019,70.10
03/11/2019,69.93
03/12/2019,69.59
03/13/2019,69.62
03/14/2019,69.67
03/15/2019,69.21
03/18/2019,68.61
03/19/2019,68.58
03/20/2019,68.86
03/22/2019,68.66
03/25/2019,68.99
03/26/2019,68.85
03/27/2019,68.90
03/28/2019,69.00
03/29/2019,69.17
04/02/2019,69.12
04/03/2019,68.49
04/04/2019,68.84
04/05/2019,69.20
04/08/2019,69.51
04/09/2019,69.54
04/10/2019,69.15
04/11/2019,68.97
04/12/2019,69.32
04/15/2019,69.23
04/16/2019,69.58
04/18/2019,69.42
04/22/2019,69.74
04/23/2019,69.75
04/24/2019,69.90
04/25/2019,69.94
04/26/2019,70.14
04/30/2019,69.84
05/02/2019,69.54
05/03/2019,69.27
05/06/2019,69.36
05/07/2019,69.31
05/08/2019,69.60
05/09/2019,69.87
05/10/2019,69.92
05/13/2019,70.26
05/14/2019,70.42
05/15/2019,70.21
05/16/2019,70.25
05/17/2019,70.17
05/20/2019,69.55
05/21/2019,69.73
05/22/2019,69.77
05/23/2019,69.67
05/24/2019,69.61
05/27/2019,69.43
05/28/2019,69.61
05/29/2019,69.88
05/30/2019,69.79
05/31/2019,69.81
06/03/2019,69.43
06/04/2019,69.29
06/06/2019,69.32
06/07/2019,69.30
06/10/2019,69.46
06/11/2019,69.42
06/12/2019,69.40
06/13/2019,69.36
06/14/2019,69.56
06/17/2019,69.84
06/18/2019,69.80
06/19/2019,69.67
06/20/2019,69.56
06/21/2019,69.63
06/24/2019,69.48
06/25/2019,69.34
06/26/2019,69.32
06/27/2019,69.22
06/28/2019,68.92
07/01/2019,68.97
07/02/2019,68.99
07/03/2019,68.88
07/04/2019,68.85
07/05/2019,68.75
07/08/2019,68.70
07/09/2019,68.73
07/10/2019,68.53
07/11/2019,68.37
07/12/2019,68.59
07/15/2019,68.58
07/16/2019,68.57
07/17/2019,68.81
07/18/2019,68.88
07/19/2019,68.82
07/22/2019,69.02
07/23/2019,68.99
07/24/2019,69.01
07/25/2019,68.99
07/26/2019,69.06
07/29/2019,68.90
07/30/2019,68.75
07/31/2019,68.86
08/01/2019,69.06
08/02/2019,69.40
08/05/2019,70.36
08/06/2019,70.72
08/07/2019,70.96
08/08/2019,70.85
08/09/2019,70.52
08/13/2019,71.24
08/14/2019,71.10
08/16/2019,71.29
08/19/2019,71.34
08/20/2019,71.65
08/21/2019,71.55
08/22/2019,71.70
08/23/2019,71.73
08/26/2019,72.18
08/27/2019,71.82
08/28/2019,71.70
08/29/2019,72.00
08/30/2019,71.76
09/03/2019,72.19
09/04/2019,72.07
09/05/2019,71.86
09/06/2019,71.73
09/09/2019,71.59
09/11/2019,71.66
09/12/2019,71.32
09/13/2019,70.94
09/16/2019,71.54
09/17/2019,71.82
09/18/2019,71.31
09/19/2019,71.14
09/20/2019,70.94
09/23/2019,70.92
09/24/2019,70.85
09/25/2019,71.04
09/26/2019,70.90
09/27/2019,70.84
09/30/2019,70.69
10/01/2019,70.91
10/03/2019,71.12
10/04/2019,70.87
10/07/2019,70.98
10/09/2019,71.11
10/10/2019,71.05
10/11/2019,71.03
10/14/2019,71.02
10/15/2019,71.32
10/16/2019,71.51
10/17/2019,71.41
10/18/2019,71.20
10/22/2019,70.87
10/23/2019,70.94
10/24/2019,70.93
10/25/2019,70.96
10/29/2019,70.73
10/30/2019,70.99
10/31/2019,70.81
11/01/2019,70.88
11/04/2019,70.68
11/05/2019,70.73
11/06/2019,70.89
11/07/2019,71.01
11/08/2019,71.25
11/11/2019,71.44
11/13/2019,71.70
11/14/2019,72.05
11/15/2019,71.71
11/18/2019,71.71
11/19/2019,71.81
11/20/2019,71.68
11/21/2019,71.80
11/22/2019,71.85
11/25/2019,71.65
11/26/2019,71.59
11/27/2019,71.36
11/28/2019,71.51
11/29/2019,71.73
12/02/2019,71.72
12/03/2019,71.60
12/04/2019,71.78
12/05/2019,71.55
12/06/2019,71.32
12/09/2019,71.16
12/10/2019,70.90
12/11/2019,70.87
12/12/2019,70.75
12/13/2019,70.72
12/16/2019,70.94
12/17/2019,70.97
12/18/2019,71.06
12/19/2019,71.08
12/20/2019,71.16
12/23/2019,71.17
12/24/2019,71.20
12/26/2019,71.27
12/27/2019,71.22
12/30/2019,71.34
12/31/2019,71.27
01/01/2020,71.37
01/02/2020,71.34
01/03/2020,71.69
01/06/2020,72.09
01/07/2020,71.78
01/08/2020,72.02
01/09/2020,71.42
01/10/2020,71.11
01/13/2020,70.81
01/14/2020,70.92
01/15/2020,70.88
01/16/2020,70.91
01/17/2020,71.04
01/20/2020,71.06
01/21/2020,71.18
01/22/2020,71.21
01/23/2020,71.24
01/24/2020,71.24
01/27/2020,71.39
01/28/2020,71.33
01/29/2020,71.19
01/30/2020,71.48
01/31/2020,71.51
02/03/2020,71.58
02/04/2020,71.14
02/05/2020,71.27
02/06/2020,71.26
02/07/2020,71.25
02/10/2020,71.30
02/11/2020,71.23
02/12/2020,71.26
02/13/2020,71.47
02/14/2020,71.39
02/17/2020,71.43
02/18/2020,71.40
02/20/2020,71.59
02/24/2020,71.85
02/25/2020,71.86
02/26/2020,71.73
02/27/2020,71.61
02/28/2020,72.19
03/02/2020,72.24
03/03/2020,72.87
03/04/2020,73.56
03/05/2020,73.28
03/06/2020,73.66
03/09/2020,73.95
03/11/2020,73.81
03/12/2020,74.17
03/13/2020,74.07
03/16/2020,74.27
03/17/2020,74.03
03/18/2020,74.17
03/19/2020,75.06
03/20/2020,75.01
03/23/2020,75.88
03/24/2020,76.15
03/26/2020,75.24
03/27/2020,74.84
03/30/2020,75.35
03/31/2020,75.39
04/03/2020,75.83
04/07/2020,75.84
04/08/2020,76.09
04/09/2020,76.46
04/13/2020,76.36
04/15/2020,76.27
04/16/2020,76.74
04/17/2020,76.54
04/20/2020,76.63
04/21/2020,76.65
04/22/2020,76.81
04/23/2020,76.06
04/24/2020,76.42
04/27/2020,76.13
04/28/2020,76.37
04/29/2020,75.70
04/30/2020,75.11
05/04/2020,75.79
05/05/2020,75.57
05/06/2020,75.69
05/08/2020,75.44
05/11/2020,75.68
05/12/2020,75.79
05/13/2020,75.39
05/14/2020,75.44
05/15/2020,75.56
05/18/2020,75.93
05/19/2020,75.66
05/20/2020,75.67
05/21/2020,75.78
05/22/2020,75.79
05/26/2020,75.64
05/27/2020,75.65
05/28/2020,75.75
05/29/2020,75.64
06/01/2020,75.48
06/02/2020,75.59
06/03/2020,75.33
06/04/2020,75.53
06/05/2020,75.47
06/08/2020,75.63
06/09/2020,75.49
06/10/2020,75.47
06/11/2020,75.79
06/12/2020,75.97
06/15/2020,76.11
06/16/2020,75.84
06/17/2020,76.20
06/18/2020,76.15
06/19/2020,76.21
06/22/2020,76.06
06/23/2020,75.75
06/24/2020,75.71
06/25/2020,75.63
06/26/2020,75.48
06/29/2020,75.57
06/30/2020,75.53
07/01/2020,75.58
07/02/2020,75.49
07/03/2020,74.78
07/06/2020,74.68
07/07/2020,74.86
07/08/2020,75.03
07/09/2020,75.00
07/10/2020,75.29
07/13/2020,75.16
07/14/2020,75.39
07/15/2020,75.31
07/16/2020,75.24
07/17/2020,75.10
07/20/2020,74.97
07/21/2020,74.77
07/22/2020,74.68
07/23/2020,74.75
07/24/2020,74.87
07/27/2020,74.76
07/28/2020,74.75
07/29/2020,74.77
07/30/2020,74.84
07/31/2020,74.77
08/03/2020,74.98
08/04/2020,75.09
08/05/2020,74.91
08/06/2020,74.86
08/07/2020,74.96
08/10/2020,74.88
08/11/2020,74.84
08/12/2020,74.83
08/13/2020,74.84
08/14/2020,74.77
08/17/2020,74.85
08/18/2020,74.82
08/19/2020,74.76
08/20/2020,75.01
08/21/2020,74.88
08/24/2020,74.83
08/25/2020,74.40
08/26/2020,74.35
08/27/2020,74.33
08/28/2020,73.35
08/31/2020,73.60
09/01/2020,72.82
09/02/2020,73.01
09/03/2020,73.36
09/04/2020,73.34
09/07/2020,73.28
09/08/2020,73.43
09/09/2020,73.67
09/10/2020,73.35
09/11/2020,73.47
09/14/2020,73.38
09/15/2020,73.42
09/16/2020,73.75
09/17/2020,73.70
09/18/2020,73.30
09/21/2020,73.32
09/22/2020,73.50
09/23/2020,73.63
09/24/2020,73.92
09/25/2020,73.73
09/28/2020,73.57
09/29/2020,73.85
09/30/2020,73.80
10/01/2020,73.38
10/05/2020,73.26
10/06/2020,73.37
10/07/2020,73.36
10/08/2020,73.29
10/09/2020,73.21
10/12/2020,73.14
10/13/2020,73.38
10/14/2020,73.46
10/15/2020,73.27
10/16/2020,73.38
10/19/2020,73.42
10/20/2020,73.33
10/21/2020,73.45
10/22/2020,73.66
10/23/2020,73.58
10/26/2020,73.73
10/27/2020,73.75
10/28/2020,73.77
10/29/2020,73.97
11/02/2020,74.32
11/03/2020,74.33
11/04/2020,74.69
11/05/2020,74.27
11/06/2020,74.05
11/09/2020,73.93
11/10/2020,74.21
11/11/2020,74.25
11/12/2020,74.45
11/13/2020,74.67
11/17/2020,74.51
11/18/2020,74.36
11/19/2020,74.26
11/20/2020,74.16
11/23/2020,74.14
11/24/2020,73.98
11/25/2020,73.98
11/26/2020,73.83
11/27/2020,73.80
12/01/2020,73.51
12/02/2020,73.65
12/03/2020,73.89
12/04/2020,73.74
12/07/2020,73.77
12/08/2020,73.76
12/09/2020,73.59
12/10/2020,73.67
12/11/2020,73.59
12/14/2020,73.54
12/15/2020,73.65
12/16/2020,73.52
12/17/2020,73.43
12/18/2020,73.51
12/21/2020,73.65
12/22/2020,73.89
12/23/2020,73.81
12/24/2020,73.58
12/28/2020,73.59
12/29/2020,73.37
12/30/2020,73.28
12/31/2020,73.05
01/01/2021,73.03
01/04/2021,73.01
01/05/2021,73.11
01/06/2021,73.14
01/07/2021,73.13
01/08/2021,73.33
01/11/2021,73.45
01/12/2021,73.37
01/13/2021,73.15
01/14/2021,73.12
01/15/2021,73.02
01/18/2021,73.22
01/19/2021,73.18
01/20/2021,73.13
01/21/2021,72.97
01/22/2021,73.04
01/25/2021,72.93
01/27/2021,72.82
01/28/2021,73.07
01/29/2021,72.95
02/01/2021,73.02
02/02/2021,72.98
02/03/2021,72.94
02/04/2021,72.92
02/05/2021,72.90
02/08/2021,72.86
02/09/2021,72.89
02/10/2021,72.85
02/11/2021,72.78
02/12/2021,72.80
02/15/2021,72.59
02/16/2021,72.72
02/17/2021,72.84
02/18/2021,72.73
02/22/2021,72.37
02/23/2021,72.37
02/24/2021,72.29
02/25/2021,72.50
02/26/2021,73.04
03/01/2021,73.29
03/02/2021,73.35
03/03/2021,73.07
03/04/2021,72.71
03/05/2021,72.76
03/08/2021,73.00
03/09/2021,73.12
03/10/2021,72.97
03/12/2021,72.68
03/15/2021,72.71
03/16/2021,72.48
03/17/2021,72.57
03/18/2021,72.52
03/19/2021,72.52
03/22/2021,72.38
03/23/2021,72.29
03/24/2021,72.66
03/25/2021,72.61
03/26/2021,72.40
03/30/2021,73.04
03/31/2021,73.50
04/05/2021,73.43
04/06/2021,73.31
04/07/2021,74.12
04/08/2021,74.37
04/09/2021,74.89
04/12/2021,74.85
04/15/2021,75.17
04/16/2021,74.56
04/19/2021,74.88
04/20/2021,74.73
04/22/2021,74.94
04/23/2021,74.91
04/26/2021,74.77
04/27/2021,74.60
04/28/2021,74.40
04/29/2021,74.06
04/30/2021,74.02
05/03/2021,74.18
05/04/2021,73.85
05/05/2021,73.97
05/06/2021,73.94
05/07/2021,73.74
05/10/2021,73.41
05/11/2021,73.45
05/12/2021,73.44
05/14/2021,73.37
05/17/2021,73.24
05/18/2021,73.04
05/19/2021,72.97
05/20/2021,73.12
05/21/2021,73.02
05/24/2021,72.90
05/25/2021,72.80
05/27/2021,72.64
05/28/2021,72.48
05/31/2021,72.52
06/01/2021,72.77
06/02/2021,73.21
06/03/2021,73.12
06/04/2021,73.03
06/07/2021,72.81
06/08/2021,72.84
06/09/2021,72.98
06/10/2021,72.99
06/11/2021,72.98
06/14/2021,73.19
06/15/2021,73.28
06/16/2021,73.37
06/17/2021,73.73
06/18/2021,74.14
06/21/2021,74.15
06/22/2021,74.13
06/23/2021,74.37
06/24/2021,74.24
06/25/2021,74.18
06/28/2021,74.20
06/29/2021,74.22
06/30/2021,74.35
07/01/2021,74.39
07/02/2021,74.77
07/05/2021,74.39
07/06/2021,74.33
07/07/2021,74.74
07/08/2021,74.70
07/09/2021,74.64
07/12/2021,74.47
07/13/2021,74.49
07/14/2021,74.57
07/15/2021,74.52
07/16/2021,74.62
07/19/2021,74.79
07/20/2021,74.86
07/22/2021,74.37
07/23/2021,74.43
07/26/2021,74.46
07/27/2021,74.42
07/28/2021,74.44
07/29/2021,74.28
07/30/2021,74.39
08/02/2021,74.40
08/03/2021,74.30
08/04/2021,74.15
08/05/2021,74.26
08/06/2021,74.19
08/09/2021,74.23
08/10/2021,74.39
08/11/2021,74.43
08/12/2021,74.28
08/13/2021,74.30
08/17/2021,74.29
08/18/2021,74.30
08/20/2021,74.43
08/23/2021,74.28
08/24/2021,74.14
08/25/2021,74.30
08/26/2021,74.26
08/27/2021,74.13
08/30/2021,73.50
08/31/2021,73.15
09/01/2021,72.96
09/02/2021,72.98
09/03/2021,73.07
09/06/2021,73.06
09/07/2021,73.28
09/08/2021,73.65
09/09/2021,73.69
09/13/2021,73.64
09/14/2021,73.62
09/15/2021,73.67
09/16/2021,73.43
09/17/2021,73.49
09/20/2021,73.65
09/21/2021,73.59
09/22/2021,73.80
09/23/2021,73.73
09/24/2021,73.69
09/27/2021,73.66
09/28/2021,73.77
09/29/2021,74.15
09/30/2021,74.26
10/01/2021,74.26
10/04/2021,74.24
10/05/2021,74.53
10/06/2021,74.63
10/07/2021,74.86
10/08/2021,74.99
10/11/2021,75.13
10/12/2021,75.34
10/13/2021,75.46
10/14/2021,75.30
10/18/2021,75.34
10/20/2021,75.05
10/21/2021,74.76
10/22/2021,74.78
10/25/2021,75.02
10/26/2021,75.12
10/27/2021,74.95
10/28/2021,74.82
10/29/2021,74.79
11/01/2021,74.93
11/02/2021,74.76
11/03/2021,74.57
11/08/2021,74.11
11/09/2021,73.92
11/10/2021,74.17
11/11/2021,74.47
11/12/2021,74.47
11/15/2021,74.35
11/16/2021,74.45
11/17/2021,74.38
11/18/2021,74.16
11/22/2021,74.38
11/23/2021,74.50
11/24/2021,74.41
11/25/2021,74.51
11/26/2021,74.71
11/29/2021,75.09
11/30/2021,75.09
12/01/2021,74.92
12/02/2021,75.00
12/03/2021,74.99
12/06/2021,75.30
12/07/2021,75.35
12/08/2021,75.47
12/09/2021,75.50
12/10/2021,75.72
12/13/2021,75.71
12/14/2021,75.90
12/15/2021,76.04
12/16/2021,76.25
12/17/2021,76.17
12/20/2021,75.99
12/21/2021,75.59
12/22/2021,75.59
12/23/2021,75.35
12/24/2021,75.15
12/27/2021,75.11
12/28/2021,74.85
12/29/2021,74.74
12/30/2021,74.58
12/31/2021,74.30
01/03/2022,74.31
01/04/2022,74.57
01/05/2022,74.48
01/06/2022,74.44
01/07/2022,74.29
01/10/2022,74.16
01/11/2022,73.93
01/12/2022,74.00
01/13/2022,73.93
01/14/2022,74.12
01/17/2022,74.31
01/18/2022,74.41
01/19/2022,74.60
01/20/2022,74.36
01/21/2022,74.53
01/24/2022,74.58
01/25/2022,74.70
01/27/2022,75.17
01/28/2022,74.95
01/31/2022,74.97
02/01/2022,74.53
02/02/2022,74.83
02/03/2022,74.86
02/04/2022,74.72
02/08/2022,74.69
02/09/2022,74.82
02/10/2022,74.94
02/11/2022,75.35
02/14/2022,75.55
02/15/2022,75.66
02/16/2022,75.08
02/17/2022,75.09
02/18/2022,74.92
02/21/2022,74.48
02/22/2022,74.88
02/23/2022,74.62
02/24/2022,75.26
02/25/2022,75.28
02/28/2022,75.49
03/02/2022,75.72
03/03/2022,75.71
03/04/2022,76.12
03/07/2022,76.92
03/08/2022,76.88
03/09/2022,76.86
03/10/2022,76.12
03/11/2022,76.44
03/14/2022,76.61
03/15/2022,76.49
03/16/2022,76.35
03/17/2022,75.89
03/21/2022,76.13
03/22/2022,76.38
03/23/2022,76.19
03/24/2022,76.34
03/25/2022,76.18
03/28/2022,76.26
03/29/2022,75.97
03/30/2022,75.77
03/31/2022,75.81
04/04/2022,75.56
04/05/2022,75.39
04/06/2022,75.60
04/07/2022,75.80
04/08/2022,75.78
04/11/2022,75.96
04/12/2022,76.11
04/13/2022,76.22
04/18/2022,76.37
04/19/2022,76.28
04/20/2022,76.42
04/21/2022,76.21
04/22/2022,76.33
04/25/2022,76.74
04/26/2022,76.56
04/27/2022,76.64
04/28/2022,76.62
04/29/2022,76.42
05/02/2022,76.43
05/04/2022,76.48
05/05/2022,76.09
05/06/2022,76.75
05/09/2022,77.37
05/10/2022,77.35
05/11/2022,77.26
05/12/2022,77.59
05/13/2022,77.35
05/17/2022,77.65
05/18/2022,77.57
05/19/2022,77.70
05/20/2022,77.58
05/23/2022,77.59
05/24/2022,77.64
05/25/2022,77.51
05/26/2022,77.63
05/27/2022,77.66
05/30/2022,77.51
05/31/2022,77.66
06/01/2022,77.56
06/02/2022,77.59
06/03/2022,77.60
06/06/2022,77.67
06/07/2022,77.72
06/08/2022,77.73
06/09/2022,77.79
06/10/2022,77.84
06/13/2022,78.14
06/14/2022,78.00
06/15/2022,78.08
06/16/2022,78.09
06/17/2022,78.09
06/20/2022,78.00
06/21/2022,78.09
06/22/2022,78.21
06/23/2022,78.27
06/24/2022,78.33
06/27/2022,78.29
06/28/2022,78.70
06/29/2022,78.94
06/30/2022,78.94
07/01/2022,79.09
07/04/2022,78.99
07/05/2022,79.08
07/06/2022,79.33
07/07/2022,79.02
07/08/2022,79.25
07/11/2022,79.41
07/12/2022,79.64
07/13/2022,79.66
07/14/2022,79.87
07/15/2022,79.88
07/18/2022,79.90
07/19/2022,79.95
07/20/2022,79.97
07/21/2022,79.98
07/22/2022,79.91
07/25/2022,79.85
07/26/2022,79.79
07/27/2022,79.90
07/28/2022,79.74
07/29/2022,79.42
08/01/2022,79.17
08/02/2022,78.61
08/03/2022,78.84
08/04/2022,79.54
08/05/2022,79.12
08/08/2022,79.58
08/10/2022,79.50
08/11/2022,79.49
08/12/2022,79.70
08/17/2022,79.43
08/18/2022,79.67
08/19/2022,79.75
08/22/2022,79.87
08/23/2022,79.89
08/24/2022,79.79
08/25/2022,79.87
08/26/2022,79.91
08/29/2022,80.09
08/30/2022,79.72
09/01/2022,79.40
09/02/2022,79.79
09/05/2022,79.89
09/06/2022,79.89
09/07/2022,79.92
09/08/2022,79.67
09/09/2022,79.64
09/12/2022,79.68
09/13/2022,79.06
09/14/2022,79.58
09/15/2022,79.58
09/16/2022,79.82
09/19/2022,79.67
09/20/2022,79.68
09/21/2022,79.92
09/22/2022,80.72
09/23/2022,80.92
09/26/2022,81.58
09/27/2022,81.37
09/28/2022,81.90
09/29/2022,81.86
09/30/2022,81.55
10/03/2022,81.74
10/04/2022,81.43
10/06/2022,81.70
10/07/2022,82.40
10/10/2022,82.40
10/11/2022,82.39
10/12/2022,82.24
10/13/2022,82.40
10/14/2022,82.39
10/17/2022,82.40
10/18/2022,82.23
10/19/2022,82.37
10/20/2022,83.20
10/21/2022,82.86
10/25/2022,82.76
10/27/2022,82.39
10/28/2022,82.41
10/31/2022,82.39
11/01/2022,82.71
11/02/2022,82.77
11/03/2022,82.88
11/04/2022,82.53
11/07/2022,82.21
11/09/2022,81.48
11/10/2022,81.74
11/11/2022,80.65
11/14/2022,81.23
11/15/2022,81.43
11/16/2022,81.34
11/17/2022,81.63
11/18/2022,81.70
11/21/2022,81.77
11/22/2022,81.77
11/23/2022,81.82
11/24/2022,81.77
11/25/2022,81.53
11/28/2022,81.75
11/29/2022,81.71
11/30/2022,81.60
12/01/2022,81.15
12/02/2022,81.18
12/05/2022,81.59
12/06/2022,82.28
12/07/2022,82.54
12/08/2022,82.28
12/09/2022,82.21
12/12/2022,82.64
12/13/2022,82.72
12/14/2022,82.52
12/15/2022,82.48
12/16/2022,82.82
12/19/2022,82.64
12/20/2022,82.79
12/21/2022,82.77
12/22/2022,82.67
12/23/2022,82.87
12/26/2022,82.74
12/27/2022,82.79
12/28/2022,82.92
12/29/2022,82.83
12/30/2022,82.79
01/02/2023,82.63
01/03/2023,82.78
01/04/2023,82.91
01/05/2023,82.70
01/06/2023,82.63
01/09/2023,82.37
01/10/2023,82.21
01/11/2023,81.70
01/12/2023,81.72
01/13/2023,81.43
01/16/2023,81.37
01/17/2023,81.77
01/18/2023,81.65
01/19/2023,81.36
01/20/2023,81.22
01/23/2023,81.28
01/24/2023,81.60
01/25/2023,81.63
01/27/2023,81.54
01/30/2023,81.66
01/31/2023,81.74
02/01/2023,81.85
02/02/2023,81.95
02/03/2023,82.23
02/06/2023,82.45
02/07/2023,82.70
02/08/2023,82.67
02/09/2023,82.61
02/10/2023,82.58
02/13/2023,82.70
02/14/2023,82.72
02/15/2023,82.86
02/16/2023,82.64
02/17/2023,82.81
02/20/2023,82.69
02/21/2023,82.76
02/22/2023,82.84
02/23/2023,82.76
02/24/2023,82.74
02/27/2023,82.91
02/28/2023,82.68
03/01/2023,82.55
03/02/2023,82.56
03/03/2023,82.26
03/06/2023,81.74
03/08/2023,82.09
03/09/2023,81.92
03/10/2023,82.01
03/13/2023,81.91
03/14/2023,82.36
03/15/2023,82.50
03/16/2023,82.68
03/17/2023,82.47
03/20/2023,82.50
03/21/2023,82.68
03/23/2023,82.16
03/24/2023,82.24
03/27/2023,82.36
03/28/2023,82.21
03/29/2023,82.36
03/31/2023,82.22
04/03/2023,82.39
04/05/2023,82.19
04/06/2023,81.98
04/10/2023,81.91
04/11/2023,82.09
04/12/2023,82.07
04/13/2023,81.98
04/17/2023,81.95
04/18/2023,82.07
04/19/2023,82.12
04/20/2023,82.16
04/21/2023,82.15
04/24/2023,82.05
04/25/2023,81.90
04/26/2023,81.92
04/27/2023,81.65
04/28/2023,81.78
05/02/2023,81.76
05/03/2023,81.86
05/04/2023,81.74
05/08/2023,81.76
05/09/2023,82.02
05/10/2023,82.02
05/11/2023,82.04
05/12/2023,82.16
05/15/2023,82.28
05/16/2023,82.27
05/17/2023,82.37
05/18/2023,82.48
05/19/2023,82.70
05/22/2023,82.80
05/23/2023,82.80
05/24/2023,82.72
05/25/2023,82.75
05/26/2023,82.72
05/29/2023,82.55
05/30/2023,82.73
05/31/2023,82.68
06/01/2023,82.46
06/02/2023,82.32
06/05/2023,82.58
06/06/2023,82.64
06/07/2023,82.53
06/08/2023,82.58
06/09/2023,82.43
06/12/2023,82.46
06/13/2023,82.39
06/14/2023,82.31
06/15/2023,82.20
06/16/2023,81.88
06/19/2023,81.97
06/20/2023,82.12
06/21/2023,82.10
06/22/2023,81.92
06/23/2023,82.05
06/26/2023,81.97
06/27/2023,81.96
06/28/2023,82.01
06/30/2023,82.04
07/03/2023,81.86
07/04/2023,81.97
07/05/2023,82.16
07/06/2023,82.46
07/07/2023,82.68
07/10/2023,82.63
07/11/2023,82.35
07/12/2023,82.28
07/13/2023,82.12
07/14/2023,82.10
07/17/2023,82.15
07/18/2023,82.05
07/19/2023,82.10
07/20/2023,82.04
07/21/2023,82.02
07/24/2023,81.92
07/25/2023,81.81
07/26/2023,81.99
07/27/2023,81.99
07/28/2023,82.25
07/31/2023,82.25
08/01/2023,82.28
08/02/2023,82.53
08/03/2023,82.72
08/04/2023,82.80
08/07/2023,82.74
08/08/2023,82.80
08/09/2023,82.82
08/10/2023,82.84
08/11/2023,82.78
08/14/2023,82.95
08/17/2023,83.13
08/18/2023,83.09
08/21/2023,83.11
08/22/2023,83.07
08/23/2023,82.92
08/24/2023,82.55
08/25/2023,82.65
08/28/2023,82.61
08/29/2023,82.65
08/30/2023,82.77
08/31/2023,82.68
09/01/2023,82.66
09/04/2023,82.74
09/05/2023,82.94
09/06/2023,83.09
09/07/2023,83.18
09/08/2023,83.16
09/11/2023,82.88
09/12/2023,82.98
09/13/2023,82.95
09/14/2023,82.98
09/15/2023,83.06
09/18/2023,83.21
09/20/2023,83.26
09/21/2023,83.15
09/22/2023,82.95
09/25/2023,83.10
09/26/2023,83.23
09/27/2023,83.22
09/28/2023,83.16
09/29/2023,83.06
10/03/2023,83.18
10/04/2023,83.26
10/05/2023,83.24
10/06/2023,83.24
10/09/2023,83.25
10/10/2023,83.26
10/11/2023,83.24
10/12/2023,83.18
10/13/2023,83.26
10/16/2023,83.26
10/17/2023,83.26
10/18/2023,83.26
10/19/2023,83.27
10/20/2023,83.20
10/23/2023,83.17
10/25/2023,83.15
10/26/2023,83.24
10/27/2023,83.25
10/30/2023,83.27
10/31/2023,83.27
11/01/2023,83.28
11/02/2023,83.26
11/03/2023,83.27
11/06/2023,83.22
11/07/2023,83.27
11/08/2023,83.27
11/09/2023,83.28
11/10/2023,83.35
11/13/2023,83.32
11/15/2023,83.13
11/16/2023,83.24
11/17/2023,83.26
11/20/2023,83.33
11/21/2023,83.35
11/22/2023,83.34
11/23/2023,83.36
11/24/2023,83.37
11/28/2023,83.39
11/29/2023,83.32
11/30/2023,83.35
12/01/2023,83.36
12/04/2023,83.34
12/05/2023,83.39
12/06/2023,83.35
12/07/2023,83.36
12/08/2023,83.37
12/11/2023,83.39
12/12/2023,83.38
12/13/2023,83.39
12/14/2023,83.35
12/15/2023,83.18
12/18/2023,83.02
12/19/2023,83.18
12/20/2023,83.15
12/21/2023,83.27
12/22/2023,83.25
12/26/2023,83.17
12/27/2023,83.32
12/28/2023,83.23
12/29/2023,83.12
01/01/2024,83.20
01/02/2024,83.33
01/03/2024,83.32
01/04/2024,83.30
01/05/2024,83.18
01/08/2024,83.07
01/09/2024,83.13
01/10/2024,83.15
01/11/2024,82.94
01/12/2024,82.99
01/15/2024,82.85
01/16/2024,82.98
01/17/2024,83.13
01/18/2024,83.12
01/19/2024,83.13
01/23/2024,83.10
01/24/2024,83.15
01/25/2024,83.12
01/29/2024,83.15
01/30/2024,83.12
01/31/2024,83.08
02/01/2024,82.96
02/02/2024,82.84
02/05/2024,83.03
02/06/2024,83.06
02/07/2024,82.98
02/08/2024,82.98
02/09/2024,83.00
02/12/2024,83.00
02/13/2024,83.02
02/14/2024,83.09
02/15/2024,83.01
02/16/2024,83.04
02/20/2024,82.97
02/21/2024,82.89
02/22/2024,82.92
02/23/2024,82.89
02/26/2024,82.89
02/27/2024,82.89
02/28/2024,82.92
02/29/2024,82.92
03/01/2024,82.87
03/04/2024,82.90
03/05/2024,82.93
03/06/2024,82.91
03/07/2024,82.78
03/11/2024,82.68
03/12/2024,82.75
03/13/2024,82.90
03/14/2024,82.87
03/15/2024,82.89
03/18/2024,82.91
03/19/2024,82.94
03/20/2024,83.10
03/21/2024,83.13
03/22/2024,83.35
03/26/2024,83.36
03/27/2024,83.33
03/28/2024,83.37
04/02/2024,83.36
04/03/2024,83.42
04/04/2024,83.45
04/05/2024,83.41
04/08/2024,83.32
04/10/2024,83.23
04/12/2024,83.39
04/15/2024,83.44
04/16/2024,83.50
04/18/2024,83.52
04/19/2024,83.52
04/22/2024,83.41
04/23/2024,83.38
04/24/2024,83.30
04/25/2024,83.38
04/26/2024,83.34
04/29/2024,83.44
04/30/2024,83.52
05/02/2024,83.45
05/03/2024,83.38
05/06/2024,83.47
05/07/2024,83.50
05/08/2024,83.51
05/09/2024,83.50
05/10/2024,83.49
05/13/2024,83.52
05/14/2024,83.52
05/15/2024,83.51
05/16/2024,83.50
05/17/2024,83.48
05/21/2024,83.36
05/22/2024,83.23
05/24/2024,83.12
05/27/2024,83.08
05/28/2024,83.16
05/29/2024,83.33
05/30/2024,83.42
05/31/2024,83.30
06/03/2024,83.07
06/04/2024,83.50
06/05/2024,83.39
06/06/2024,83.46
06/07/2024,83.43
06/10/2024,83.49
06/11/2024,83.51
06/12/2024,83.56
06/13/2024,83.55
06/14/2024,83.55
06/18/2024,83.48
06/19/2024,83.43
06/20/2024,83.53
06/21/2024,83.59
06/24/2024,83.51
06/25/2024,83.43
06/26/2024,83.54
06/27/2024,83.49
06/28/2024,83.45
07/01/2024,83.40
07/02/2024,83.52
07/03/2024,83.53
07/04/2024,83.50
07/05/2024,83.50
07/08/2024,83.48
07/09/2024,83.48
07/10/2024,83.49
07/11/2024,83.53
07/12/2024,83.54
07/15/2024,83.57
07/16/2024,83.58
07/18/2024,83.64
07/19/2024,83.64
07/22/2024,83.67
07/23/2024,83.66
07/24/2024,83.70
07/25/2024,83.71
07/26/2024,83.73
07/29/2024,83.74
07/30/2024,83.73
07/31/2024,83.74
08/01/2024,83.73
08/02/2024,83.74
08/05/2024,83.84
08/06/2024,83.91
08/07/2024,83.95
08/08/2024,83.96
08/09/2024,83.90
08/12/2024,83.97
08/13/2024,83.97
08/14/2024,83.94
08/16/2024,83.96
08/19/2024,83.92
08/20/2024,83.78
08/21/2024,83.92
08/22/2024,83.96
08/23/2024,83.87
08/26/2024,83.85
08/27/2024,83.94
08/28/2024,83.97
08/29/2024,83.89
08/30/2024,83.87
09/02/2024,83.88
09/03/2024,83.95
09/04/2024,83.97
09/05/2024,83.98
09/06/2024,83.93
09/09/2024,83.94
09/10/2024,83.97
09/11/2024,83.95
09/12/2024,83.98
09/13/2024,83.92
09/16/2024,83.89
09/17/2024,83.83
09/19/2024,83.62
09/20/2024,83.49
09/23/2024,83.51
09/24/2024,83.63
09/25/2024,83.55
09/26/2024,83.70
09/27/2024,83.67
09/30/2024,83.79
10/01/2024,83.81
10/03/2024,83.95
10/04/2024,83.97
10/07/2024,83.97
10/08/2024,83.94
10/09/2024,83.96
10/10/2024,83.97
10/11/2024,84.06
10/14/2024,84.07
10/15/2024,84.07
10/16/2024,84.07
10/17/2024,84.03
10/18/2024,84.07
10/21/2024,84.07
10/22/2024,84.07
10/23/2024,84.08
10/24/2024,84.07
10/25/2024,84.08
10/28/2024,84.08
10/29/2024,84.08
10/30/2024,84.08
10/31/2024,84.09
11/04/2024,84.11
11/05/2024,84.12
11/06/2024,84.24
11/07/2024,84.36
11/08/2024,84.38
11/11/2024,84.38
11/12/2024,84.40
11/13/2024,84.41
11/14/2024,84.41
11/18/2024,84.39
11/19/2024,84.40
11/21/2024,84.46
11/22/2024,84.50
11/25/2024,84.28
11/26/2024,84.28
11/27/2024,84.47
11/28/2024,84.49
11/29/2024,84.50
12/02/2024,84.68
12/03/2024,84.75
12/04/2024,84.69
12/05/2024,84.73
12/06/2024,84.66
12/09/2024,84.73
12/10/2024,84.85
12/11/2024,84.84
12/12/2024,84.87
12/13/2024,84.84
12/16/2024,84.83
12/17/2024,84.93
12/18/2024,84.94
12/19/2024,85.07
12/20/2024,85.09
12/23/2024,85.07
12/24/2024,85.19
12/26/2024,85.27
12/27/2024,85.59
12/30/2024,85.47
12/31/2024,85.62
01/01/2025,85.71
01/02/2025,85.79
01/03/2025,85.76
01/06/2025,85.83
01/07/2025,85.72
01/08/2025,85.84
01/09/2025,85.88
01/10/2025,85.90
01/13/2025,86.44
01/14/2025,86.55
01/15/2025,86.50
01/16/2025,86.49
01/17/2025,86.58
01/20/2025,86.55
01/21/2025,86.51
01/22/2025,86.57
01/23/2025,86.46
01/24/2025,86.29
01/27/2025,86.42
01/28/2025,86.54
01/29/2025,86.58
01/30/2025,86.58
01/31/2025,86.64
02/03/2025,87.12
02/04/2025,87.12
02/05/2025,87.22
02/06/2025,87.56
02/07/2025,87.48
02/10/2025,87.59
02/11/2025,86.89
02/12/2025,86.85
02/13/2025,86.88
02/14/2025,86.89
02/17/2025,86.77
02/18/2025,86.97
02/20/2025,86.70
02/21/2025,86.65
02/24/2025,86.69
02/25/2025,87.00
02/27/2025,87.21
02/28/2025,87.40
03/03/2025,87.33
03/04/2025,87.38
03/05/2025,87.09
03/06/2025,87.09
03/07/2025,87.06
03/10/2025,87.24
03/11/2025,87.33
03/12/2025,87.26
03/13/2025,87.08
03/17/2025,86.79
03/18/2025,86.67
03/19/2025,86.50
03/20/2025,86.30
03/21/2025,86.22
03/24/2025,85.83
03/25/2025,85.73
03/26/2025,85.87
03/27/2025,85.76
03/28/2025,85.58
04/02/2025,85.60
04/03/2025,85.65
04/04/2025,85.23
04/07/2025,85.81
04/08/2025,85.91
04/09/2025,86.62
04/11/2025,86.14
04/15/2025,85.69
04/16/2025,85.65
04/17/2025,85.57
04/21/2025,85.16
04/22/2025,85.10
04/23/2025,85.44
04/24/2025,85.51
04/25/2025,85.58
04/28/2025,85.20
04/29/2025,85.20
04/30/2025,85.05
05/02/2025,83.86
05/05/2025,84.24
05/06/2025,84.54
05/07/2025,84.57
05/08/2025,84.86
05/09/2025,85.64
05/13/2025,84.89
05/14/2025,85.30
05/15/2025,85.59
05/16/2025,85.57
05/19/2025,85.49
05/20/2025,85.46
05/21/2025,85.55
05/22/2025,85.67
05/23/2025,85.68
05/26/2025,84.90
05/27/2025,85.32
05/28/2025,85.69
05/29/2025,85.50
05/30/2025,85.48
06/02/2025,85.44
06/03/2025,85.46
06/04/2025,85.96
06/05/2025,85.77
06/06/2025,85.79
06/09/2025,85.50
06/10/2025,85.59
06/11/2025,85.45
06/12/2025,85.54
06/13/2025,86.10
06/16/2025,86.02
06/17/2025,86.10
06/18/2025,86.30
06/19/2025,86.70
06/20/2025,86.61
06/23/2025,86.81
06/24/2025,86.10
06/25/2025,85.87
06/26/2025,85.75
06/27/2025,85.56
06/30/2025,85.54
07/01/2025,85.62
07/02/2025,85.69
07/03/2025,85.51
07/04/2025,85.39
07/07/2025,85.81
07/08/2025,85.72
07/09/2025,85.80
07/10/2025,85.58
07/11/2025,85.85
07/14/2025,85.99
07/15/2025,85.83
07/16/2025,85.81
07/17/2025,85.91
07/18/2025,86.20
07/21/2025,86.22
07/22/2025,86.26
07/23/2025,86.37
07/24/2025,86.33
07/25/2025,86.52
07/28/2025,86.55
07/29/2025,86.84
07/30/2025,87.27
07/31/2025,87.55
08/01/2025,87.35
08/04/2025,87.50
08/05/2025,87.79
08/06/2025,87.70
08/07/2025,87.69
08/08/2025,87.62
08/11/2025,87.58
08/12/2025,87.67
08/13/2025,87.70
08/14/2025,87.49
08/18/2025,87.41
08/19/2025,87.18
08/20/2025,87.09
08/21/2025,86.97
08/22/2025,87.44
08/25/2025,87.42
08/26/2025,87.74
08/28/2025,87.66
08/29/2025,87.85
09/01/2025,88.26
09/02/2025,88.03
09/03/2025,88.11
09/04/2025,88.16
09/05/2025,88.32
09/09/2025,88.14
09/10/2025,88.13
09/11/2025,88.26
09/12/2025,88.28
09/15/2025,88.27
09/16/2025,88.05
09/17/2025,87.75
09/18/2025,88.12
09/19/2025,88.31
09/22/2025,88.14
09/23/2025,88.74
09/24/2025,88.76
09/25/2025,88.67
09/26/2025,88.72
09/29/2025,88.76
09/30/2025,88.79
10/01/2025,88.68
10/03/2025,88.78
10/06/2025,88.79
10/07/2025,88.73
10/08/2025,88.79
10/09/2025,88.79
10/10/2025,88.69
10/13/2025,88.78
10/14/2025,88.79
10/15/2025,88.29
10/16/2025,87.90
10/17/2025,87.91
10/20/2025,87.79
10/23/2025,87.95
10/24/2025,87.71
10/27/2025,88.06
10/28/2025,88.30
10/29/2025,88.28
10/30/2025,88.60
10/31/2025,88.72
11/03/2025,88.79
11/04/2025,88.64
11/06/2025,88.60
11/07/2025,88.70
11/10/2025,88.68
11/11/2025,88.70
11/12/2025,88.64
11/13/2025,88.72
11/14/2025,88.74
11/17/2025,88.63
11/18/2025,88.63
11/19/2025,88.46
11/20/2025,88.69
11/21/2025,88.64
11/24/2025,89.19
11/25/2025,89.22
11/26/2025,89.26
11/27/2025,89.29
11/28/2025,89.46
12/01/2025,89.74
12/02/2025,89.89
12/03/2025,90.27
12/04/2025,90.19
12/05/2025,89.92
12/08/2025,90.17
12/09/2025,89.96
12/10/2025,89.88
12/11/2025,90.37
12/12/2025,90.39
12/15/2025,90.72
12/16/2025,91.02
12/17/2025,90.33
12/18/2025,90.13
12/19/2025,90.20
12/22/2025,89.55
12/23/2025,89.83
12/24/2025,89.77
12/26/2025,89.83
12/29/2025,89.98
12/30/2025,89.94
12/31/2025,89.92
01/01/2026,89.98
01/02/2026,90.12
01/05/2026,90.27
01/06/2026,90.18
01/07/2026,89.94
01/08/2026,89.89
01/09/2026,90.14
01/12/2026,90.19
01/13/2026,90.27
01/14/2026,90.20
01/16/2026,90.65
01/19/2026,90.97
01/20/2026,91.04
01/21/2026,91.55
01/22/2026,91.58
01/23/2026,91.62
01/27/2026,91.82
01/28/2026,91.69
01/29/2026,91.96
01/30/2026,91.90
02/02/2026,91.64
02/03/2026,90.45
02/04/2026,90.47
02/05/2026,90.40
02/06/2026,90.42
02/09/2026,90.40
02/10/2026,90.58
02/11/2026,90.57
02/12/2026,90.59
02/13/2026,90.74
02/16/2026,90.71
02/17/2026,90.77
02/18/2026,90.67
02/20/2026,90.95
02/23/2026,90.75
02/24/2026,90.97
02/25/2026,90.95
02/26/2026,90.91
02/27/2026,90.95
03/02/2026,91.45
03/04/2026,92.28
03/05/2026,91.63
03/06/2026,91.68
03/09/2026,92.26
03/10/2026,92.02
03/11/2026,91.93
03/12/2026,92.35
03/13/2026,92.44
03/16/2026,92.40
03/17/2026,92.46
03/18/2026,92.45
03/20/2026,93.35
03/23/2026,93.90
03/24/2026,93.88
03/25/2026,93.97
03/27/2026,94.60
03/30/2026,94.65
04/02/2026,93.21
04/06/2026,93.06
04/07/2026,92.96
04/08/2026,92.56
04/09/2026,92.71
04/10/2026,92.65
04/13/2026,93.37
04/15/2026,93.39
04/16/2026,93.34
04/17/2026,92.72
04/20/2026,93.07
04/21/2026,93.44
04/22/2026,93.84
04/23/2026,94.08
04/24/2026,94.30
04/27/2026,94.22
04/28/2026,94.52
04/29/2026,94.79
04/30/2026,95.24
05/04/2026,94.94
05/05/2026,95.36
05/06/2026,95.16
05/07/2026,94.78
05/08/2026,94.44
05/11/2026,95.20
05/12/2026,95.56
05/13/2026,95.65
05/14/2026,95.75
05/15/2026,95.93
05/18/2026,96.29
05/19/2026,96.34
05/20/2026,96.84
05/21/2026,96.32
05/22/2026,95.96
05/25/2026,95.20
05/26/2026,95.44
05/27/2026,95.79
05/29/2026,95.38
06/01/2026,94.89
06/02/2026,95.17
06/03/2026,95.78
06/04/2026,95.74
06/05/2026,95.40
06/08/2026,95.62
06/09/2026,95.64
06/10/2026,95.19
06/11/2026,95.72
06/12/2026,95.38
06/15/2026,94.68
06/16/2026,94.70
06/17/2026,94.38
06/18/2026,94.28
06/19/2026,94.47
06/22/2026,94.49
06/23/2026,94.71
06/24/2026,94.70
06/25/2026,94.48
06/29/2026,94.35
06/30/2026,94.60
07/01/2026,94.73
07/02/2026,95.27
07/03/2026,95.24
07/06/2026,95.43
07/07/2026,95.31
07/08/2026,95.22
07/09/2026,95.37
07/10/2026,95.31
07/13/2026,95.83
07/14/2026,96.11
07/15/2026,96.22
07/16/2026,96.32
07/17/2026,96.37
07/20/2026,96.51
07/21/2026,96.25
07/22/2026,96.47
07/23/2026,96.54
07/24/2026,96.54
07/27/2026,96.19
07/28/2026,95.80
07/29/2026,95.72
07/30/2026,95.73
07/31/2026,95.37
08/03/2026,95.26
08/04/2026,95.35
08/05/2026,95.12
08/06/2026,95.21
08/07/2026,95.21
08/10/2026,95.26
08/11/2026,95.43
08/12/2026,95.43
08/13/2026,95.41
08/14/2026,95.43
08/17/2026,95.60
08/18/2026,95.68