date,NEER,USDINR,USDINR_MONTHLY_VOL,OIL_BRENT,CPI_YOY,EPU,FX_RESERVES,REPO_RATE,FED_RATE,IIP_YOY,REER_BIS,REER_RBI,REER_CPI,LOG_NEER,LOG_USDINR,LOG_OIL,LOG_RESERVES,LOG_EPU,D_LOG_NEER,D_LOG_USDINR,D_LOG_OIL,D_LOG_RESERVES,D_LOG_EPU,DELTA_RESERVES,INT_DIFF,D_INT_DIFF,D_CPI,OIL_SHOCK,OIL_MAX_12,NOPI
1954-07-01,,,,,,,,,0.25,,,,,,,,,,,,,,,,,,,0,,
1954-08-01,,,,,,,,,1.44,,,,,,,,,,,,,,,,,,,0,,
1954-09-01,,,,,,,,,1.44,,,,,,,,,,,,,,,,,,,0,,
1954-10-01,,,,,,,,,1.13,,,,,,,,,,,,,,,,,,,0,,
1954-11-01,,,,,,,,,1.38,,,,,,,,,,,,,,,,,,,0,,
1954-12-01,,,,,,,,,1.44,,,,,,,,,,,,,,,,,,,0,,
1955-01-01,,,,,,,,,1.44,,,,,,,,,,,,,,,,,,,0,,
1955-02-01,,,,,,,,,1.44,,,,,,,,,,,,,,,,,,,0,,
1955-03-01,,,,,,,,,1.44,,,,,,,,,,,,,,,,,,,0,,
1955-04-01,,,,,,,,,1.69,,,,,,,,,,,,,,,,,,,0,,
1955-05-01,,,,,,,,,1.69,,,,,,,,,,,,,,,,,,,0,,
1955-06-01,,,,,,,,,1.69,,,,,,,,,,,,,,,,,,,0,,
1955-07-01,,,,,,,,,1.75,,,,,,,,,,,,,,,,,,,0,,
1955-08-01,,,,,,,,,2.0,,,,,,,,,,,,,,,,,,,0,,
1955-09-01,,,,,,,,,2.19,,,,,,,,,,,,,,,,,,,0,,
1955-10-01,,,,,,,,,2.25,,,,,,,,,,,,,,,,,,,0,,
1955-11-01,,,,,,,,,2.44,,,,,,,,,,,,,,,,,,,0,,
1955-12-01,,,,,,,,,2.5,,,,,,,,,,,,,,,,,,,0,,
1956-01-01,,,,,,,,,2.5,,,,,,,,,,,,,,,,,,,0,,
1956-02-01,,,,,,,,,2.5,,,,,,,,,,,,,,,,,,,0,,
1956-03-01,,,,,,,,,2.5,,,,,,,,,,,,,,,,,,,0,,
1956-04-01,,,,,,,,,2.75,,,,,,,,,,,,,,,,,,,0,,
1956-05-01,,,,,,,,,2.75,,,,,,,,,,,,,,,,,,,0,,
1956-06-01,,,,,,,,,2.75,,,,,,,,,,,,,,,,,,,0,,
1956-07-01,,,,,,,,,2.69,,,,,,,,,,,,,,,,,,,0,,
1956-08-01,,,,,,,,,3.0,,,,,,,,,,,,,,,,,,,0,,
1956-09-01,,,,,,,,,3.0,,,,,,,,,,,,,,,,,,,0,,
1956-10-01,,,,,,,,,3.0,,,,,,,,,,,,,,,,,,,0,,
1956-11-01,,,,,,,,,3.0,,,,,,,,,,,,,,,,,,,0,,
1956-12-01,,,,,,,,,3.0,,,,,,,,,,,,,,,,,,,0,,
1957-01-01,,,,,,,,,3.0,,,,,,,,,,,,,,,,,,,0,,
1957-02-01,,,,,,,,,3.0,,,,,,,,,,,,,,,,,,,0,,
1957-03-01,,,,,,,,,2.94,,,,,,,,,,,,,,,,,,,0,,
1957-04-01,,,,,,,,,3.0,,,,,,,,,,,,,,,,,,,0,,
1957-05-01,,,,,,,,,3.0,,,,,,,,,,,,,,,,,,,0,,
1957-06-01,,,,,,,,,3.0,,,,,,,,,,,,,,,,,,,0,,
1957-07-01,,,,,,,,,2.88,,,,,,,,,,,,,,,,,,,0,,
1957-08-01,,,,,,,,,3.5,,,,,,,,,,,,,,,,,,,0,,
1957-09-01,,,,,,,,,3.5,,,,,,,,,,,,,,,,,,,0,,
1957-10-01,,,,,,,,,3.5,,,,,,,,,,,,,,,,,,,0,,
1957-11-01,,,,,,,,,3.0,,,,,,,,,,,,,,,,,,,0,,
1957-12-01,,,,,,,,,3.0,,,,,,,,,,,,,,,,,,,0,,
1958-01-01,,,,,3.71,,,,1.5,,,,,,,,,,,,,,,,,,,0,,
1958-02-01,,,,,2.72,,,,0.5,,,,,,,,,,,,,,,,,,-0.9899999999999998,0,,
1958-03-01,,,,,2.72,,,,0.5,,,,,,,,,,,,,,,,,,0.0,0,,
1958-04-01,,,,,1.7,,,,0.25,,,,,,,,,,,,,,,,,,-1.0200000000000002,0,,
1958-05-01,,,,,2.89,,,,0.13,,,,,,,,,,,,,,,,,,1.1900000000000002,0,,
1958-06-01,,,,,3.55,,,,0.5,,,,,,,,,,,,,,,,,,0.6599999999999997,0,,
1958-07-01,,,,,6.15,,,,0.38,,,,,,,,,,,,,,,,,,2.6000000000000005,0,,
1958-08-01,,,,,6.09,,,,1.75,,,,,,,,,,,,,,,,,,-0.0600000000000005,0,,
1958-09-01,,,,,6.28,,,,1.5,,,,,,,,,,,,,,,,,,0.1900000000000004,0,,
1958-10-01,,,,,8.67,,,,2.0,,,,,,,,,,,,,,,,,,2.3899999999999997,0,,
1958-11-01,,,,,7.21,,,,2.5,,,,,,,,,,,,,,,,,,-1.46,0,,
1958-12-01,,,,,5.15,,,,2.38,,,,,,,,,,,,,,,,,,-2.0599999999999996,0,,
1959-01-01,,,,,5.49,,,,2.5,,,,,,,,,,,,,,,,,,0.33999999999999986,0,,
1959-02-01,,,,,7.47,,,,2.5,,,,,,,,,,,,,,,,,,1.9799999999999995,0,,
1959-03-01,,,,,6.51,,,,3.0,,,,,,,,,,,,,,,,,,-0.96,0,,
1959-04-01,,,,,5.49,,,,3.0,,,,,,,,,,,,,,,,,,-1.0199999999999996,0,,
1959-05-01,,,,,5.15,,,,3.25,,,,,,,,,,,,,,,,,,-0.33999999999999986,0,,
1959-06-01,,,,,4.34,,,,3.0,,,,,,,,,,,,,,,,,,-0.8100000000000005,0,,
1959-07-01,,,,,4.23,,,,3.5,,,,,,,,,,,,,,,,,,-0.10999999999999943,0,,
1959-08-01,,,,,4.19,,,,3.5,,,,,,,,,,,,,,,,,,-0.040000000000000036,0,,
1959-09-01,,,,,2.41,,,,3.0,,,,,,,,,,,,,,,,,,-1.7800000000000002,0,,
1959-10-01,,,,,2.59,,,,4.0,,,,,,,,,,,,,,,,,,0.17999999999999972,0,,
1959-11-01,,,,,3.25,,,,4.0,,,,,,,,,,,,,,,,,,0.6600000000000001,0,,
1959-12-01,,,,,4.23,,,,4.0,,,,,,,,,,,,,,,,,,0.9800000000000004,0,,
1960-01-01,,,,1.6,4.3,,,,4.0,,,,,,,0.47000362924573563,,,,,,,,,,,0.0699999999999994,0,,
1960-02-01,,,,1.6,3.36,,,,4.0,,,,,,,0.47000362924573563,,,,,0.0,,,,,,-0.94,0,,
1960-03-01,,,,1.6,3.39,,,,4.0,,,,,,,0.47000362924573563,,,,,0.0,,,,,,0.03000000000000025,0,,
1960-04-01,,,,1.6,4.3,,,,4.0,,,,,,,0.47000362924573563,,,,,0.0,,,,,,0.9099999999999997,0,,
1960-05-01,,,,1.6,3.34,,,,3.5,,,,,,,0.47000362924573563,,,,,0.0,,,,,,-0.96,0,,
1960-06-01,,,,1.6,2.41,,,,3.5,,,,,,,0.47000362924573563,,,,,0.0,,,,,,-0.9299999999999997,0,,
1960-07-01,,,,1.6,1.71,,,,3.25,,,,,,,0.47000362924573563,,,,,0.0,,,,,,-0.7000000000000002,0,,
1960-08-01,,,,1.6,0.85,,,,3.0,,,,,,,0.47000362924573563,,,,,0.0,,,,,,-0.86,0,,
1960-09-01,,,,1.6,0.85,,,,3.0,,,,,,,0.47000362924573563,,,,,0.0,,,,,,0.0,0,,
1960-10-01,,,,1.6,-0.84,,,,2.75,,,,,,,0.47000362924573563,,,,,0.0,,,,,,-1.69,0,,
1960-11-01,,,,1.6,-1.68,,,,0.25,,,,,,,0.47000362924573563,,,,,0.0,,,,,,-0.84,0,,
1960-12-01,,,,1.6,0.0,,,,3.0,,,,,,,0.47000362924573563,,,,,0.0,,,,,,1.68,0,,
1961-01-01,,,,1.6,0.65,,,,2.25,,,,,,,0.47000362924573563,,,,,0.0,,,,,,0.65,0,1.6,0.0
1961-02-01,,,,1.6,0.65,,,,2.0,,,,,,,0.47000362924573563,,,,,0.0,,,,,,0.0,0,1.6,0.0
1961-03-01,,,,1.6,2.41,,,,2.0,,,,,,,0.47000362924573563,,,,,0.0,,,,,,1.7600000000000002,0,1.6,0.0
1961-04-01,,,,1.6,1.52,,,,0.5,,,,,,,0.47000362924573563,,,,,0.0,,,,,,-0.8900000000000001,0,1.6,0.0
1961-05-01,,,,1.6,0.86,,,,1.0,,,,,,,0.47000362924573563,,,,,0.0,,,,,,-0.66,0,1.6,0.0
1961-06-01,,,,1.6,0.85,,,,0.5,,,,,,,0.47000362924573563,,,,,0.0,,,,,,-0.010000000000000009,0,1.6,0.0
1961-07-01,,,,1.6,0.84,,,,2.5,,,,,,,0.47000362924573563,,,,,0.0,,,,,,-0.010000000000000009,0,1.6,0.0
1961-08-01,,,,1.6,1.47,,,,1.75,,,,,,,0.47000362924573563,,,,,0.0,,,,,,0.63,0,1.6,0.0
1961-09-01,,,,1.6,2.33,,,,1.5,,,,,,,0.47000362924573563,,,,,0.0,,,,,,0.8600000000000001,0,1.6,0.0
1961-10-01,,,,1.6,2.33,,,,2.0,,,,,,,0.47000362924573563,,,,,0.0,,,,,,0.0,0,1.6,0.0
1961-11-01,,,,1.6,3.21,,,,1.75,,,,,,,0.47000362924573563,,,,,0.0,,,,,,0.8799999999999999,0,1.6,0.0
1961-12-01,,,,1.6,3.21,,,,2.5,,,,,,,0.47000362924573563,,,,,0.0,,,,,,0.0,0,1.6,0.0
1962-01-01,,,,1.5,3.45,,,,1.5,,,,,,,0.4054651081081644,,,,,-0.06453852113757125,,,,,,0.2400000000000002,0,1.6,0.0
1962-02-01,,,,1.5,3.45,,,,2.75,,,,,,,0.4054651081081644,,,,,0.0,,,,,,0.0,0,1.6,0.0
1962-03-01,,,,1.5,2.56,,,,2.75,,,,,,,0.4054651081081644,,,,,0.0,,,,,,-0.8900000000000001,0,1.6,0.0
1962-04-01,,,,1.5,3.21,,,,2.5,,,,,,,0.4054651081081644,,,,,0.0,,,,,,0.6499999999999999,0,1.6,0.0
1962-05-01,,,,1.5,4.06,,,,2.75,,,,,,,0.4054651081081644,,,,,0.0,,,,,,0.8499999999999996,0,1.6,0.0
1962-06-01,,,,1.5,4.03,,,,2.75,,,,,,,0.4054651081081644,,,,,0.0,,,,,,-0.02999999999999936,0,1.6,0.0
1962-07-01,,,,1.5,3.75,,,,2.75,,,,,,,0.4054651081081644,,,,,0.0,,,,,,-0.28000000000000025,0,1.6,0.0
1962-08-01,,,,1.5,3.93,,,,3.0,,,,,,,0.4054651081081644,,,,,0.0,,,,,,0.18000000000000016,0,1.6,0.0
1962-09-01,,,,1.5,3.93,,,,2.75,,,,,,,0.4054651081081644,,,,,0.0,,,,,,0.0,0,1.6,0.0
1962-10-01,,,,1.5,4.76,,,,3.0,,,,,,,0.4054651081081644,,,,,0.0,,,,,,0.8299999999999996,0,1.6,0.0
1962-11-01,,,,1.5,3.93,,,,2.88,,,,,,,0.4054651081081644,,,,,0.0,,,,,,-0.8299999999999996,0,1.6,0.0
1962-12-01,,,,1.5,2.48,,,,3.0,,,,,,,0.4054651081081644,,,,,0.0,,,,,,-1.4500000000000002,0,1.6,0.0
1963-01-01,,,,1.5,2.29,,,,3.0,,,,,,,0.4054651081081644,,,,,0.0,,,,,,-0.18999999999999995,0,1.5,0.0
1963-02-01,,,,1.5,1.46,,,,3.0,,,,,,,0.4054651081081644,,,,,0.0,,,,,,-0.8300000000000001,0,1.5,0.0
1963-03-01,,,,1.5,2.29,,,,3.0,,,,,,,0.4054651081081644,,,,,0.0,,,,,,0.8300000000000001,0,1.5,0.0
1963-04-01,,,,1.5,2.48,,,,3.0,,,,,,,0.4054651081081644,,,,,0.0,,,,,,0.18999999999999995,0,1.5,0.0
1963-05-01,,,,1.5,2.26,,,,3.0,,,,,,,0.4054651081081644,,,,,0.0,,,,,,-0.2200000000000002,0,1.5,0.0
1963-06-01,,,,1.5,3.05,,,,3.0,,,,,,,0.4054651081081644,,,,,0.0,,,,,,0.79,0,1.5,0.0
1963-07-01,,,,1.5,2.41,,,,3.5,,,,,,,0.4054651081081644,,,,,0.0,,,,,,-0.6399999999999997,0,1.5,0.0
1963-08-01,,,,1.5,2.39,,,,3.5,,,,,,,0.4054651081081644,,,,,0.0,,,,,,-0.020000000000000018,0,1.5,0.0
1963-09-01,,,,1.5,2.99,,,,3.5,,,,,,,0.4054651081081644,,,,,0.0,,,,,,0.6000000000000001,0,1.5,0.0
1963-10-01,,,,1.5,2.96,,,,3.5,,,,,,,0.4054651081081644,,,,,0.0,,,,,,-0.03000000000000025,0,1.5,0.0
1963-11-01,,,,1.5,3.78,,,,3.5,,,,,,,0.4054651081081644,,,,,0.0,,,,,,0.8199999999999998,0,1.5,0.0
1963-12-01,,,,1.5,6.87,,,,3.25,,,,,,,0.4054651081081644,,,,,0.0,,,,,,3.0900000000000003,0,1.5,0.0
1964-01-01,,,,1.5,7.74,,,,3.5,,,,,,,0.4054651081081644,,,,,0.0,,,,,,0.8700000000000001,0,1.5,0.0
1964-02-01,,,,1.5,10.06,,,,3.5,,,,,,,0.4054651081081644,,,,,0.0,,,,,,2.3200000000000003,0,1.5,0.0
1964-03-01,,,,1.5,9.98,,,,3.5,,,,,,,0.4054651081081644,,,,,0.0,,,,,,-0.08000000000000007,0,1.5,0.0
1964-04-01,,,,1.5,9.9,,,,3.5,,,,,,,0.4054651081081644,,,,,0.0,,,,,,-0.08000000000000007,0,1.5,0.0
1964-05-01,,,,1.5,11.45,,,,3.5,,,,,,,0.4054651081081644,,,,,0.0,,,,,,1.549999999999999,0,1.5,0.0
1964-06-01,,,,1.5,11.86,,,,3.5,,,,,,,0.4054651081081644,,,,,0.0,,,,,,0.41000000000000014,0,1.5,0.0
1964-07-01,,,,1.5,14.12,,,,3.5,,,,,,,0.4054651081081644,,,,,0.0,,,,,,2.26,0,1.5,0.0
1964-08-01,,,,1.5,14.59,,,,3.5,,,,,,,0.4054651081081644,,,,,0.0,,,,,,0.47000000000000064,0,1.5,0.0
1964-09-01,,,,1.5,16.05,,,,2.75,,,,,,,0.4054651081081644,,,,,0.0,,,,,,1.4600000000000009,0,1.5,0.0
1964-10-01,,,,1.5,18.23,,,,3.5,,,,,,,0.4054651081081644,,,,,0.0,,,,,,2.1799999999999997,0,1.5,0.0
1964-11-01,,,,1.5,18.23,,,,4.0,,,,,,,0.4054651081081644,,,,,0.0,,,,,,0.0,0,1.5,0.0
1964-12-01,,,,1.5,17.01,,,,4.0,,,,,,,0.4054651081081644,,,,,0.0,,,,,,-1.2199999999999989,0,1.5,0.0
1965-01-01,,,,1.4,17.77,,,,4.0,,,,,,,0.3364722366212129,,,,,-0.06899287148695149,,,,,,0.759999999999998,0,1.5,0.0
1965-02-01,,,,1.4,14.18,,,,4.0,,,,,,,0.3364722366212129,,,,,0.0,,,,,,-3.59,0,1.5,0.0
1965-03-01,,,,1.4,11.11,,,,4.0,,,,,,,0.3364722366212129,,,,,0.0,,,,,,-3.0700000000000003,0,1.5,0.0
1965-04-01,,,,1.4,11.03,,,,4.13,,,,,,,0.3364722366212129,,,,,0.0,,,,,,-0.08000000000000007,0,1.5,0.0
1965-05-01,,,,1.4,9.55,,,,4.13,,,,,,,0.3364722366212129,,,,,0.0,,,,,,-1.4799999999999986,0,1.5,0.0
1965-06-01,,,,1.4,8.83,,,,4.13,,,,,,,0.3364722366212129,,,,,0.0,,,,,,-0.7200000000000006,0,1.5,0.0
1965-07-01,,,,1.4,8.93,,,,4.13,,,,,,,0.3364722366212129,,,,,0.0,,,,,,0.09999999999999964,0,1.5,0.0
1965-08-01,,,,1.4,9.0,,,,4.0,,,,,,,0.3364722366212129,,,,,0.0,,,,,,0.07000000000000028,0,1.5,0.0
1965-09-01,,,,1.4,8.33,,,,4.13,,,,,,,0.3364722366212129,,,,,0.0,,,,,,-0.6699999999999999,0,1.5,0.0
1965-10-01,,,,1.4,5.52,,,,4.13,,,,,,,0.3364722366212129,,,,,0.0,,,,,,-2.8100000000000005,0,1.5,0.0
1965-11-01,,,,1.4,6.01,,,,4.13,,,,,,,0.3364722366212129,,,,,0.0,,,,,,0.4900000000000002,0,1.5,0.0
1965-12-01,,,,1.4,5.49,,,,4.63,,,,,,,0.3364722366212129,,,,,0.0,,,,,,-0.5199999999999996,0,1.5,0.0
1966-01-01,,,,1.4,4.82,,,,4.5,,,,,,,0.3364722366212129,,,,,0.0,,,,,,-0.6699999999999999,0,1.4,0.0
1966-02-01,,,,1.4,7.35,,,,4.63,,,,,,,0.3364722366212129,,,,,0.0,,,,,,2.5299999999999994,0,1.4,0.0
1966-03-01,,,,1.4,9.5,,,,4.75,,,,,,,0.3364722366212129,,,,,0.0,,,,,,2.1500000000000004,0,1.4,0.0
1966-04-01,,,,1.4,9.44,,,,4.63,,,,,,,0.3364722366212129,,,,,0.0,,,,,,-0.0600000000000005,0,1.4,0.0
1966-05-01,,,,1.4,12.34,,,,4.75,,,,,,,0.3364722366212129,,,,,0.0,,,,,,2.9000000000000004,0,1.4,0.0
1966-06-01,,,,1.4,13.47,,,,5.5,,,,,,,0.3364722366212129,,,,,0.0,,,,,,1.1300000000000008,0,1.4,0.0
1966-07-01,,,,1.4,11.99,,,,5.75,,,,,,,0.3364722366212129,,,,,0.0,,,,,,-1.4800000000000004,0,1.4,0.0
1966-08-01,,,,1.4,11.68,,,,4.5,,,,,,,0.3364722366212129,,,,,0.0,,,,,,-0.3100000000000005,0,1.4,0.0
1966-09-01,,,,1.4,10.92,,,,5.75,,,,,,,0.3364722366212129,,,,,0.0,,,,,,-0.7599999999999998,0,1.4,0.0
1966-10-01,,,,1.4,11.54,,,,5.75,,,,,,,0.3364722366212129,,,,,0.0,,,,,,0.6199999999999992,0,1.4,0.0
1966-11-01,,,,1.4,12.25,,,,5.75,,,,,,,0.3364722366212129,,,,,0.0,,,,,,0.7100000000000009,0,1.4,0.0
1966-12-01,,,,1.4,13.94,,,,5.0,,,,,,,0.3364722366212129,,,,,0.0,,,,,,1.6899999999999995,0,1.4,0.0
1967-01-01,,,,1.3,13.94,,,,4.0,,,,,,,0.26236426446749106,,,,,-0.07410797215372183,,,,,,0.0,0,1.4,0.0
1967-02-01,,,,1.3,13.85,,,,4.75,,,,,,,0.26236426446749106,,,,,0.0,,,,,,-0.08999999999999986,0,1.4,0.0
1967-03-01,,,,1.3,14.92,,,,4.5,,,,,,,0.26236426446749106,,,,,0.0,,,,,,1.0700000000000003,0,1.4,0.0
1967-04-01,,,,1.3,15.43,,,,4.0,,,,,,,0.26236426446749106,,,,,0.0,,,,,,0.5099999999999998,0,1.4,0.0
1967-05-01,,,,1.3,13.91,,,,4.13,,,,,,,0.26236426446749106,,,,,0.0,,,,,,-1.5199999999999996,0,1.4,0.0
1967-06-01,,,,1.3,14.02,,,,3.5,,,,,,,0.26236426446749106,,,,,0.0,,,,,,0.10999999999999943,0,1.4,0.0
1967-07-01,,,,1.3,13.24,,,,3.75,,,,,,,0.26236426446749106,,,,,0.0,,,,,,-0.7799999999999994,0,1.4,0.0
1967-08-01,,,,1.3,13.25,,,,4.0,,,,,,,0.26236426446749106,,,,,0.0,,,,,,0.009999999999999787,0,1.4,0.0
1967-09-01,,,,1.3,12.07,,,,3.75,,,,,,,0.26236426446749106,,,,,0.0,,,,,,-1.1799999999999997,0,1.4,0.0
1967-10-01,,,,1.3,12.97,,,,4.13,,,,,,,0.26236426446749106,,,,,0.0,,,,,,0.9000000000000004,0,1.4,0.0
1967-11-01,,,,1.3,11.32,,,,4.5,,,,,,,0.26236426446749106,,,,,0.0,,,,,,-1.6500000000000004,0,1.4,0.0
1967-12-01,,,,1.3,8.6,,,,4.5,,,,,,,0.26236426446749106,,,,,0.0,,,,,,-2.7200000000000006,0,1.4,0.0
1968-01-01,,,,1.3,11.69,,,,4.75,,,,,,,0.26236426446749106,,,,,0.0,,,,,,3.09,0,1.3,0.0
1968-02-01,,,,1.3,9.49,,,,4.75,,,,,,,0.26236426446749106,,,,,0.0,,,,,,-2.1999999999999993,0,1.3,0.0
1968-03-01,,,,1.3,6.49,,,,5.25,,,,,,,0.26236426446749106,,,,,0.0,,,,,,-3.0,0,1.3,0.0
1968-04-01,,,,1.3,5.9,,,,6.25,,,,,,,0.26236426446749106,,,,,0.0,,,,,,-0.5899999999999999,0,1.3,0.0
1968-05-01,,,,1.3,2.96,,,,6.13,,,,,,,0.26236426446749106,,,,,0.0,,,,,,-2.9400000000000004,0,1.3,0.0
1968-06-01,,,,1.3,1.38,,,,5.5,,,,,,,0.26236426446749106,,,,,0.0,,,,,,-1.58,0,1.3,0.0
1968-07-01,,,,1.3,0.0,,,,6.0,,,,,,,0.26236426446749106,,,,,0.0,,,,,,-1.38,0,1.3,0.0
1968-08-01,,,,1.3,1.23,,,,5.75,,,,,,,0.26236426446749106,,,,,0.0,,,,,,1.23,0,1.3,0.0
1968-09-01,,,,1.3,2.35,,,,5.5,,,,,,,0.26236426446749106,,,,,0.0,,,,,,1.12,0,1.3,0.0
1968-10-01,,,,1.3,1.47,,,,6.0,,,,,,,0.26236426446749106,,,,,0.0,,,,,,-0.8800000000000001,0,1.3,0.0
1968-11-01,,,,1.3,-0.37,,,,6.0,,,,,,,0.26236426446749106,,,,,0.0,,,,,,-1.8399999999999999,0,1.3,0.0
1968-12-01,,,,1.3,-2.23,,,,4.0,,,,,,,0.26236426446749106,,,,,0.0,,,,,,-1.8599999999999999,0,1.3,0.0
1969-01-01,,,,1.3,-5.54,,,,6.38,,,,,,,0.26236426446749106,,,,,0.0,,,,,,-3.31,0,1.3,0.0
1969-02-01,,,,1.3,-4.64,,,,7.0,,,,,,,0.26236426446749106,,,,,0.0,,,,,,0.9000000000000004,0,1.3,0.0
1969-03-01,,,,1.3,-2.36,,,,6.25,,,,,,,0.26236426446749106,,,,,0.0,,,,,,2.28,0,1.3,0.0
1969-04-01,,,,1.3,-2.23,,,,8.0,,,,,,,0.26236426446749106,,,,,0.0,,,,,,0.1299999999999999,0,1.3,0.0
1969-05-01,,,,1.3,-0.25,,,,9.38,,,,,,,0.26236426446749106,,,,,0.0,,,,,,1.98,0,1.3,0.0
1969-06-01,,,,1.3,1.73,,,,7.5,,,,,,,0.26236426446749106,,,,,0.0,,,,,,1.98,0,1.3,0.0
1969-07-01,,,,1.3,2.86,,,,8.75,,,,,,,0.26236426446749106,,,,,0.0,,,,,,1.13,0,1.3,0.0
1969-08-01,,,,1.3,0.61,,,,9.75,,,,,,,0.26236426446749106,,,,,0.0,,,,,,-2.25,0,1.3,0.0
1969-09-01,,,,1.3,0.0,,,,8.5,,,,,,,0.26236426446749106,,,,,0.0,,,,,,-0.61,0,1.3,0.0
1969-10-01,,,,1.3,-1.08,,,,9.0,,,,,,,0.26236426446749106,,,,,0.0,,,,,,-1.08,0,1.3,0.0
1969-11-01,,,,1.3,0.62,,,,9.25,,,,,,,0.26236426446749106,,,,,0.0,,,,,,1.7000000000000002,0,1.3,0.0
1969-12-01,,,,1.3,3.54,,,,5.0,,,,,,,0.26236426446749106,,,,,0.0,,,,,,2.92,0,1.3,0.0
1970-01-01,,,,1.2,4.2,,,,9.38,,,,224.63,,,0.1823215567939546,,,,,-0.08004270767353647,,,,,,0.6600000000000001,0,1.3,0.0
1970-02-01,,,,1.2,4.74,,,,8.5,,,,223.81,,,0.1823215567939546,,,,,0.0,,,,,,0.54,0,1.3,0.0
1970-03-01,,,,1.2,5.35,,,,7.5,,,,224.99,,,0.1823215567939546,,,,,0.0,,,,,,0.6099999999999994,0,1.3,0.0
1970-04-01,,,,1.2,5.82,,,,8.5,,,,225.44,,,0.1823215567939546,,,,,0.0,,,,,,0.47000000000000064,0,1.3,0.0
1970-05-01,,,,1.2,5.76,,,,7.88,,,,227.52,,,0.1823215567939546,,,,,0.0,,,,,,-0.0600000000000005,0,1.3,0.0
1970-06-01,,,,1.2,4.01,,,,5.75,,,,229.12,,,0.1823215567939546,,,,,0.0,,,,,,-1.75,0,1.3,0.0
1970-07-01,,,,1.2,3.87,,,,6.75,,,,229.19,,,0.1823215567939546,,,,,0.0,,,,,,-0.13999999999999968,0,1.3,0.0
1970-08-01,,,,1.2,4.47,,,,6.5,,,,230.32,,,0.1823215567939546,,,,,0.0,,,,,,0.5999999999999996,0,1.3,0.0
1970-09-01,,,,1.2,4.96,,,,5.0,,,,230.25,,,0.1823215567939546,,,,,0.0,,,,,,0.4900000000000002,0,1.3,0.0
1970-10-01,,,,1.2,6.2,,,,6.13,,,,230.07,,,0.1823215567939546,,,,,0.0,,,,,,1.2400000000000002,0,1.3,0.0
1970-11-01,,,,1.2,6.72,,,,5.5,,,,228.97,,,0.1823215567939546,,,,,0.0,,,,,,0.5199999999999996,0,1.3,0.0
1970-12-01,,,,1.2,5.01,,,,3.0,,,,224.36,,,0.1823215567939546,,,,,0.0,,,,,,-1.71,0,1.3,0.0
1971-01-01,,,,1.6,3.91,,,,4.0,,,,220.1,,,0.47000362924573563,,,,,0.287682072451781,,,,,,-1.0999999999999996,1,1.2,0.40000000000000013
1971-02-01,,,,1.6,3.91,,,,3.38,,,,218.82,,,0.47000362924573563,,,,,0.0,,,,,,0.0,0,1.6,0.0
1971-03-01,,,,1.6,2.78,,,,4.5,,,,217.98,,,0.47000362924573563,,,,,0.0,,,,,,-1.1300000000000003,0,1.6,0.0
1971-04-01,,,,1.6,1.67,,,,4.25,,,,216.33,,,0.47000362924573563,,,,,0.0,,,,,,-1.1099999999999999,0,1.6,0.0
1971-05-01,,,,1.6,0.59,,,,4.88,,,,214.49,,,0.47000362924573563,,,,,0.0,,,,,,-1.08,0,1.6,0.0
1971-06-01,,,,1.6,1.05,,,,4.75,,,,216.71,,,0.47000362924573563,,,,,0.0,,,,,,0.4600000000000001,0,1.6,0.0
1971-07-01,,,,1.7,2.21,,,,5.5,,,,218.97,,,0.5306282510621704,,,,,0.06062462181643474,,,,,,1.16,0,1.6,0.09999999999999987
1971-08-01,,,,1.7,3.7,,,,5.75,,,,221.51,,,0.5306282510621704,,,,,0.0,,,,,,1.4900000000000002,0,1.7,0.0
1971-09-01,,,,1.7,4.26,,,,5.38,,,,220.59,,,0.5306282510621704,,,,,0.0,,,,,,0.5599999999999996,0,1.7,0.0
1971-10-01,,,,1.7,3.67,,,,5.13,,,,217.66,,,0.5306282510621704,,,,,0.0,,,,,,-0.5899999999999999,0,1.7,0.0
1971-11-01,,,,1.7,4.24,,,,4.25,,,,218.23,,,0.5306282510621704,,,,,0.0,,,,,,0.5700000000000003,0,1.7,0.0
1971-12-01,,,,1.7,4.89,,,,3.0,,,,215.42,,,0.5306282510621704,,,,,0.0,,,,,,0.6499999999999995,0,1.7,0.0
1972-01-01,,,,1.8,5.41,,,,3.13,,,,210.93,,,0.5877866649021191,,,,,0.057158413839948685,,,,,,0.5200000000000005,0,1.7,0.10000000000000009
1972-02-01,,,,1.8,4.82,,,,3.25,,,,210.05,,,0.5877866649021191,,,,,0.0,,,,,,-0.5899999999999999,0,1.8,0.0
1972-03-01,,,,1.8,5.41,,,,4.0,,,,210.95,,,0.5877866649021191,,,,,0.0,,,,,,0.5899999999999999,0,1.8,0.0
1972-04-01,,,,1.8,6.0,,,,4.31,,,,210.29,,,0.5877866649021191,,,,,0.0,,,,,,0.5899999999999999,0,1.8,0.0
1972-05-01,,,,1.8,6.47,,,,4.75,,,,210.54,,,0.5877866649021191,,,,,0.0,,,,,,0.46999999999999975,0,1.8,0.0
1972-06-01,,,,1.8,7.41,,,,4.5,,,,212.49,,,0.5877866649021191,,,,,0.0,,,,,,0.9400000000000004,0,1.8,0.0
1972-07-01,,,,1.9,7.86,,,,4.5,,,,206.9,,,0.6418538861723947,,,,,0.054067221270275634,,,,,,0.4500000000000002,0,1.8,0.09999999999999987
1972-08-01,,,,1.9,6.7,,,,5.13,,,,208.53,,,0.6418538861723947,,,,,0.0,,,,,,-1.1600000000000001,0,1.9,0.0
1972-09-01,,,,1.9,6.19,,,,4.88,,,,208.0,,,0.6418538861723947,,,,,0.0,,,,,,-0.5099999999999998,0,1.9,0.0
1972-10-01,,,,1.9,6.63,,,,4.88,,,,204.64,,,0.6418538861723947,,,,,0.0,,,,,,0.4399999999999995,0,1.9,0.0
1972-11-01,,,,1.9,6.59,,,,5.19,,,,202.23,,,0.6418538861723947,,,,,0.0,,,,,,-0.040000000000000036,0,1.9,0.0
1972-12-01,,,,1.9,7.66,,,,5.5,,,,200.8,,,0.6418538861723947,,,,,0.0,,,,,,1.0700000000000003,0,1.9,0.0
1973-01-01,,,,2.1,8.26,,,,6.5,,,,199.24,,,0.7419373447293773,,,,,0.10008345855698264,,,,,,0.5999999999999996,0,1.9,0.20000000000000018
1973-02-01,,,,2.1,10.44,,,,7.5,,,,198.68,,,0.7419373447293773,,,,,0.0,,,,,,2.1799999999999997,0,2.1,0.0
1973-03-01,,,,2.1,11.38,,,,7.38,,,,196.35,,,0.7419373447293773,,,,,0.0,,,,,,0.9400000000000013,0,2.1,0.0
1973-04-01,,,,2.4,13.32,,,,7.63,,,,200.27,,,0.8754687373538999,,,,,0.13353139262452252,,,,,,1.9399999999999995,0,2.1,0.2999999999999998
1973-05-01,,,,2.4,16.35,,,,8.13,,,,206.57,,,0.8754687373538999,,,,,0.0,,,,,,3.030000000000001,0,2.4,0.0
1973-06-01,,,,2.4,15.95,,,,8.88,,,,208.4,,,0.8754687373538999,,,,,0.0,,,,,,-0.40000000000000213,0,2.4,0.0
1973-07-01,,,,2.7,18.48,,,,11.22,,,,208.36,,,0.9932517730102834,,,,,0.1177830356563836,,,,,,2.530000000000001,0,2.4,0.30000000000000027
1973-08-01,,,,2.7,19.35,,,,11.22,,,,208.83,,,0.9932517730102834,,,,,0.0,,,,,,0.870000000000001,0,2.7,0.0
1973-09-01,,,,2.7,19.25,,,,10.82,,,,204.11,,,0.9932517730102834,,,,,0.0,,,,,,-0.10000000000000142,0,2.7,0.0
1973-10-01,,,,4.1,21.55,,,,10.61,,,,206.5,,,1.410986973710262,,,,,0.4177352006999786,,,,,,2.3000000000000007,1,2.7,1.3999999999999995
1973-11-01,,,,4.1,23.3,,,,10.34,,,,211.86,,,1.410986973710262,,,,,0.0,,,,,,1.75,0,4.1,0.0
1973-12-01,,,,4.1,23.81,,,,9.83,,,,208.21,,,1.410986973710262,,,,,0.0,,,,,,0.509999999999998,0,4.1,0.0
1974-01-01,,,,13.0,25.67,,,,9.31,,,,207.41,,,2.5649493574615367,,,,,1.1539623837512747,,,,,,1.860000000000003,1,4.1,8.9
1974-02-01,,,,13.0,25.3,,,,8.87,,,,207.21,,,2.5649493574615367,,,,,0.0,,,,,,-0.370000000000001,0,13.0,0.0
1974-03-01,,,,13.0,27.25,,,,9.95,,,,212.15,,,2.5649493574615367,,,,,0.0,,,,,,1.9499999999999993,0,13.0,0.0
1974-04-01,,,,10.6,28.01,,,,11.0,,,,215.71,,,2.3608540011180215,,,,,-0.20409535634351528,,,,,,0.7600000000000016,1,13.0,0.0
1974-05-01,,,,10.6,28.96,,,,11.64,,,,222.3,,,2.3608540011180215,,,,,0.0,,,,,,0.9499999999999993,0,13.0,0.0
1974-06-01,,,,10.6,29.18,,,,13.31,,,,226.34,,,2.3608540011180215,,,,,0.0,,,,,,0.21999999999999886,0,13.0,0.0
1974-07-01,,,,10.0,28.07,,,,12.06,,,,232.4,,,2.302585092994046,,,,,-0.05826890812397556,,,,,,-1.1099999999999994,0,13.0,0.0
1974-08-01,,,,10.0,29.97,,,,11.6,,,,238.26,,,2.302585092994046,,,,,0.0,,,,,,1.8999999999999986,0,13.0,0.0
1974-09-01,,,,10.0,34.64,,,,11.11,,,,243.47,,,2.302585092994046,,,,,0.0,,,,,,4.670000000000002,0,13.0,0.0
1974-10-01,,,,10.3,31.88,,,,9.66,,,,240.39,,,2.33214389523559,,,,,0.029558802241544058,,,,,,-2.7600000000000016,0,13.0,0.0
1974-11-01,,,,10.3,27.84,,,,9.47,,,,234.86,,,2.33214389523559,,,,,0.0,,,,,,-4.039999999999999,0,13.0,0.0
1974-12-01,,,,10.3,25.4,,,,3.87,,,,227.49,,,2.33214389523559,,,,,0.0,,,,,,-2.4400000000000013,0,13.0,0.0
1975-01-01,,,,10.4,23.54,,,,6.76,,,,226.77,,,2.341805806147327,,,,,0.00966191091173707,,,,,,-1.8599999999999994,0,13.0,0.0
1975-02-01,,,,10.4,21.74,,,,6.07,,,,222.64,,,2.341805806147327,,,,,0.0,,,,,,-1.8000000000000007,0,13.0,0.0
1975-03-01,,,,10.4,16.77,,,,5.39,,,,218.88,,,2.341805806147327,,,,,0.0,,,,,,-4.969999999999999,0,13.0,0.0
1975-04-01,,,,10.4,14.15,,,,7.03,,,,215.77,,,2.341805806147327,,,,,0.0,,,,,,-2.619999999999999,0,10.6,0.0
1975-05-01,,,,10.4,11.19,,,,5.23,,,,210.87,,,2.341805806147327,,,,,0.0,,,,,,-2.960000000000001,0,10.6,0.0
1975-06-01,,,,10.4,8.99,,,,5.97,,,,207.73,,,2.341805806147327,,,,,0.0,,,,,,-2.1999999999999993,0,10.6,0.0
1975-07-01,,,,10.4,4.18,,,,6.23,,,,202.36,,,2.341805806147327,,,,,0.0,,,,,,-4.8100000000000005,0,10.4,0.0
1975-08-01,,,,10.4,0.0,,,,6.13,,,,197.6,,,2.341805806147327,,,,,0.0,,,,,,-4.18,0,10.4,0.0
1975-09-01,,,,10.4,-4.47,,,,6.22,,,,194.86,,,2.341805806147327,,,,,0.0,,,,,,-4.47,0,10.4,0.0
1975-10-01,,,,10.5,-5.62,,,,5.65,,,,190.76,,,2.3513752571634776,,,,,0.009569451016150587,,,,,,-1.1500000000000004,0,10.4,0.09999999999999964
1975-11-01,,,,10.5,-4.84,,,,5.29,,,,188.95,,,2.3513752571634776,,,,,0.0,,,,,,0.7800000000000002,0,10.5,0.0
1975-12-01,,,,10.5,-6.18,,,,5.37,,,,183.39,,,2.3513752571634776,,,,,0.0,,,,,,-1.3399999999999999,0,10.5,0.0
1976-01-01,,,,11.5,-8.57,,,,4.84,,,,177.35,,,2.4423470353692043,,,,,0.09097177820572666,,,,,,-2.3900000000000006,0,10.5,1.0
1976-02-01,,,,11.5,-10.73,,,,4.89,,,,171.04,,,2.4423470353692043,,,,,0.0,,,,,,-2.16,0,11.5,0.0
1976-03-01,,,,11.5,-10.92,,,,5.07,,,,168.95,,,2.4423470353692043,,,,,0.0,,,,,,-0.1899999999999995,0,11.5,0.0
1976-04-01,,,,11.5,-10.52,,,,5.1,,,,167.97,,,2.4423470353692043,,,,,0.0,,,,,,0.40000000000000036,0,11.5,0.0
1976-05-01,,,,11.5,-11.26,,,,5.67,,,,167.97,,,2.4423470353692043,,,,,0.0,,,,,,-0.7400000000000002,0,11.5,0.0
1976-06-01,,,,11.5,-11.29,,,,5.71,,,,169.4,,,2.4423470353692043,,,,,0.0,,,,,,-0.02999999999999936,0,11.5,0.0
1976-07-01,,,,11.6,-8.35,,,,5.32,,,,173.71,,,2.451005098112319,,,,,0.008658062743114758,,,,,,2.9399999999999995,0,11.5,0.09999999999999964
1976-08-01,,,,11.6,-7.15,,,,5.31,,,,172.56,,,2.451005098112319,,,,,0.0,,,,,,1.1999999999999993,0,11.6,0.0
1976-09-01,,,,11.6,-5.36,,,,5.31,,,,171.04,,,2.451005098112319,,,,,0.0,,,,,,1.79,0,11.6,0.0
1976-10-01,,,,11.9,-3.84,,,,5.02,,,,173.56,,,2.4765384001174837,,,,,0.025533302005164682,,,,,,1.5200000000000005,0,11.6,0.3000000000000007
1976-11-01,,,,11.9,-2.89,,,,4.69,,,,174.6,,,2.4765384001174837,,,,,0.0,,,,,,0.9499999999999997,0,11.9,0.0
1976-12-01,,,,11.9,0.0,,,,4.17,,,,174.46,,,2.4765384001174837,,,,,0.0,,,,,,2.89,0,11.9,0.0
1977-01-01,,,,12.5,2.98,,,,4.65,,,,171.58,,,2.5257286443082556,,,,,0.04919024419077189,,,,,,2.98,0,11.9,0.5999999999999996
1977-02-01,,,,12.5,6.87,,,,4.73,,,,171.81,,,2.5257286443082556,,,,,0.0,,,,,,3.89,0,12.5,0.0
1977-03-01,,,,12.5,9.08,,,,4.72,,,,171.82,,,2.5257286443082556,,,,,0.0,,,,,,2.21,0,12.5,0.0
1977-04-01,,,,12.4,8.31,,,,5.12,,,,169.68,,,2.517696472610991,,,,,-0.008032171697264445,,,,,,-0.7699999999999996,0,12.5,0.0
1977-05-01,,,,12.4,9.63,,,,5.47,,,,171.11,,,2.517696472610991,,,,,0.0,,,,,,1.3200000000000003,0,12.5,0.0
1977-06-01,,,,12.4,9.97,,,,5.64,,,,170.82,,,2.517696472610991,,,,,0.0,,,,,,0.33999999999999986,0,12.5,0.0
1977-07-01,,,,12.6,9.4,,,,5.86,,,,171.04,,,2.533696813957432,,,,,0.016000341346440905,,,,,,-0.5700000000000003,0,12.5,0.09999999999999964
1977-08-01,,,,12.6,9.66,,,,6.03,,,,174.0,,,2.533696813957432,,,,,0.0,,,,,,0.2599999999999998,0,12.6,0.0
1977-09-01,,,,12.6,9.61,,,,6.46,,,,176.04,,,2.533696813957432,,,,,0.0,,,,,,-0.05000000000000071,0,12.6,0.0
1977-10-01,,,,12.7,8.55,,,,6.6,,,,174.13,,,2.5416019934645457,,,,,0.007905179507113669,,,,,,-1.0599999999999987,0,12.6,0.09999999999999964
1977-11-01,,,,12.7,7.86,,,,6.56,,,,170.01,,,2.5416019934645457,,,,,0.0,,,,,,-0.6900000000000004,0,12.7,0.0
1977-12-01,,,,12.7,7.86,,,,6.53,,,,169.0,,,2.5416019934645457,,,,,0.0,,,,,,0.0,0,12.7,0.0
1978-01-01,,,,12.7,5.85,,,,6.79,,,,170.39,,,2.5416019934645457,,,,,0.0,,,,,,-2.0100000000000007,0,12.7,0.0
1978-02-01,,,,12.7,3.21,,,,6.83,,,,166.38,,,2.5416019934645457,,,,,0.0,,,,,,-2.6399999999999997,0,12.7,0.0
1978-03-01,,,,12.7,2.91,,,,6.97,,,,161.62,,,2.5416019934645457,,,,,0.0,,,,,,-0.2999999999999998,0,12.7,0.0
1978-04-01,,,,12.7,2.84,,,,7.25,,,,155.63,,,2.5416019934645457,,,,,0.0,,,,,,-0.07000000000000028,0,12.7,0.0
1978-05-01,,,,12.7,1.57,,,,7.43,,,,156.08,,,2.5416019934645457,,,,,0.0,,,,,,-1.2699999999999998,0,12.7,0.0
1978-06-01,,,,12.7,2.17,,,,8.01,,,,159.33,,,2.5416019934645457,,,,,0.0,,,,,,0.5999999999999999,0,12.7,0.0
1978-07-01,,,,12.8,1.53,,,,8.0,,,,161.01,,,2.5494451709255714,,,,,0.007843177461025697,,,,,,-0.6399999999999999,0,12.7,0.10000000000000142
1978-08-01,,,,12.8,1.26,,,,8.4,,,,157.7,,,2.5494451709255714,,,,,0.0,,,,,,-0.27,0,12.8,0.0
1978-09-01,,,,12.8,1.5,,,,8.9,,,,159.11,,,2.5494451709255714,,,,,0.0,,,,,,0.24,0,12.8,0.0
1978-10-01,,,,12.9,3.08,,,,9.35,,,,157.11,,,2.5572273113676265,,,,,0.007782140442055052,,,,,,1.58,0,12.8,0.09999999999999964
1978-11-01,,,,13.2,3.08,,,,9.94,,,,154.31,,,2.580216829592325,,,,,0.022989518224698635,,,,,,0.0,0,12.9,0.29999999999999893
1978-12-01,,,,14.5,1.51,,,,10.84,,,,152.34,,,2.6741486494265287,,,,,0.09393181983420362,,,,,,-1.57,0,13.2,1.3000000000000007
1979-01-01,,,,19.0,2.2,,,,10.57,,,,148.72,,,2.9444389791664403,,,,,0.2702903297399115,,,,,,0.6900000000000002,1,14.5,4.5
1979-02-01,,,,22.0,2.84,,,,10.24,,,,146.63,,,3.091042453358316,,,,,0.1466034741918758,,,,,,0.6399999999999997,0,19.0,3.0
1979-03-01,,,,23.3,3.44,,,,10.07,,,,147.94,,,3.1484533605716547,,,,,0.057410907213338636,,,,,,0.6000000000000001,0,22.0,1.3000000000000007
1979-04-01,,,,23.6,4.71,,,,10.43,,,,149.8,,,3.1612467120315646,,,,,0.012793351459909896,,,,,,1.27,0,23.3,0.3000000000000007
1979-05-01,,,,32.8,4.96,,,,10.31,,,,150.01,,,3.490428515390098,,,,,0.3291818033585332,,,,,,0.25,1,23.6,9.199999999999996
1979-06-01,,,,36.5,5.56,,,,10.54,,,,153.23,,,3.597312260588446,,,,,0.1068837451983482,,,,,,0.5999999999999996,0,32.8,3.700000000000003
1979-07-01,,,,35.0,7.02,,,,10.81,,,,154.63,,,3.5553480614894135,,,,,-0.041964199099032484,,,,,,1.46,0,36.5,0.0
1979-08-01,,,,35.8,8.76,,,,11.29,,,,154.59,,,3.5779478934066544,,,,,0.02259983191724091,,,,,,1.7400000000000002,0,36.5,0.0
1979-09-01,,,,36.5,8.05,,,,12.16,,,,152.66,,,3.597312260588446,,,,,0.019364367181791575,,,,,,-0.7099999999999991,0,36.5,0.0
1979-10-01,,,,38.5,7.32,,,,14.82,,,,151.72,,,3.6506582412937387,,,,,0.05334598070529273,,,,,,-0.7300000000000004,0,36.5,2.0
1979-11-01,,,,42.0,8.21,,,,13.96,,,,154.69,,,3.7376696182833684,,,,,0.08701137698962969,,,,,,0.8900000000000006,0,38.5,3.5
1979-12-01,,,,40.5,11.7,,,,14.77,,,,154.82,,,3.7013019741124933,,,,,-0.036367644170875124,,,,,,3.4899999999999984,0,42.0,0.0
1980-01-01,,,,40.0,11.73,,,,13.4,,,,152.53,,,3.6888794541139363,,,,,-0.012422519998557036,,,,,,0.030000000000001137,0,42.0,0.0
1980-02-01,,,,38.5,12.11,,,,16.33,,,,151.06,,,3.6506582412937387,,,,,-0.038221212820197525,,,,,,0.379999999999999,0,42.0,0.0
1980-03-01,,,,38.3,12.32,,,,19.85,,,,152.95,,,3.6454498961866,,,,,-0.005208345107138523,,,,,,0.21000000000000085,0,42.0,0.0
1980-04-01,,,,38.2,11.24,,,,14.64,,,,153.53,,,3.6428355156125294,,,,,-0.002614380574070818,,,,,,-1.08,0,42.0,0.0
1980-05-01,,,,38.5,12.71,,,,11.06,,,,152.27,,,3.6506582412937387,,,,,0.007822725681209342,,,,,,1.4700000000000006,0,42.0,0.0
1980-06-01,,,,38.0,11.86,,,,10.44,,,,151.22,,,3.6375861597263857,,,,,-0.013072081567353067,,,,,,-0.8500000000000014,0,42.0,0.0
1980-07-01,,,,37.4,11.59,,,,9.93,,,,154.21,,,3.6216707044204863,,,,,-0.01591545530589933,,,,,,-0.2699999999999996,0,42.0,0.0
1980-08-01,,,,33.6,10.28,,,,10.74,,,,156.34,,,3.5145260669691587,,,,,-0.10714463745132763,,,,,,-1.3100000000000005,0,42.0,0.0
1980-09-01,,,,33.4,10.73,,,,13.19,,,,156.41,,,3.5085558999826545,,,,,-0.005970166986504211,,,,,,0.45000000000000107,0,42.0,0.0
1980-10-01,,,,37.9,11.21,,,,13.77,,,,157.92,,,3.634951112088381,,,,,0.12639521210572635,,,,,,0.4800000000000004,0,42.0,0.0
1980-11-01,,,,40.8,11.65,,,,18.56,,,,161.04,,,3.708682081410116,,,,,0.07373096932173517,,,,,,0.4399999999999995,0,42.0,0.0
1980-12-01,,,,40.2,9.09,,,,22.0,,,,158.6,,,3.6938669956249757,,,,,-0.014815085785140347,,,,,,-2.5600000000000005,0,40.8,0.0
1981-01-01,,,,40.3,10.74,,,,17.25,,,,156.77,,,3.696351468952637,,,,,0.0024844733276614406,,,,,,1.6500000000000004,0,40.8,0.0
1981-02-01,,,,38.7,13.32,,,,15.53,,,,159.12,,,3.655839600035736,,,,,-0.04051186891690106,,,,,,2.58,0,40.8,0.0
1981-03-01,,,,38.3,12.59,,,,14.63,,,,158.59,,,3.6454498961866,,,,,-0.010389703849135845,,,,,,-0.7300000000000004,0,40.8,0.0
1981-04-01,,,,37.2,13.86,,,,18.92,,,,161.69,,,3.616308761279101,,,,,-0.029141134907499033,,,,,,1.2699999999999996,0,40.8,0.0
1981-05-01,,,,35.2,13.31,,,,17.56,,,,165.39,,,3.5610460826040513,,,,,-0.05526267867504986,,,,,,-0.5499999999999989,0,40.8,0.0
1981-06-01,,,,33.3,13.74,,,,18.64,,,,166.91,,,3.505557396986398,,,,,-0.0554886856176533,,,,,,0.4299999999999997,0,40.8,0.0
1981-07-01,,,,35.1,13.46,,,,17.46,,,,167.05,,,3.55820113047182,,,,,0.05264373348542195,,,,,,-0.27999999999999936,0,40.8,0.0
1981-08-01,,,,35.8,14.34,,,,16.83,,,,169.08,,,3.5779478934066544,,,,,0.01974676293483446,,,,,,0.879999999999999,0,40.8,0.0
1981-09-01,,,,35.9,13.41,,,,16.58,,,,162.87,,,3.580737295494233,,,,,0.0027894020875787184,,,,,,-0.9299999999999997,0,40.8,0.0
1981-10-01,,,,36.5,13.33,,,,14.44,,,,160.12,,,3.597312260588446,,,,,0.016574965094212857,,,,,,-0.08000000000000007,0,40.8,0.0
1981-11-01,,,,37.1,12.43,,,,12.44,,,,158.39,,,3.6136169696133895,,,,,0.01630470902494352,,,,,,-0.9000000000000004,0,40.8,0.0
1981-12-01,,,,36.7,12.73,,,,13.13,,,,157.56,,,3.6027767550605247,,,,,-0.010840214552864769,,,,,,0.3000000000000007,0,40.3,0.0
1982-01-01,,,,35.8,11.7,,,,14.21,,,,158.22,,,3.5779478934066544,,,,,-0.024828861653870327,,,,,,-1.0300000000000011,0,40.3,0.0
1982-02-01,,,,31.6,9.58,,,,13.74,,,,160.49,,,3.4531571205928664,,,,,-0.12479077281378803,,,,,,-2.119999999999999,0,38.7,0.0
1982-03-01,,,,29.3,8.81,,,,16.8,,,,160.82,,,3.3775875160230218,,,,,-0.07556960456984463,,,,,,-0.7699999999999996,0,38.3,0.0
1982-04-01,,,,33.1,7.51,,,,15.28,,,,160.67,,,3.4995332823830174,,,,,0.12194576635999566,,,,,,-1.3000000000000007,0,37.2,0.0
1982-05-01,,,,35.2,6.7,,,,13.38,,,,158.57,,,3.5610460826040513,,,,,0.06151280022103389,,,,,,-0.8099999999999996,0,37.1,0.0
1982-06-01,,,,34.6,7.05,,,,14.58,,,,163.84,,,3.543853682063679,,,,,-0.01719240054037252,,,,,,0.34999999999999964,0,37.1,0.0
1982-07-01,,,,33.7,6.92,,,,11.41,,,,166.81,,,3.517497837358316,,,,,-0.026355844705362674,,,,,,-0.1299999999999999,0,37.1,0.0
1982-08-01,,,,32.8,7.49,,,,10.63,,,,170.4,,,3.490428515390098,,,,,-0.02706932196821832,,,,,,0.5700000000000003,0,37.1,0.0
1982-09-01,,,,34.3,7.26,,,,12.17,,,,170.2,,,3.535145354171894,,,,,0.04471683878179622,,,,,,-0.23000000000000043,0,37.1,0.0
1982-10-01,,,,35.0,6.73,,,,9.41,,,,171.8,,,3.5553480614894135,,,,,0.020202707317519497,,,,,,-0.5299999999999994,0,37.1,0.0
1982-11-01,,,,33.8,7.36,,,,8.93,,,,173.3,,,3.520460802488973,,,,,-0.03488725900044054,,,,,,0.6299999999999999,0,37.1,0.0
1982-12-01,,,,31.8,8.05,,,,11.2,,,,169.51,,,3.459466289786131,,,,,-0.06099451270284195,,,,,,0.6900000000000004,0,36.7,0.0
1983-01-01,,,,30.9,7.83,,,,8.56,,,,164.92,,,3.4307561839036995,,,,,-0.028710105882431503,,,,,,-0.22000000000000064,0,35.8,0.0
1983-02-01,,,,29.1,9.17,,,,8.53,,,,166.69,,,3.370738174177447,,,,,-0.0600180097262526,,,,,,1.3399999999999999,0,35.2,0.0
1983-03-01,,,,28.2,9.85,,,,10.81,,,,167.45,,,3.339321977944068,,,,,-0.03141619623337899,,,,,,0.6799999999999997,0,35.2,0.0
1983-04-01,,,,29.8,10.71,,,,8.84,,,,168.62,,,3.3945083935113587,,,,,0.05518641556729076,,,,,,0.8600000000000012,0,35.2,0.0
1983-05-01,,,,29.6,12.79,,,,8.94,,,,171.58,,,3.3877743613300146,,,,,-0.006734032181344052,,,,,,2.0799999999999983,0,35.2,0.0
1983-06-01,,,,30.2,13.4,,,,10.06,,,,177.47,,,3.407841924380824,,,,,0.020067563050809145,,,,,,0.6100000000000012,0,35.0,0.0
1983-07-01,,,,30.8,13.18,,,,9.52,,,,180.45,,,3.427514689979529,,,,,0.019672765598705233,,,,,,-0.22000000000000064,0,35.0,0.0
1983-08-01,,,,31.1,12.51,,,,9.59,,,,184.37,,,3.4372078191851885,,,,,0.009693129205659456,,,,,,-0.6699999999999999,0,35.0,0.0
1983-09-01,,,,30.4,13.28,,,,10.59,,,,184.65,,,3.414442608412176,,,,,-0.022765210773012523,,,,,,0.7699999999999996,0,35.0,0.0
1983-10-01,,,,29.9,13.62,,,,9.43,,,,181.95,,,3.3978584803966405,,,,,-0.016584128015535438,,,,,,0.33999999999999986,0,35.0,0.0
1983-11-01,,,,29.2,13.09,,,,9.34,,,,183.06,,,3.374168709274236,,,,,-0.023689771122404668,,,,,,-0.5299999999999994,0,33.8,0.0
1983-12-01,,,,29.0,12.46,,,,9.92,,,,182.37,,,3.367295829986474,,,,,-0.006872879287761702,,,,,,-0.629999999999999,0,31.8,0.0
1984-01-01,,,,29.6,13.78,,,,9.35,,,,180.73,,,3.3877743613300146,,,,,0.020478531343540496,,,,,,1.3199999999999985,0,31.1,0.0
1984-02-01,,,,29.9,12.16,,,,9.45,,,,175.51,,,3.3978584803966405,,,,,0.010084119066625874,,,,,,-1.6199999999999992,0,31.1,0.0
1984-03-01,,,,30.1,11.13,,,,10.24,,,,170.27,,,3.40452517175483,,,,,0.006666691358189425,,,,,,-1.0299999999999994,0,31.1,0.0
1984-04-01,,,,30.1,10.01,,,,10.9,,,,169.95,,,3.40452517175483,,,,,0.0,,,,,,-1.120000000000001,0,31.1,0.0
1984-05-01,,,,29.9,7.85,,,,10.81,,,,171.28,,,3.3978584803966405,,,,,-0.006666691358189425,,,,,,-2.16,0,31.1,0.0
1984-06-01,,,,29.2,7.68,,,,10.85,,,,174.96,,,3.374168709274236,,,,,-0.023689771122404668,,,,,,-0.16999999999999993,0,31.1,0.0
1984-07-01,,,,27.9,8.12,,,,11.83,,,,178.68,,,3.32862668882732,,,,,-0.04554202044691591,,,,,,0.4399999999999995,0,31.1,0.0
1984-08-01,,,,28.1,6.74,,,,11.64,,,,176.03,,,3.3357695763397,,,,,0.007142887512380014,,,,,,-1.379999999999999,0,31.1,0.0
1984-09-01,,,,28.4,6.33,,,,11.23,,,,176.78,,,3.3463891451671604,,,,,0.010619568827460402,,,,,,-0.41000000000000014,0,30.4,0.0
1984-10-01,,,,27.8,6.13,,,,9.99,,,,175.25,,,3.3250360206965914,,,,,-0.02135312447056892,,,,,,-0.20000000000000018,0,30.1,0.0
1984-11-01,,,,27.7,6.06,,,,8.92,,,,173.49,,,3.3214324131932926,,,,,-0.0036036075032988,,,,,,-0.07000000000000028,0,30.1,0.0
1984-12-01,,,,27.0,5.19,,,,8.74,,,,172.1,,,3.295836866004329,,,,,-0.025595547188963508,,,,,,-0.8699999999999992,0,30.1,0.0
1985-01-01,,,,27.0,4.42,,,,8.73,,,,170.54,,,3.295836866004329,,,,,0.0,,,,,,-0.7700000000000005,0,30.1,0.0
1985-02-01,,,,28.2,4.28,,,,8.74,,,,168.94,,,3.339321977944068,,,,,0.04348511193973881,,,,,,-0.13999999999999968,0,30.1,0.0
1985-03-01,,,,28.1,5.04,,,,8.58,,,,168.16,,,3.3357695763397,,,,,-0.003552401604367983,,,,,,0.7599999999999998,0,30.1,0.0
1985-04-01,,,,27.9,6.27,,,,8.58,,,,168.66,,,3.32862668882732,,,,,-0.007142887512380014,,,,,,1.2299999999999995,0,30.1,0.0
1985-05-01,,,,26.7,6.74,,,,7.64,,,,169.77,,,3.2846635654062037,,,,,-0.04396312342111619,,,,,,0.47000000000000064,0,29.9,0.0
1985-06-01,,,,26.5,5.58,,,,7.95,,,,170.66,,,3.2771447329921766,,,,,-0.007518832414027177,,,,,,-1.1600000000000001,0,29.2,0.0
1985-07-01,,,,26.6,5.14,,,,8.61,,,,173.43,,,3.2809112157876537,,,,,0.0037664827954770885,,,,,,-0.4400000000000004,0,28.4,0.0
1985-08-01,,,,27.2,5.47,,,,7.8,,,,172.55,,,3.3032169733019514,,,,,0.022305757514297753,,,,,,0.33000000000000007,0,28.4,0.0
1985-09-01,,,,27.2,5.07,,,,8.84,,,,170.6,,,3.3032169733019514,,,,,0.0,,,,,,-0.39999999999999947,0,28.4,0.0
1985-10-01,,,,27.9,5.56,,,,8.08,,,,165.78,,,3.32862668882732,,,,,0.025409715525368526,,,,,,0.4899999999999993,0,28.2,0.0
1985-11-01,,,,29.1,5.9,,,,8.54,,,,163.55,,,3.370738174177447,,,,,0.04211148535012699,,,,,,0.34000000000000075,0,28.2,0.9000000000000021
1985-12-01,,,,25.9,7.14,,,,13.46,,,,160.5,,,3.254242968705492,,,,,-0.11649520547195502,,,,,,1.2399999999999993,0,29.1,0.0
1986-01-01,,,,25.8,6.96,,,,8.09,,,,156.33,,,3.250374491927572,,,,,-0.0038684767779200158,,,,,,-0.17999999999999972,0,29.1,0.0
1986-02-01,,,,17.6,8.22,,,,7.95,,,,151.03,,,2.8678989020441064,,,,,-0.3824755898834655,,,,,,1.2600000000000007,1,29.1,0.0
1986-03-01,,,,13.9,8.87,,,,7.42,,,,150.29,,,2.631888840136646,,,,,-0.23601006190746032,,,,,,0.6499999999999986,1,29.1,0.0
1986-04-01,,,,12.5,8.24,,,,7.05,,,,149.2,,,2.5257286443082556,,,,,-0.10616019582839042,,,,,,-0.629999999999999,0,29.1,0.0
1986-05-01,,,,14.2,8.52,,,,6.84,,,,147.25,,,2.653241964607215,,,,,0.12751332029895934,,,,,,0.27999999999999936,0,29.1,0.0
1986-06-01,,,,11.9,8.57,,,,7.72,,,,147.81,,,2.4765384001174837,,,,,-0.17670356448973124,,,,,,0.05000000000000071,0,29.1,0.0
1986-07-01,,,,9.5,8.62,,,,6.35,,,,147.9,,,2.2512917986064953,,,,,-0.2252466015109884,,,,,,0.049999999999998934,1,29.1,0.0
1986-08-01,,,,13.7,8.72,,,,5.77,,,,145.2,,,2.617395832834079,,,,,0.36610403422758386,,,,,,0.10000000000000142,1,29.1,0.0
1986-09-01,,,,14.2,9.23,,,,6.9,,,,144.02,,,2.653241964607215,,,,,0.03584613177313578,,,,,,0.5099999999999998,0,29.1,0.0
1986-10-01,,,,13.8,9.59,,,,5.93,,,,143.76,,,2.624668592163159,,,,,-0.028573372444055778,,,,,,0.35999999999999943,0,29.1,0.0
1986-11-01,,,,14.6,9.83,,,,6.03,,,,144.23,,,2.681021528714291,,,,,0.056352936551131716,,,,,,0.2400000000000002,0,29.1,0.0
1986-12-01,,,,15.9,9.21,,,,14.35,,,,141.2,,,2.766319109226186,,,,,0.08529758051189518,,,,,,-0.6199999999999992,0,25.9,0.0
1987-01-01,,,,18.4,9.4,,,,6.28,,,,135.94,,,2.91235066461494,,,,,0.1460315553887539,,,,,,0.1899999999999995,0,25.8,0.0
1987-02-01,,,,17.3,8.38,,,,6.02,,,,133.52,,,2.8507065015037334,,,,,-0.061644163111206574,,,,,,-1.0199999999999996,0,18.4,0.0
1987-03-01,,,,17.9,7.53,,,,6.23,,,,133.61,,,2.884800712846709,,,,,0.03409421134297563,,,,,,-0.8500000000000005,0,18.4,0.0
1987-04-01,,,,18.1,7.47,,,,7.63,,,,132.2,,,2.89591193827178,,,,,0.011111225425071147,,,,,,-0.0600000000000005,0,18.4,0.0
1987-05-01,,,,18.8,7.98,,,,6.63,,,,133.97,,,2.9338568698359038,,,,,0.037944931564123596,,,,,,0.5100000000000007,0,18.4,0.40000000000000213
1987-06-01,,,,18.9,8.69,,,,6.56,,,,136.68,,,2.9391619220655967,,,,,0.005305052229692908,,,,,,0.7099999999999991,0,18.8,0.09999999999999787
1987-07-01,,,,19.8,8.36,,,,6.75,,,,138.4,,,2.9856819377004897,,,,,0.04652001563489305,,,,,,-0.33000000000000007,0,18.9,0.9000000000000021
1987-08-01,,,,19.0,9.54,,,,6.95,,,,139.56,,,2.9444389791664403,,,,,-0.04124295853404947,,,,,,1.1799999999999997,0,19.8,0.0
1987-09-01,,,,18.4,10.18,,,,8.38,,,,138.63,,,2.91235066461494,,,,,-0.0320883145515003,,,,,,0.6400000000000006,0,19.8,0.0
1987-10-01,,,,18.8,9.48,,,,6.62,,,,138.41,,,2.9338568698359038,,,,,0.021506205220963803,,,,,,-0.6999999999999993,0,19.8,0.0
1987-11-01,,,,17.8,9.11,,,,7.19,,,,133.61,,,2.8791984572980396,,,,,-0.05465841253786419,,,,,,-0.370000000000001,0,19.8,0.0
1987-12-01,,,,17.1,9.31,,,,6.77,,,,129.67,,,2.8390784635086144,,,,,-0.04011999378942521,,,,,,0.20000000000000107,0,19.8,0.0
1988-01-01,,,,16.9,9.44,,,,6.79,,,,129.23,,,2.8273136219290276,,,,,-0.011764841579586793,,,,,,0.129999999999999,0,19.8,0.0
1988-02-01,,,,15.8,9.18,,,,6.67,,,,130.3,,,2.760009940032921,,,,,-0.06730368189610658,,,,,,-0.2599999999999998,0,19.8,0.0
1988-03-01,,,,14.8,9.75,,,,6.83,,,,129.38,,,2.6946271807700692,,,,,-0.06538275926285175,,,,,,0.5700000000000003,0,19.8,0.0
1988-04-01,,,,16.6,10.4,,,,6.98,,,,127.25,,,2.8094026953624978,,,,,0.11477551459242852,,,,,,0.6500000000000004,0,19.8,0.0
1988-05-01,,,,16.4,9.67,,,,7.48,,,,127.84,,,2.797281334830153,,,,,-0.012121360532344916,,,,,,-0.7300000000000004,0,19.8,0.0
1988-06-01,,,,15.6,9.36,,,,8.27,,,,128.35,,,2.747270914255491,,,,,-0.05001042057466165,,,,,,-0.3100000000000005,0,19.8,0.0
1988-07-01,,,,14.9,9.81,,,,7.84,,,,131.91,,,2.7013612129514133,,,,,-0.0459097013040779,,,,,,0.45000000000000107,0,19.8,0.0
1988-08-01,,,,15.0,8.68,,,,8.14,,,,132.57,,,2.70805020110221,,,,,0.006688988150796771,,,,,,-1.1300000000000008,0,19.0,0.0
1988-09-01,,,,13.3,8.2,,,,8.54,,,,130.46,,,2.5877640352277083,,,,,-0.1202861658745018,,,,,,-0.4800000000000004,0,18.8,0.0
1988-10-01,,,,12.5,9.76,,,,8.39,,,,127.64,,,2.5257286443082556,,,,,-0.06203539091945265,,,,,,1.5600000000000005,0,18.8,0.0
1988-11-01,,,,13.0,9.69,,,,8.5,,,,121.91,,,2.5649493574615367,,,,,0.03922071315328113,,,,,,-0.07000000000000028,0,17.8,0.0
1988-12-01,,,,15.2,8.79,,,,9.64,,,,119.72,,,2.7212954278522306,,,,,0.15634607039069381,,,,,,-0.9000000000000004,0,17.1,0.0
1989-01-01,,,,17.0,8.01,,,,9.14,,,,120.87,,,2.833213344056216,,,,,0.11191791620398561,,,,,,-0.7799999999999994,0,16.9,0.10000000000000142
1989-02-01,,,,16.7,8.57,,,,9.87,,,,120.12,,,2.8154087194227095,,,,,-0.017804624633506627,,,,,,0.5600000000000005,0,17.0,0.0
1989-03-01,,,,18.7,8.66,,,,9.79,,,,119.63,,,2.928523523860541,,,,,0.1131148044378314,,,,,,0.08999999999999986,0,17.0,1.6999999999999993
1989-04-01,,,,19.8,7.89,,3711.0,,9.82,,,,118.17,,,2.9856819377004897,8.219056661060598,,,,0.057158413839948796,,,,,,-0.7700000000000005,0,18.7,1.1000000000000014
1989-05-01,,,,18.4,8.05,,3317.0,,10.48,,,,122.33,,,2.91235066461494,8.106816038947052,,,,-0.07333127308554976,-0.11224062211354635,,-394.0,,,0.16000000000000103,0,19.8,0.0
1989-06-01,,,,17.5,7.15,,3664.0,,9.63,,,,120.43,,,2.8622008809294686,8.20631072579402,,,,-0.050149783685471405,0.0994946868469686,,347.0,,,-0.9000000000000004,0,19.8,0.0
1989-07-01,,,,17.8,6.64,,3466.0,,8.94,,,,115.56,,,2.8791984572980396,8.150756470275551,,,,0.01699757636857102,-0.055554255518469375,,-198.0,,,-0.5100000000000007,0,19.8,0.0
1989-08-01,,,,17.1,7.21,,2849.0,,8.92,,,,118.16,,,2.8390784635086144,7.954723334497908,,,,-0.04011999378942521,-0.19603313577764325,,-617.0,,,0.5700000000000003,0,19.8,0.0
1989-09-01,,,,17.8,7.63,,2927.0,,9.24,,,,117.8,,,2.8791984572980396,7.9817332866918855,,,,0.04011999378942521,0.027009952193977504,,78.0,,,0.41999999999999993,0,19.8,0.0
1989-10-01,,,,19.0,5.39,,3061.0,,8.89,,,,113.96,,,2.9444389791664403,8.026496938945412,,,,0.06524052186840068,0.04476365225352641,,134.0,,,-2.24,0,19.8,0.0
1989-11-01,,,,19.2,4.76,,2960.0,,8.6,,,,112.38,,,2.954910279033736,7.992944547318106,,,,0.01047129986729578,-0.033552391627305944,,-101.0,,,-0.6299999999999999,0,19.8,0.0
1989-12-01,,,,19.9,5.42,,3105.0,,7.97,,,,111.25,,,2.990719731730447,8.040768994367578,,,,0.035809452696710764,0.04782444704947242,,145.0,,,0.6600000000000001,0,19.8,0.09999999999999787
1990-01-01,,,,21.0,5.45,,2868.0,,8.26,,,,108.55,,,3.044522437723423,7.961370201719511,,,,0.05380270599297621,-0.07939879264806748,,-237.0,,,0.03000000000000025,0,19.9,1.1000000000000014
1990-02-01,,,,19.9,6.06,,3252.0,,8.29,,,,107.99,,,2.990719731730447,8.087025470667701,,,,-0.05380270599297621,0.12565526894819,,384.0,,,0.6099999999999994,0,21.0,0.0
1990-03-01,,,,18.5,6.63,,3368.0,,8.3,,,,109.88,,,2.917770732084279,8.122074375362217,,,,-0.07294899964616786,0.03504890469451638,,116.0,,,0.5700000000000003,0,21.0,0.0
1990-04-01,,,,16.8,7.78,,2949.0,,8.23,,,,109.59,,,2.8213788864092133,7.989221408815276,,,,-0.09639184567506565,-0.1328529665469409,,-419.0,,,1.1500000000000004,0,21.0,0.0
1990-05-01,,,,16.7,7.69,,3096.0,,8.23,,,,107.97,,,2.8154087194227095,8.037866234709618,,,,-0.0059701669865037665,0.048644825894341714,,147.0,,,-0.08999999999999986,0,21.0,0.0
1990-06-01,,,,15.7,8.82,,3072.0,,8.32,,,,108.88,,,2.7536607123542622,8.030084094267563,,,,-0.0617480070684473,-0.007782140442055052,,-24.0,,,1.13,0,21.0,0.0
1990-07-01,,,,17.6,9.88,,2920.0,,8.5,,,,107.44,,,2.8678989020441064,7.979338895262328,,,,0.11423818968984412,-0.05074519900523544,,-152.0,,,1.0600000000000005,0,21.0,0.0
1990-08-01,,,,27.1,9.2,,3103.0,,8.6,,,,104.08,,,3.299533727885655,8.04012466444838,,,,0.4316348258415488,0.06078576918605183,,183.0,,,-0.6800000000000015,1,21.0,6.100000000000001
1990-09-01,,,,34.1,8.52,,2515.0,,8.3,,,,99.53,,,3.529297384289471,7.83002808253384,,,,0.2297636564038159,-0.21009658191453973,,-588.0,,,-0.6799999999999997,1,27.1,7.0
1990-10-01,,,,36.1,10.8,,2102.0,,9.52,,,,97.52,,,3.586292865338835,7.650644551436897,,,,0.05699548104936403,-0.17938353109694294,,-413.0,,,2.280000000000001,0,34.1,2.0
1990-11-01,,,,33.0,12.5,,1731.0,,7.61,,,,98.34,,,3.4965075614664802,7.456454555176209,,,,-0.08978530387235484,-0.1941899962606879,,-371.0,,,1.6999999999999993,0,36.1,0.0
1990-12-01,,,,28.0,13.71,,1205.0,,5.53,,,,100.42,,,3.332204510175204,7.094234845924755,,,,-0.16430305129127643,-0.36221970925145364,,-526.0,,,1.2100000000000009,0,36.1,0.0
1991-01-01,,,,23.7,16.09,,2541.0,,8.18,,,,101.7,,,3.1654750481410856,7.840312983320164,,,,-0.1667294620341182,0.7460781373954086,,1336.0,,,2.379999999999999,0,36.1,0.0
1991-02-01,,,,19.4,15.43,,2329.0,,6.99,,,,97.94,,,2.9652730660692823,7.753194269884341,,,,-0.20020198207180329,-0.08711871343582267,,-212.0,,,-0.6600000000000001,1,36.1,0.0
1991-03-01,,,,19.5,13.56,,2236.0,,5.53,,,,99.51,,,2.970414465569701,7.71244383427499,,,,0.005141399500418586,-0.04075043560935132,,-93.0,,,-1.8699999999999992,0,36.1,0.0
1991-04-01,,,,19.3,12.22,,1269.0,,5.98,,,,99.61,,,2.9601050959108397,7.1459844677143876,,,,-0.0103093696588612,-0.5664593665606024,,-967.0,,,-1.3399999999999999,0,36.1,0.0
1991-05-01,,,,19.3,12.09,,1271.0,,5.92,,,,97.28,,,2.9601050959108397,7.147559271189454,,,,0.0,0.0015748034750666662,,2.0,,,-0.13000000000000078,0,36.1,0.0
1991-06-01,,,,18.2,12.97,,1124.0,,6.74,,,,98.35,,,2.9014215940827497,7.024649030453636,,,,-0.05868350182809001,-0.12291024073581802,,-147.0,,,0.8800000000000008,0,36.1,0.0
1991-07-01,,,,19.5,13.23,,1286.0,,5.85,,,,81.36,,,2.970414465569701,7.1592919047975645,,,,0.06899287148695121,0.1346428743439283,,162.0,,,0.2599999999999998,0,36.1,0.0
1991-08-01,,,,19.8,14.21,,1141.0,,5.5,,,,80.99,,,2.9856819377004897,7.039660349862076,,,,0.015267472130788828,-0.11963155493548872,,-145.0,,,0.9800000000000004,0,36.1,0.0
1991-09-01,,,,20.5,15.71,,1722.0,,5.6,,,,80.71,,,3.0204248861443626,7.451241684987676,,,,0.03474294844387282,0.41158133512560013,,581.0,,,1.5,0,36.1,0.0
1991-10-01,,,,22.2,14.36,,2326.0,,5.23,,,,79.71,,,3.100092288878234,7.75190533307861,,,,0.0796674027338713,0.30066364809093393,,604.0,,,-1.3500000000000014,0,36.1,0.0
1991-11-01,,,,21.3,13.64,,2707.0,,4.86,,,,79.19,,,3.0587070727153796,7.903596289614301,,,,-0.04138521616285429,0.15169095653569098,,381.0,,,-0.7199999999999989,0,33.0,0.0
1991-12-01,,,,18.4,13.07,,3580.0,,4.9,,,,78.76,,,2.91235066461494,8.183118079394745,,,,-0.1463564081004396,0.2795217897804445,,873.0,,,-0.5700000000000003,0,28.0,0.0
1992-01-01,,,,18.2,12.87,,3774.0,,4.4,,,,78.82,,,2.9014215940827497,8.235890725928495,,,,-0.010929070532190277,0.052772646533750134,,194.0,,,-0.20000000000000107,0,23.7,0.0
1992-02-01,,,,18.1,13.37,,4162.0,,4.13,,,,80.33,,,2.89591193827178,8.33375100695358,,,,-0.005509655810969516,0.09786028102508482,,388.0,,,0.5,0,22.2,0.0
1992-03-01,,,,17.6,13.93,,5631.0,,4.7,,,,82.68,,,2.8678989020441064,8.636042325254618,,,,-0.028013036227673815,0.3022913183010374,,1469.0,,,0.5600000000000005,0,22.2,0.0
1992-04-01,,,,19.0,14.36,,5476.0,,3.85,,,,82.76,,,2.9444389791664403,8.60813018640834,,,,0.0765400771223339,-0.0279121388462773,,-155.0,,,0.4299999999999997,0,22.2,0.0
1992-05-01,,,,19.9,14.71,,5458.0,,3.8,,,,83.13,,,2.990719731730447,8.604837701268284,,,,0.046280752564006544,-0.0032924851400562005,,-18.0,,,0.3500000000000014,0,22.2,0.0
1992-06-01,,,,21.2,12.92,,6221.0,,4.53,,,,80.54,,,3.054001181677967,8.73568594451502,,,,0.06328144994752005,0.13084824324673505,,763.0,,,-1.790000000000001,0,22.2,0.0
1992-07-01,,,,20.3,13.08,,6445.0,,3.37,,,,78.74,,,3.0106208860477417,8.771059915373288,,,,-0.04338029563022516,0.03537397085826832,,224.0,,,0.16000000000000014,0,22.2,0.0
1992-08-01,,,,19.8,11.52,,6309.0,,3.51,,,,77.92,,,2.9856819377004897,8.74973246437081,,,,-0.024938948347251966,-0.02132745100247746,,-136.0,,,-1.5600000000000005,0,22.2,0.0
1992-09-01,,,,20.3,9.95,,5777.0,,4.47,,,,77.84,,,3.0106208860477417,8.661639795781266,,,,0.024938948347251966,-0.08809266858954423,,-532.0,,,-1.5700000000000003,0,22.2,0.0
1992-10-01,,,,20.3,9.42,,5466.0,,3.4,,,,81.13,,,3.0106208860477417,8.606302366488013,,,,0.0,-0.05533742929325314,,-311.0,,,-0.5299999999999994,0,22.2,0.0
1992-11-01,,,,19.2,8.44,,4852.0,,3.45,,,,84.7,,,2.954910279033736,8.48714627006394,,,,-0.05571060701400565,-0.11915609642407254,,-614.0,,,-0.9800000000000004,0,21.3,0.0
1992-12-01,,,,18.2,8.0,,5461.0,,2.66,,,,83.48,,,2.9014215940827497,8.605387202152153,,,,-0.053488684950986354,0.11824093208821296,,609.0,,,-0.4399999999999995,0,21.2,0.0
1993-01-01,,,,17.4,5.7,,5237.0,,3.2,,,,76.06,,,2.856470206220483,8.563504094279487,,,,-0.04495138786226649,-0.041883107872665803,,-224.0,,,-2.3,0,21.2,0.0
1993-02-01,,,,18.5,5.24,,5248.0,,3.18,,,,74.46,,,2.917770732084279,8.565602330623925,,,,0.06130052586379575,0.0020982363444375096,,11.0,,,-0.45999999999999996,0,21.2,0.0
1993-03-01,,,,18.8,6.11,,6434.0,,3.83,,,,69.91,,,2.9338568698359038,8.769351707798972,,,,0.01608613775162482,0.20374937717504693,,1186.0,,,0.8700000000000001,0,21.2,0.0
1993-04-01,,,,18.7,6.06,,6919.0,,3.1,,,,69.53,,,2.928523523860541,8.842026529498812,,,,-0.005333345975362835,0.07267482169983985,,485.0,,,-0.05000000000000071,0,21.2,0.0
1993-05-01,,,,18.5,5.13,,6534.0,,3.2,,,,69.36,,,2.917770732084279,8.784774592161016,,,,-0.010752791776261983,-0.057251937337795766,,-385.0,,,-0.9299999999999997,0,21.2,0.0
1993-06-01,,,,17.7,5.93,,6553.0,,3.92,,,,70.35,,,2.8735646395797834,8.787678239039497,,,,-0.04420609250449559,0.002903646878481325,,19.0,,,0.7999999999999998,0,21.2,0.0
1993-07-01,,,,16.8,4.55,,6767.0,,3.7,,,,71.92,,,2.8213788864092133,8.819813136232225,,,,-0.05218575317057006,0.03213489719272822,,214.0,,,-1.38,0,20.3,0.0
1993-08-01,,,,16.7,5.79,,7288.0,,3.19,,,,71.54,,,2.8154087194227095,8.893984438939794,,,,-0.0059701669865037665,0.074171302707569,,521.0,,,1.2400000000000002,0,20.3,0.0
1993-09-01,,,,16.0,6.58,,7629.0,,3.99,,,,71.33,,,2.772588722239781,8.93971205409023,,,,-0.04281999718292839,0.045727615150434886,,341.0,,,0.79,0,20.3,0.0
1993-10-01,,,,16.6,7.38,,7900.0,,3.3,,,,72.83,,,2.8094026953624978,8.974618038455112,,,,0.036813973122716614,0.034905984364883125,,271.0,,,0.7999999999999998,0,20.3,0.0
1993-11-01,,,,15.2,8.61,,8220.0,,3.16,,,,73.79,,,2.7212954278522306,9.014325488050225,,,,-0.0881072675102672,0.039707449595113076,,320.0,,,1.2299999999999995,0,19.2,0.0
1993-12-01,,,,13.6,8.64,,9807.0,,2.85,,,,74.7,,,2.6100697927420065,9.19085169539232,,,,-0.1112256351102241,0.17652620734209457,,1587.0,,,0.030000000000001137,0,18.8,0.0
1994-01-01,199.19,,,14.3,9.13,,10468.0,,3.68,,92.55,,75.76,5.294259143087182,,2.6602595372658615,9.256078263650036,,,,0.05018974452385505,0.06522656825771556,,661.0,,,0.4900000000000002,0,18.8,0.0
1994-02-01,199.19,,,13.8,9.96,,13102.0,,3.49,,92.29,,75.18,5.294259143087182,,2.624668592163159,9.480520169291822,,0.0,,-0.03559094510270233,0.22444190564178612,,2634.0,,,0.8300000000000001,0,18.8,0.0
1994-03-01,198.57,,,14.0,9.88,,15068.0,,4.18,,92.38,,75.89,5.2911416827989415,,2.6390573296152584,9.620328568811932,,-0.003117460288240892,,0.014388737452099232,0.13980839952010982,,1966.0,,,-0.08000000000000007,0,18.8,0.0
1994-04-01,199.72,,,15.2,9.8,,15025.0,,3.73,,93.79,,75.23,5.296916385632408,,2.7212954278522306,9.617470759403409,,0.005774702833466705,,0.08223809823697215,-0.002857809408522982,,-43.0,,,-0.08000000000000007,0,18.7,0.0
1994-05-01,198.64,,,16.2,10.57,,15485.0,,4.6,,93.37,,75.35,5.2914941411999115,,2.785011242238338,9.647627092407303,,-0.005422244432496726,,0.06371581438610763,0.03015633300389453,,460.0,,,0.7699999999999996,0,18.5,0.0
1994-06-01,197.59,,,16.8,10.8,,16372.0,,5.96,,93.78,,75.11,5.286194176745726,,2.8213788864092133,9.703327837612294,,-0.00529996445418579,,0.036367644170875124,0.05570074520499091,,887.0,,,0.23000000000000043,0,17.7,0.0
1994-07-01,194.49,,,17.6,11.07,,17516.0,,4.29,,92.97,,73.9,5.270380747855014,,2.8678989020441064,9.770870027921289,,-0.01581342889071191,,0.04652001563489305,0.06754219030899478,,1144.0,,,0.2699999999999996,0,16.8,0.8000000000000007
1994-08-01,194.78,,,16.8,10.94,,17682.0,,4.7,,93.14,,73.73,5.271870716533053,,2.8213788864092133,9.780302451965749,,0.0014899686780394106,,-0.04652001563489305,0.009432424044460319,,166.0,,,-0.13000000000000078,0,17.6,0.0
1994-09-01,193.85,,,15.9,11.2,,18856.0,,5.44,,92.25,,74.08,5.267084664116938,,2.766319109226186,9.844586444615967,,-0.004786052416115183,,-0.055059777183027236,0.06428399265021767,,1174.0,,,0.2599999999999998,0,17.6,0.0
1994-10-01,193.06,,,16.4,10.31,,19778.0,,4.9,,92.03,,72.92,5.263001021420469,,2.797281334830153,9.892325487829936,,-0.004083642696468992,,0.030962225603966775,0.04773904321396927,,922.0,,,-0.8899999999999988,0,17.6,0.0
1994-11-01,194.12,,,17.2,9.81,,19493.0,,5.66,,92.45,,74.21,5.268476524537015,,2.8449093838194073,9.877810705746144,,0.005475503116546321,,0.047628048989254435,-0.014514782083791644,,-285.0,,,-0.5,0,17.6,0.0
1994-12-01,196.99,,,16.0,9.47,,19386.0,,4.94,,94.38,,75.0,5.283152966028264,,2.772588722239781,9.872306435052554,,0.014676441491248582,,-0.07232066157962613,-0.005504270693590385,,-107.0,,,-0.33999999999999986,0,17.6,0.0
1995-01-01,196.41,,,16.6,9.89,,19693.0,,5.86,,94.63,,74.41,5.28020431112111,,2.8094026953624978,9.888018521632196,,-0.0029486549071542356,,0.036813973122716614,0.01571208657964185,,307.0,,,0.41999999999999993,0,17.6,0.0
1995-02-01,195.7,,,17.1,9.81,,19947.0,,6.1,,94.22,,75.09,5.27658287440203,,2.8390784635086144,9.900834035070565,,-0.0036214367190794405,,0.02967576814611661,0.012815513438368953,,254.0,,,-0.08000000000000007,0,17.6,0.0
1995-03-01,189.84,,,17.0,9.74,,20809.0,,6.3,,90.88,,72.33,5.246181612127508,,2.833213344056216,9.94314086441278,,-0.030401262274522445,,-0.005865119452398204,0.042306829342214414,,862.0,,,-0.07000000000000028,0,17.6,0.0
1995-04-01,187.83,31.415,0.026076809620812536,18.7,9.67,,20454.0,,6.6,,91.14,,71.83,5.235537298425329,3.4472854858549105,2.928523523860541,9.925933741365958,,-0.010644313702178998,,0.09531017980432477,-0.017207123046821593,,-355.0,,,-0.07000000000000028,0,17.6,1.0999999999999979
1995-05-01,189.16,31.419047619047618,0.021887156486113907,18.4,10.29,,20267.0,,6.17,,92.04,,73.0,5.242593217775675,3.447414321071058,2.91235066461494,9.916749226519313,,0.007055919350346329,0.0001288352161474826,-0.016172859245600968,-0.009184514846644731,,-187.0,,,0.6199999999999992,0,18.7,0.0
1995-06-01,188.38,31.401818181818182,0.014354811251306492,17.4,10.47,,19601.0,,6.11,,91.71,,72.94,5.2384611993946715,3.446865795117403,2.856470206220483,9.883335864325275,,-0.004132018381003633,-0.0005485259536550657,-0.05588045839445677,-0.03341336219403779,,-666.0,,,0.1800000000000015,0,18.7,0.0
1995-07-01,188.29,31.37857142857143,0.01014185105674176,15.9,11.39,,19882.0,,5.97,,92.42,,74.26,5.237983327508337,3.4461252213664753,2.766319109226186,9.897570078772091,,-0.0004778718863347464,-0.00074057375092762,-0.09015109699429713,0.01423421444681594,,281.0,,,0.9199999999999999,0,18.7,0.0
1995-08-01,191.31,31.583684210526318,0.16786934490568747,16.1,10.92,,18990.0,,5.93,,93.53,,75.48,5.25389514899529,3.452640664800831,2.7788192719904172,9.85166780380633,,0.015911821486953137,0.006515443434355728,0.01250016276423116,-0.04590227496576027,,-892.0,,,-0.47000000000000064,0,18.7,0.0
1995-09-01,183.67,33.214285714285715,0.8447104322107765,16.8,10.07,,19064.0,,6.2,,89.37,,72.26,5.213140669140444,3.502980075972098,2.8213788864092133,9.855557018778578,,-0.04075447985484626,0.050339411171266946,0.04255961441879608,0.003889214972247146,,74.0,,,-0.8499999999999996,0,18.7,0.0
1995-10-01,174.73,34.53944444444445,0.655604545638174,16.1,10.38,,17753.0,,5.97,,85.01,,69.08,5.163241925350947,3.5421019881781883,2.7788192719904172,9.784309794706799,,-0.049898743789496436,0.0391219122060904,-0.04255961441879608,-0.07124722407177941,,-1311.0,,,0.3100000000000005,0,18.7,0.0
1995-11-01,175.02,34.739999999999995,0.1684636459299135,16.9,10.31,,17335.0,,6.11,,85.19,,68.97,5.164900253107685,3.5478917608129588,2.8273136219290276,9.760482858119124,,0.0016583277567381316,0.005789772634770429,0.04849434993861035,-0.023826936587674652,,-418.0,,,-0.07000000000000028,0,18.7,0.0
1995-12-01,175.19,34.959500000000006,0.09349781871927476,18.0,9.69,,17467.0,,4.73,,84.77,,68.93,5.165871099247731,3.554190248625563,2.8903717578961645,9.768068665428393,,0.0009708461400457224,0.006298487812604225,0.06305813596713694,0.007585807309268944,,132.0,,,-0.620000000000001,0,18.7,0.0
1996-01-01,172.56,35.73954545454546,0.3150582300332601,17.9,9.0,,16310.0,,5.71,,83.05,,68.2,5.150745002080901,3.5762577915347222,2.884800712846709,9.69953369561506,,-0.015126097166829666,0.022067542909159243,-0.005571045049455492,-0.06853496981333329,,-1157.0,,,-0.6899999999999995,0,18.7,0.0
1996-02-01,169.09,36.6355,0.6947053521571501,18.0,8.59,,15943.0,,6.05,,81.1,,66.7,5.130431117550338,3.601017715669468,2.8903717578961645,9.676775140407365,,-0.020313884530563264,0.024759924134745592,0.005571045049455492,-0.022758555207694542,,-367.0,,,-0.41000000000000014,0,18.7,0.0
1996-03-01,179.97,34.39388888888889,0.4311017197952931,20.0,8.87,,17044.0,,5.25,,85.94,,72.02,5.192790170333112,3.5378789000191633,2.995732273553991,9.743553514619803,,0.06235905278277354,-0.06313881565030455,0.10536051565782634,0.06677837421243815,,1101.0,,,0.27999999999999936,0,18.7,1.3000000000000007
1996-04-01,182.11,34.24,0.08231038816577325,21.0,9.83,,17088.0,,5.5,,87.58,,73.47,5.2046109001077285,3.5333945512735414,3.044522437723423,9.746131741759921,,0.0118207297746169,-0.004484348745621869,0.04879016416943216,0.002578227140118017,,44.0,,,0.9600000000000009,0,20.0,1.0
1996-05-01,179.4,35.00894736842105,0.2341152312867926,19.1,9.33,,17105.0,,5.31,,86.56,,73.14,5.1896179496246955,3.5556036679170515,2.9496883350525844,9.747126097411705,,-0.014992950483033063,0.022209116643510107,-0.09483410267083858,0.0009943556517839625,,17.0,,,-0.5,0,21.0,0.0
1996-06-01,179.17,34.982,0.09294027510634281,18.3,8.82,,17526.0,,5.0,,86.79,,73.38,5.188335075811806,3.5548336434848715,2.9069010598473755,9.771440771615795,,-0.0012828738128893846,-0.0007700244321799943,-0.042787275205208974,0.02431467420409028,,421.0,,,-0.5099999999999998,0,21.0,0.0
1996-07-01,175.64,35.52,0.27097467174493234,19.6,8.31,,17940.0,,6.75,,86.36,,72.26,5.168436445693517,3.5700959181239695,2.975529566236472,9.794788135612787,,-0.019898630118289518,0.015262274639098017,0.06862850638909634,0.023347363996991888,,414.0,,,-0.5099999999999998,0,21.0,0.0
1996-08-01,174.34,35.69190476190476,0.05353681421405785,20.6,8.89,,17976.0,,5.28,,86.06,,72.25,5.16100741558343,3.574923905702639,3.0252910757955354,9.796792813865165,,-0.007429030110086998,0.004827987578669646,0.049761509559063555,0.002004678252378156,,36.0,,,0.5800000000000001,0,21.0,0.0
1996-09-01,175.0,35.73285714285714,0.039514915809458706,22.6,8.52,,18433.0,,6.09,,86.25,,72.55,5.1647859739235145,3.576070633653784,3.1179499062782403,9.821897815496174,,0.003778558340084892,0.0011467279511450101,0.09265883048270496,0.02510500163100815,,457.0,,,-0.370000000000001,0,21.0,1.6000000000000014
1996-10-01,176.21,35.643181818181816,0.022967132548256167,24.2,8.46,,19177.0,,5.63,,86.44,,73.45,5.1716764655806395,3.5735578752221175,3.186352633162641,9.861466923273516,,0.006890491657125075,-0.0025127584316666507,0.06840272688440052,0.039569107777342793,,744.0,,,-0.05999999999999872,0,22.6,1.5999999999999979
1996-11-01,174.74,35.733999999999995,0.040574817183490916,22.6,8.72,,19388.0,,5.44,,85.71,,72.54,5.163299154869948,3.5761026165109753,3.1179499062782403,9.872409596965266,,-0.008377310710691255,0.0025447412888577325,-0.06840272688440052,0.010942673691749505,,211.0,,,0.2599999999999998,0,24.2,0.0
1996-12-01,176.39,35.83857142857143,0.0626327162340656,23.9,10.41,,19742.0,,6.26,,86.64,,75.33,5.172697452623385,3.5790247276184335,3.173878458937465,9.890503624977834,,0.009398297753437035,0.002922111107458214,0.055928552659224806,0.018094028012567875,,354.0,,,1.6899999999999995,0,24.2,0.0
1997-01-01,178.9,35.87136363636363,0.022948276114413364,23.5,11.11,43.48,19848.0,,5.37,,87.44,,76.85,5.186826990514674,3.5799393068897234,3.1570004211501135,9.895858525371636,3.7723010622530087,0.014129537891288457,0.0009145792712899059,-0.01687803778735164,0.0053549003938027084,,106.0,,,0.6999999999999993,0,24.2,0.0
1997-02-01,182.98,35.8885,0.021588252165909157,20.8,10.76,67.38,19695.0,,5.5,,89.42,,78.82,5.209376857251389,3.5804169099144154,3.0349529867072724,9.888120075405006,4.2103482379784065,0.022549866736714996,0.0004776030246920193,-0.12204743444284105,-0.007738449966630867,0.43804717572539786,-153.0,,,-0.34999999999999964,0,24.2,0.0
1997-03-01,184.39,35.87,0.02472066162365403,19.2,10.03,61.97,22367.0,,5.5,,89.96,,79.41,5.217053079717073,3.579901291544191,2.954910279033736,10.01534193731027,4.126650396974016,0.007676222465684113,-0.0005156183702244022,-0.08004270767353638,0.12722186190526408,-0.08369784100439048,2672.0,,,-0.7300000000000004,0,24.2,0.0
1997-04-01,185.44,35.81117647058824,0.04781243992691147,17.5,9.26,55.67,22675.0,,5.82,,91.61,,79.41,5.222731379591441,3.578260036600771,2.8622008809294686,10.029018274983338,4.019441402195416,0.00567829987436852,-0.0016412549434199342,-0.09270939810426748,0.013676337673068417,-0.10720899477859991,308.0,,,-0.7699999999999996,0,24.2,0.0
1997-05-01,184.27,35.815,0.03485263092440723,19.1,7.32,91.99,24139.0,,5.58,,90.71,,78.71,5.21640207334677,3.5783668000664144,2.9496883350525844,10.09158406877277,4.521679875489066,-0.006329306244671429,0.0001067634656433114,0.08748745412311587,0.06256579378943172,0.5022384732936498,1464.0,,,-1.9399999999999995,0,24.2,0.0
1997-06-01,184.34,35.80823529411765,0.02186186580488211,17.6,6.61,83.4,25404.0,,6.87,,91.01,,79.17,5.216781878565518,3.578177903100934,2.8678989020441064,10.142661920922865,4.423648309364701,0.00037980521874825257,-0.00018889696548018975,-0.08178943300847807,0.05107785215009564,-0.09803156612436492,1265.0,,,-0.71,0,24.2,0.0
1997-07-01,187.26,35.73476190476191,0.04331501444292023,18.4,5.6,65.87,26022.0,,5.96,,92.52,,79.74,5.232498025510743,3.5761239378475045,2.91235066461494,10.166697613063421,4.187683102652602,0.015716146945225162,-0.0020539652534297126,0.04445176257083361,0.02403569214055601,-0.2359652067120992,618.0,,,-1.0100000000000007,0,24.2,0.0
1997-08-01,189.76,35.86588235294118,0.25320591480871213,18.7,4.66,67.54,26431.0,,5.52,,93.77,,81.65,5.245760115809361,3.579786491337425,2.928523523860541,10.182292842675238,4.212720014957422,0.01326209029861758,0.003662553489920395,0.016172859245600968,0.015595229611816919,0.02503691230482019,409.0,,,-0.9399999999999995,0,24.2,0.0
1997-09-01,187.04,36.435500000000005,0.13850612754828134,18.5,4.94,68.86,25697.0,,5.81,,92.78,,80.59,5.231322497723759,3.5955435740965633,2.917770732084279,10.154129532552147,4.232075457910378,-0.014437618085602288,0.015757082759138452,-0.010752791776261983,-0.028163310123090923,0.019355442952956103,-734.0,,,0.28000000000000025,0,24.2,0.0
1997-10-01,187.75,36.227999999999994,0.05257575987387477,19.9,5.49,70.65,26246.0,,5.56,,93.23,,81.43,5.2351112906442445,3.5898323005127017,2.990719731730447,10.175268875456233,4.257738109130536,0.0037887929204858395,-0.005711273583861587,0.07294899964616786,0.021139342904085368,0.025662651220158317,549.0,,,0.5499999999999998,0,24.2,0.0
1997-11-01,183.23,37.24421052631579,0.8438227551478243,19.0,4.87,53.86,24378.0,,5.5,,90.73,,79.31,5.2107421942920835,3.6174965106339725,2.9444389791664403,10.101436365215783,3.9863880873834527,-0.024369096352161,0.027664210121270738,-0.046280752564006544,-0.07383251024045023,-0.27135002174708367,-1868.0,,,-0.6200000000000001,0,23.9,0.0
1997-12-01,179.7,39.224090909090904,0.26220056101986966,17.0,6.29,63.9,23965.0,,5.84,,89.23,,80.38,5.191288793789513,3.669291122036714,2.833213344056216,10.084349711593731,4.157319361383489,-0.01945340050257016,0.05179461140274144,-0.1112256351102241,-0.01708665362205153,0.17093127400003594,-413.0,,,1.42,0,23.9,0.0
1998-01-01,184.81,39.39631578947368,0.5799924379422358,15.1,9.71,57.82,24459.0,,5.48,,92.23,,87.41,5.219328270297665,3.673672304050375,2.714694743820879,10.10475352533102,4.0573347365882,0.02803947650815175,0.004381182013661,-0.11851860023533733,0.020403813737289056,-0.09998462479528847,494.0,,,3.420000000000001,0,23.5,0.0
1998-02-01,184.54,38.893157894736845,0.2043160033863408,14.1,9.14,54.84,24044.0,,5.67,,91.31,,86.87,5.21786624215041,3.6608183455585577,2.6461747973841225,10.087640764159053,4.004419854694114,-0.0014620281472552676,-0.012853958491817252,-0.0685199464367563,-0.01711276117196725,-0.05291488189408611,-415.0,,,-0.5700000000000003,0,20.8,0.0
1998-03-01,181.53,39.50380952380952,0.049241871458770195,13.1,8.26,63.41,25975.0,,5.88,,89.72,,84.5,5.20142092930234,3.6763971108974345,2.5726122302071057,10.164889815967427,4.14962157771194,-0.01644531284807016,0.01557876533887681,-0.07356256717701681,0.0772490518083746,0.1452017230178262,1931.0,,,-0.8800000000000008,0,19.9,0.0
1998-04-01,180.3,39.65533333333333,0.09425396290771589,13.4,8.19,70.95,26237.0,,5.59,,90.48,,84.17,5.194622130209272,3.6802254493336024,2.5952547069568657,10.174925907253643,4.261975403606051,-0.00679879909306802,0.003828338436167922,0.022642476749759943,0.01003609128621541,0.11235382589411103,262.0,,,-0.07000000000000028,0,19.9,0.0
1998-05-01,177.24,40.47888888888889,0.61123682604727,14.4,10.51,69.31,25569.0,,5.63,,89.6,,83.92,5.177504746331289,3.7007805762054824,2.667228206581955,10.149135959190406,4.238589195929893,-0.01711738387798256,0.020555126871879992,0.07197349962508914,-0.025789948063236423,-0.0233862076761584,-668.0,,,2.3200000000000003,0,19.9,0.0
1998-06-01,171.62,42.22666666666667,0.35440560567425433,12.1,12.39,58.64,23933.0,,7.06,,87.76,,82.96,5.145282730378975,3.7430519330023295,2.4932054526026954,10.083013538694615,4.071417057578396,-0.03222201595231411,0.042271356796847126,-0.17402275397925937,-0.06612242049579109,-0.16717213835149725,-1636.0,,,1.8800000000000008,0,19.9,0.0
1998-07-01,170.94,42.51272727272727,0.08276080382252332,12.0,14.8,58.71,24001.0,,5.63,,88.09,,84.67,5.141312617737872,3.7498034963402476,2.4849066497880004,10.085850775128717,4.072610070076094,-0.003970112641103363,0.006751563337918043,-0.008298802814695083,0.002837236434102053,0.0011930124976986534,68.0,,,2.41,0,19.9,0.0
1998-08-01,171.15,42.7515,0.31040338780028576,11.9,15.04,74.84,24810.0,,5.89,,87.76,,84.43,5.1425403649761945,3.755404282486508,2.4765384001174837,10.119002076685847,4.315352501405889,0.0012277472383228627,0.005600786146260361,-0.008368249670516636,0.03315130155712964,0.24274243132979478,809.0,,,0.23999999999999844,0,19.9,0.0
1998-09-01,170.04,42.522380952380956,0.024063408300730706,13.4,16.34,82.42,26184.0,,6.14,,86.55,,85.06,5.13603370349059,3.7500305479639042,2.5952547069568657,10.172903816181016,4.411828125910671,-0.006506661485604859,-0.0053737345226037014,0.11871630683938195,0.053901739495168854,0.09647562450478198,1374.0,,,1.3000000000000007,0,19.9,0.0
1998-10-01,166.28,42.33588235294118,0.05863646727180154,12.6,18.63,75.53,26582.0,,5.35,,85.13,,84.57,5.1136731143844365,3.7456350090393506,2.533696813957432,10.187989573981278,4.324529928325356,-0.022360589106153128,-0.004395538924553577,-0.061557892999433594,0.015085757800262556,-0.08729819758531487,398.0,,,2.289999999999999,0,19.9,0.0
1998-11-01,167.3,42.3815,0.09320464185413599,10.9,19.67,65.98,26539.0,,5.11,,85.89,,85.55,5.119788607992779,3.746711946267597,2.388762789235098,10.186370628201196,4.1893516658004355,0.006115493608342071,0.0010769372282464218,-0.14493402472233408,-0.0016189457800823703,-0.1351782625249207,-43.0,,,1.0400000000000027,0,19.0,0.0
1998-12-01,166.17,42.55409090909091,0.02702011436109559,9.8,15.32,64.94,26958.0,,4.07,,84.87,,84.47,5.113011360713122,3.7507759939722902,2.2823823856765264,10.202035378298214,4.1734637666747,-0.006777247279656784,0.004064047704693152,-0.10638040355857159,0.0156647500970184,-0.01588789912573585,419.0,,,-4.350000000000001,0,17.0,0.0
1999-01-01,167.22,42.502941176470586,0.015315313367000906,11.1,9.38,57.66,27429.0,,4.79,,84.46,,83.54,5.119310310721912,3.7495732776881234,2.4069451083182885,10.219356126832537,4.054563692210256,0.006298950008789994,-0.0012027162841667938,0.12456272264176205,0.017320748534322306,-0.1189000744644435,471.0,,,-5.9399999999999995,0,15.1,0.0
1999-02-01,170.23,42.46055555555555,0.028174294129103293,10.2,8.64,46.41,27779.0,,4.84,,86.13,,84.48,5.137150463826479,3.7485755403994876,2.322387720290225,10.232035618540193,3.8375149532530846,0.01784015310456688,-0.000997737288635836,-0.08455738802806323,0.012679491707656254,-0.21704873895717158,350.0,,,-0.7400000000000002,0,14.4,0.0
1999-03-01,172.95,42.44736842105263,0.051944639897058005,12.5,8.95,55.51,29522.0,,4.98,,87.45,,85.16,5.153002535383178,3.748264918398823,2.5257286443082556,10.292891027096942,4.01656318470207,0.015852071556698988,-0.00031062200066456214,0.2033409240180304,0.060855408556749424,0.17904823144898563,1743.0,,,0.3099999999999987,1,14.4,0.0
1999-04-01,172.49,42.72529411764706,0.12298971740855254,15.3,8.36,55.26,29611.0,,5.03,,87.27,,85.15,5.150339263776537,3.7547911129486344,2.72785282839839,10.295901192899562,4.01204931949527,-0.0026632716066403717,0.006526194549811404,0.20212418409013422,0.003010165802619369,-0.00451386520679975,89.0,,,-0.5899999999999999,1,14.4,0.9000000000000004
1999-05-01,172.45,42.77095238095238,0.06587144767687844,15.1,7.71,50.8,30615.0,,4.61,,87.42,,85.03,5.15010733938285,3.7558591894903715,2.714694743820879,10.329245363912055,3.927896354584436,-0.00023192439368724393,0.0010680765417370175,-0.013158084577510998,0.03334417101249265,-0.08415296491083435,1004.0,,,-0.6499999999999995,0,15.3,0.0
1999-06-01,172.01,43.13545454545454,0.16011089230747946,15.8,5.26,58.74,30559.0,,5.12,,87.51,,85.08,5.1475526146582995,3.7643452702139397,2.760009940032921,10.327414520231974,4.073120925770474,-0.002554724724550539,0.008486080723568268,0.045315196212042164,-0.0018308436800804628,0.14522457118603782,-56.0,,,-2.45,0,15.3,0.5
1999-07-01,171.57,43.28636363636363,0.0534117389046073,19.0,3.16,53.12,30760.0,,5.07,,87.49,,84.84,5.144991346595335,3.7678376578416843,2.9444389791664403,10.333970423619581,3.9725535051681784,-0.00256126806296475,0.0034923876277446197,0.18442903913351927,0.006555903387607032,-0.10056742060229551,201.0,,,-2.0999999999999996,1,15.8,3.1999999999999993
1999-08-01,169.14,43.458636363636366,0.06088986580356235,20.2,3.15,38.92,30601.0,,5.57,,86.57,,83.51,5.130726774354076,3.771809597521395,3.005682604407159,10.328787967145063,3.6615082573178044,-0.014264572241258655,0.003971939679710879,0.06124362524071891,-0.0051824564745182045,-0.311045247850374,-159.0,,,-0.010000000000000231,0,19.0,1.1999999999999993
1999-09-01,168.87,43.534499999999994,0.03575869419492657,22.4,2.14,53.7,30485.0,,5.51,,86.5,,84.33,5.129129188144045,3.7735537272025663,3.109060958860994,10.324990038341916,3.983413001514819,-0.0015975862100310323,0.0017441296811711027,0.10337835445383492,-0.0037979288031468883,0.32190474419701465,-116.0,,,-1.0099999999999998,0,20.2,2.1999999999999993
1999-10-01,167.59,43.451499999999996,0.08393449827097502,22.0,0.92,47.14,30578.0,,5.27,,86.6,,83.52,5.121520520396782,3.771645373555101,3.091042453358316,10.32803607512056,3.853121897507985,-0.007608667747263098,-0.0019083536474653329,-0.01801850550267803,0.0030460367786435683,-0.13029110400683397,93.0,,,-1.2200000000000002,0,22.4,0.0
1999-11-01,169.62,43.397894736842105,0.013975751766074554,24.6,0.0,70.65,31317.0,,5.63,,87.68,,85.3,5.133560640933554,3.770410931562097,3.202746442938317,10.351916360076409,4.257738109130536,0.012040120536772392,-0.001234441993004154,0.11170398958000094,0.023880284955849262,0.40461621162255135,739.0,,,-0.92,0,22.4,2.200000000000003
1999-12-01,170.15,43.48304347826087,0.0433206629900504,25.6,0.47,67.51,31992.0,,3.99,,87.26,,84.8,5.136680400946915,3.772371057003431,3.242592351485517,10.373241150526654,4.21227573505378,0.003119760013360562,0.0019601254413341707,0.039845908547199826,0.0213247904502456,-0.045462374076756795,675.0,,,0.47,0,24.6,1.0
2000-01-01,169.89,43.549,0.04204008112566647,25.4,2.62,52.05,31941.0,,5.87,,86.82,,84.98,5.135151168793823,3.773886740922364,3.2347491740244907,10.371645729982715,3.952204795060978,-0.001529232153091975,0.0015156839189329752,-0.00784317746102614,-0.001595420543939241,-0.2600709399928016,-51.0,,,2.1500000000000004,0,25.6,0.0
2000-02-01,172.46,43.60857142857143,0.01621286966755441,27.7,3.61,73.88,32795.0,,5.85,,88.08,,86.51,5.150165325524179,3.7752537234316628,3.3214324131932926,10.398031343727835,4.302442155331039,0.015014156730355666,0.0013669825092987864,0.08668323916880194,0.02638561374511994,0.3502373602700608,854.0,,,0.9899999999999998,0,25.6,2.099999999999998
2000-03-01,173.36,43.58857142857143,0.015259657363688858,27.5,4.83,61.25,35058.0,,6.17,,90.22,,88.22,5.1553703572281036,3.7747949927967954,3.3141860046725258,10.464759111782492,4.114963849424837,0.005205031703924945,-0.00045873063486734367,-0.007246408520766856,0.06672776805465652,-0.18747830590620218,2263.0,,,1.2200000000000002,0,27.7,0.0
2000-04-01,174.11,43.64,0.015491933384824796,22.5,5.54,67.54,34993.0,,6.06,,91.81,,89.08,5.159687283378507,3.77597416096487,3.1135153092103742,10.462903320468884,4.212720014957422,0.004316926150403688,0.001179168168074618,-0.20067069546215155,-0.0018557913136074689,0.09775616553258537,-65.0,,,0.71,1,27.7,0.0
2000-05-01,176.63,43.98,0.30630050603941467,27.3,5.01,54.67,34392.0,,6.83,,93.09,,90.44,5.174057149167352,3.783734985126615,3.3068867021909143,10.445579258176117,4.001315112906908,0.014369865788844471,0.007760824161744839,0.19337139298054007,-0.01732406229276684,-0.2114049020505142,-601.0,,,-0.5300000000000002,1,27.7,0.0
2000-06-01,171.31,44.69095238095238,0.053094704246728776,29.7,5.24,61.16,33774.0,,6.86,,90.55,,86.79,5.143474780742367,3.7997710735473853,3.391147045808654,10.427446554692082,4.113493381060861,-0.03058236842498463,0.016036088420770422,0.0842603436177396,-0.018132703484035062,0.11217826815395338,-618.0,,,0.23000000000000043,0,27.7,2.0
2000-07-01,171.81,44.77809523809524,0.11115840263421904,28.5,4.95,67.47,33299.0,,6.64,,90.94,,86.99,5.146389215073875,3.801719074269841,3.349904087274605,10.413282645487595,4.211683054639334,0.0029144343315081755,0.0019480007224554896,-0.04124295853404902,-0.014163909204487624,0.09818967357847264,-475.0,,,-0.29000000000000004,0,29.7,0.0
2000-08-01,170.43,45.688095238095244,0.20831752320961605,29.4,3.99,53.9,32787.0,,6.65,,90.24,,85.97,5.138324655237145,3.8218377658923286,3.380994674344636,10.397787374344784,3.9871304779149512,-0.008064559836729934,0.020118691622487805,0.031090587070031095,-0.015495271142810907,-0.22455257672438256,-512.0,,,-0.96,0,29.7,0.0
2000-09-01,172.4,45.888999999999996,0.23688549310184373,32.6,3.5,54.72,32602.0,,6.6,,91.56,,86.72,5.149817358229593,3.8262254369293878,3.484312288372662,10.392128915166236,4.002229273314295,0.011492702992447867,0.004387671037059171,0.10331761402802586,-0.005658459178548014,0.015098795399343334,-185.0,,,-0.4900000000000002,0,29.7,2.900000000000002
2000-10-01,172.41,46.347500000000004,0.23975590657341952,30.9,2.75,65.36,32091.0,,6.59,,93.3,,86.92,5.1498753611877595,3.8361673531246105,3.4307561839036995,10.37633089597424,4.1799104505517475,5.800295816626999e-05,0.009941916195222777,-0.05355610446896231,-0.01579801919199575,0.17768117723745291,-511.0,,,-0.75,0,32.6,0.0
2000-11-01,171.58,46.782272727272726,0.07269845208163057,32.5,2.74,79.99,36286.0,,6.62,,92.85,,86.28,5.145049630144819,3.845504343286563,3.481240089335692,10.499187270930108,4.3819016268607305,-0.004825731042940262,0.009336990161952663,0.050483905431992326,0.12285637495586776,0.201991176308983,4195.0,,,-0.009999999999999787,0,32.6,0.0
2000-12-01,169.54,46.75052631578947,0.04719624328394622,25.1,3.48,71.8,37264.0,,5.41,,91.76,,85.51,5.13308888718026,3.8448255137630776,3.2228678461377385,10.525782992124123,4.273884476054178,-0.011960742964559401,-0.0006788295234856356,-0.2583722431979534,0.0265957211940151,-0.10801715080655239,978.0,,,0.7399999999999998,1,32.6,0.0
2001-01-01,168.8,46.54545454545455,0.13157388917140556,25.6,3.25,76.06,38361.0,,5.74,,91.27,,85.45,5.128714582161857,3.8404293522411375,3.242592351485517,10.554796597479278,4.331522502500114,-0.004374305018402858,-0.004396161521940112,0.019724505347778365,0.029013605355155292,0.057638026445935964,1097.0,,,-0.22999999999999998,0,32.6,0.0
2001-02-01,170.09,46.51888888888889,0.09718925678276846,27.4,3.02,67.68,38896.0,,5.59,,91.79,,86.19,5.136327708726,3.8398584427755598,3.3105430133940246,10.568646696555904,4.214790715297968,0.007613126564143258,-0.0005709094655776958,0.06795066190850774,0.01385009907662571,-0.11673178720214583,535.0,,,-0.22999999999999998,0,32.6,0.0
2001-03-01,172.08,46.6205,0.06402918742343305,24.4,2.53,74.38,39554.0,,5.29,,92.85,,87.4,5.1479594849594745,3.8420403585608236,3.1945831322991562,10.585422105881971,4.309187088496924,0.011631776233474334,0.0021819157852638327,-0.11595988109486832,0.016775409326067248,0.09439637319895589,658.0,,,-0.4900000000000002,0,32.6,0.0
2001-04-01,173.96,46.7864705882353,0.13765632824495366,25.6,2.28,74.57,39821.0,8.75,4.67,,93.83,,88.41,5.158825387729438,3.845594071134061,3.242592351485517,10.5921496903114,4.311738281555703,0.010865902769963576,0.003553712573237444,0.048009219186360585,0.006727584429429001,0.0025511930587791554,267.0,4.08,,-0.25,0,32.6,0.0
2001-05-01,173.94,46.92,0.06737952211169192,28.5,2.5,67.49,40171.0,8.75,4.24,,93.71,,88.56,5.158710412161619,3.848444023785275,3.349904087274605,10.600900621243124,4.211979438755315,-0.00011497556781936424,0.002849952651213794,0.10731173578908804,0.008750930931723744,-0.09975884280038816,350.0,4.51,0.4299999999999997,0.2200000000000002,0,32.6,0.0
2001-06-01,175.45,47.0045,0.030517466957032897,27.7,3.39,71.34,40652.0,8.5,3.95,,94.72,,89.82,5.167354102029224,3.8502433418076802,3.3214324131932926,10.612803314257658,4.267457179930745,0.008643689867604998,0.001799318022405405,-0.028471674081312237,0.011902693014533838,0.05547774117543014,481.0,4.55,0.040000000000000036,0.8900000000000001,0,32.6,0.0
2001-07-01,175.03,47.141818181818174,0.024424102778540964,24.5,4.04,81.33,40950.0,8.5,3.82,,94.8,,90.03,5.164957387802744,3.8531604665948667,3.1986731175506815,10.620107089281216,4.398514952178684,-0.0023967142264798014,0.0029171247871864203,-0.12275929564261112,0.007303775023558501,0.1310577722479387,298.0,4.68,0.1299999999999999,0.6499999999999999,0,32.6,0.0
2001-08-01,171.45,47.126999999999995,0.012607433062327733,25.7,5.19,55.75,42537.0,8.5,3.66,,93.15,,88.45,5.144291678908929,3.852846085185912,3.246490991901174,10.658129564405668,4.020877410340228,-0.020665708893814916,-0.0003143814089545671,0.04781787435049267,0.03802247512445156,-0.3776375418384559,1587.0,4.84,0.16000000000000014,1.1500000000000004,0,32.6,0.0
2001-09-01,168.96,47.646,0.36435090084610694,25.5,4.73,111.6,41948.0,8.5,2.75,,91.51,,87.04,5.129662000517897,3.863798681141129,3.2386784521643803,10.644186034954295,4.71492104994721,-0.014629678391032463,0.010952595955216804,-0.007812539736793855,-0.013943529451372783,0.6940436396069822,-589.0,5.75,0.9100000000000001,-0.45999999999999996,0,32.6,0.0
2001-10-01,168.91,48.02047619047619,0.05877722266968504,20.5,4.23,122.84,42309.0,8.5,2.66,,91.91,,87.84,5.129366028692254,3.8716275072469832,3.0204248861443626,10.65275510836035,4.810882695572622,-0.0002959718256425603,0.007828826105854336,-0.21825356602001778,0.008569073406054173,0.09596164562541176,361.0,5.84,0.08999999999999986,-0.5,1,32.5,0.0
2001-11-01,170.12,47.997368421052634,0.022568932742737902,18.9,4.89,99.77,44024.0,8.5,2.06,,92.52,,89.26,5.136504070385433,3.871146184843566,2.9391619220655967,10.692490218739595,4.602867536925416,0.007138041693178998,-0.00048132240341702826,-0.08126296407876588,0.0397351103792456,-0.2080151586472061,1715.0,6.4399999999999995,0.5999999999999996,0.6599999999999993,0,32.5,0.0
2001-12-01,170.92,47.92263157894737,0.15146844575184318,18.6,5.16,80.19,45251.0,8.5,1.52,,92.62,,90.24,5.141195610775824,3.869587868387578,2.9231615807191558,10.719980048331397,4.384398818818937,0.004691540390391324,-0.0015583164559882512,-0.016000341346440905,0.02748982959180246,-0.21846871810647883,1227.0,6.98,0.5400000000000009,0.27000000000000046,0,28.5,0.0
2002-01-01,170.75,48.33217391304348,0.08893084758492899,19.5,4.94,83.51,46561.0,8.5,1.85,,91.8,,90.41,5.140200498450899,3.878097465458751,2.970414465569701,10.748518559837908,4.424966385165138,-0.000995112324924996,0.008509597071173047,0.04725288485054513,0.0285385115065111,0.04056756634620129,1310.0,6.65,-0.33000000000000007,-0.21999999999999975,0,28.5,0.0
2002-02-01,170.72,48.691500000000005,0.07421696500623816,20.3,5.19,80.76,47714.0,8.5,1.83,,91.36,,90.23,5.140024787553443,3.8855044768673372,3.0106208860477417,10.772980134861644,4.391481793444637,-0.0001757108974560495,0.007407011408586239,0.040206420478040794,0.024461575023735804,-0.033484591720501555,1153.0,6.67,0.019999999999999574,0.25,0,28.5,0.0
2002-03-01,169.81,48.739444444444445,0.03522569620607401,23.7,5.17,71.07,51049.0,8.0,1.74,,91.25,,90.0,5.13468016495821,3.8864886497825797,3.1654750481410856,10.840541234762362,4.263665306838804,-0.005344622595233162,0.0009841729152424428,0.1548541620933439,0.06756109990071835,-0.1278164866058331,3335.0,6.26,-0.41000000000000014,-0.020000000000000462,0,28.5,0.0
2002-04-01,168.23,48.9195,0.056052137383542186,25.7,4.69,72.39,52107.0,8.0,1.82,,90.22,,88.99,5.125332090731069,3.8901760899981372,3.246490991901174,10.861054575722122,4.28206816830505,-0.009348074227141012,0.003687440215557558,0.08101594376008858,0.02051334095975932,0.018402861466245923,1058.0,6.18,-0.08000000000000007,-0.47999999999999954,0,28.5,0.0
2002-05-01,165.23,49.0,0.028284271247463282,25.4,4.66,81.08,52890.0,8.0,1.79,,88.75,,87.22,5.1073384426629,3.8918202981106265,3.2347491740244907,10.875969564060025,4.395436321583799,-0.0179936480681695,0.0016442081124892205,-0.011741817876683491,0.014914988337903168,0.11336815327874916,783.0,6.21,0.03000000000000025,-0.03000000000000025,0,28.5,0.0
2002-06-01,162.59,48.9665,0.061752903191924335,24.1,4.16,85.37,54703.0,8.0,1.73,,88.36,,86.28,5.091231694607464,3.8911363908299594,3.1822118404966093,10.909673831513109,4.446994751022215,-0.016106748055435993,-0.0006839072806670288,-0.05253733352788137,0.03370426745308386,0.051558429438416375,1813.0,6.27,0.05999999999999961,-0.5,0,27.7,0.0
2002-07-01,160.24,48.76391304347826,0.05975245376739928,25.8,3.89,86.11,56704.0,8.0,1.76,,87.59,,85.31,5.076672691357563,3.886990552489889,3.250374491927572,10.945600033964753,4.455625548708074,-0.014559003249901004,-0.00414583834007054,0.06816265143096256,0.035926202451644684,0.008630797685858838,2001.0,6.24,-0.02999999999999936,-0.27,0,25.7,0.10000000000000142
2002-08-01,162.17,48.586666666666666,0.06872651113895625,26.6,3.86,90.54,58273.0,8.0,1.81,,89.3,,86.81,5.088645167731283,3.8833491448435384,3.2809112157876537,10.972894143280692,4.505791742007813,0.01197247637372012,-0.0036414076463504585,0.03053672386008177,0.027294109315938897,0.050166193299738815,1569.0,6.1899999999999995,-0.05000000000000071,-0.03000000000000025,0,25.8,0.8000000000000007
2002-09-01,162.89,48.44157894736842,0.041668421015702464,28.3,4.3,108.75,59663.0,8.0,1.85,,89.58,,87.41,5.093075126369514,3.8803585140943744,3.342861804649192,10.996467341752533,4.689051669968793,0.004429958638231035,-0.0029906307491640582,0.06195058886153815,0.023573198471840584,0.18325992796098056,1390.0,6.15,-0.03999999999999915,0.43999999999999995,0,26.6,1.6999999999999993
2002-10-01,163.89,48.37285714285714,0.03227117245202923,27.5,4.06,110.51,61225.0,8.0,1.82,,89.99,,87.77,5.099195471075736,3.8789388535803315,3.3141860046725258,11.022310881820369,4.705106014600691,0.006120344706221914,-0.001419660514042853,-0.028675799976666028,0.025843540067835846,0.0160543446318977,1562.0,6.18,0.02999999999999936,-0.2400000000000002,0,28.3,0.0
2002-11-01,162.3,48.25526315789474,0.04718385093942079,24.2,3.6,94.36,63621.0,7.5,1.23,,89.17,,86.95,5.089446474520545,3.8765049028287333,3.186352633162641,11.060698883507174,4.547117254539474,-0.009748996555190459,-0.002433950751598246,-0.12783337150988494,0.038388001686804785,-0.1579887600612171,2396.0,6.27,0.08999999999999986,-0.4599999999999995,0,28.3,0.0
2002-12-01,161.66,48.14,0.10329569206893069,28.5,3.2,91.07,66994.0,7.5,1.16,,88.32,,86.36,5.085495364305698,3.874113432354926,3.349904087274605,11.112358342124256,4.511628441579727,-0.0039511102148468424,-0.002391470473807278,0.16355145411196403,0.051659458617082876,-0.035488812959746596,3373.0,6.34,0.07000000000000028,-0.3999999999999999,0,28.3,0.1999999999999993
2003-01-01,159.53,47.93260869565218,0.058248479598139516,31.2,3.43,49.28,69888.0,7.5,1.33,,87.18,,84.59,5.072231992312906,3.869796038889519,3.4404180948154366,11.154649239664522,3.8975183192252643,-0.013263371992792372,-0.004317393465406827,0.09051400754083172,0.042290897540265604,-0.6141101223544632,2894.0,6.17,-0.16999999999999993,0.22999999999999998,0,28.5,2.6999999999999993
2003-02-01,159.7,47.735789473684214,0.04670424552123239,32.6,3.86,69.26,69148.0,7.5,1.33,,87.74,,84.77,5.073297055220967,3.865681419988927,3.484312288372662,11.144004414042678,4.237867538974276,0.0010650629080606322,-0.00411461890059206,0.043894193557225236,-0.010644825621843879,0.3403492197490121,-740.0,6.17,0.0,0.4299999999999997,0,31.2,1.4000000000000021
2003-03-01,160.16,47.641052631578944,0.06323630610145205,30.3,4.06,113.42,71890.0,7.0,1.38,,88.8,,85.17,5.07617331556691,3.863694839784116,3.4111477125153233,11.182892451977917,4.731097742585882,0.002876260345943571,-0.001986580204810906,-0.07316457585733849,0.038888037935238984,0.4932302036116054,2742.0,5.62,-0.5499999999999998,0.19999999999999973,0,32.6,0.0
2003-04-01,160.65,47.3775,0.0347371079203023,25.0,5.12,80.29,74253.0,7.0,1.31,,89.76,,86.06,5.0792280855618674,3.858147432458828,3.2188758248682006,11.215233459889129,4.385645080196593,0.0030547699949572404,-0.005547407325288134,-0.19227188764712277,0.03234100791121186,-0.34545266238928907,2363.0,5.6899999999999995,0.0699999999999994,1.0600000000000005,1,32.6,0.0
2003-05-01,156.88,47.08315789473684,0.17997075785863043,25.8,4.66,62.98,77932.0,7.0,1.28,,87.92,,84.04,5.055481181888091,3.851915355222016,3.250374491927572,11.263591930565777,4.142817215672879,-0.023746903673776742,-0.0062320772368122945,0.03149866705937132,0.048358470676648224,-0.24282786452371408,3679.0,5.72,0.03000000000000025,-0.45999999999999996,0,32.6,0.0
2003-06-01,157.54,46.70904761904762,0.1846321955105578,27.5,4.41,57.72,78546.0,7.0,1.45,,88.43,,84.4,5.059679394275178,3.843937885075745,3.3141860046725258,11.271439719408153,4.05560373390567,0.004198212387087175,-0.007977470146270704,0.06381151274495389,0.007847788842376247,-0.08721348176720856,614.0,5.55,-0.16999999999999993,-0.25,0,32.6,0.0
2003-07-01,160.7,46.229565217391304,0.11214755948665708,28.4,4.16,63.99,80949.0,7.0,1.04,,90.21,,86.21,5.0795392727434665,3.833619533183928,3.3463891451671604,11.30157460572497,4.158726821151369,0.019859878468288628,-0.01031835189181729,0.032203140494634575,0.030134886316815823,0.10312308724569874,2403.0,5.96,0.41000000000000014,-0.25,0,32.6,0.0
2003-08-01,163.17,45.935500000000005,0.11095162530532626,29.8,3.1,59.85,82624.0,7.0,1.01,,91.51,,86.95,5.094792602102979,3.8272382386103088,3.3945083935113587,11.322055474206314,4.091841432003982,0.015253329359512513,-0.006381294573619023,0.04811924834419834,0.020480868481344672,-0.0668853891473864,1675.0,5.99,0.03000000000000025,-1.06,0,32.6,0.0
2003-09-01,162.36,45.85047619047619,0.08163799302262287,27.1,2.89,53.43,87213.0,7.0,1.17,,91.71,,86.57,5.089816091970697,3.825385584482264,3.299533727885655,11.376108681354177,3.97837238596968,-0.004976510132282286,-0.001852654128044584,-0.09497466562570356,0.05405320714786299,-0.11346904603430241,4589.0,5.83,-0.16000000000000014,-0.20999999999999996,0,32.6,0.0
2003-10-01,160.54,45.390454545454546,0.1184212526263462,29.6,3.29,64.71,88674.0,7.0,1.03,,90.79,,85.74,5.078543132703431,3.815301830638425,3.3877743613300146,11.392722002442628,4.169915749069174,-0.01127295926726557,-0.010083753843839194,0.0882406334443595,0.01661332108845137,0.19154336309949427,1461.0,5.97,0.13999999999999968,0.3999999999999999,0,32.6,0.0
2003-11-01,159.96,45.52,0.2542964149701421,28.8,3.07,40.54,92148.0,7.0,1.01,,90.8,,85.56,5.074923783978618,3.8181517898180757,3.3603753871419,11.431151259118543,3.702289141023854,-0.003619348724813065,0.0028499591796506962,-0.027398974188114433,0.03842925667591501,-0.4676266080453204,3474.0,5.99,0.020000000000000462,-0.2200000000000002,0,32.6,0.0
2003-12-01,156.84,45.59090909090909,0.06538596696023136,29.9,3.72,42.96,97617.0,7.0,0.94,,88.78,,83.92,5.055226177424131,3.81970833460362,3.3978584803966405,11.48880693756142,3.7602694502006093,-0.01969760655448738,0.0015565447855441228,0.03748309325474031,0.057655678442877445,0.05798030917675545,5469.0,6.0600000000000005,0.07000000000000028,0.6500000000000004,0,32.6,0.0
2004-01-01,155.11,45.45666666666667,0.10365005225919151,31.2,4.35,77.31,100780.0,7.0,1.03,,88.55,,83.07,5.04413454263666,3.816759491201633,3.4404180948154366,11.52069520223459,4.347823313332383,-0.011091634787470994,-0.002948843401986867,0.04255961441879608,0.031888264673169076,0.5875538631317738,3163.0,5.97,-0.09000000000000075,0.6299999999999994,0,32.6,0.0
2004-02-01,155.19,45.27166666666667,0.019174124721186465,30.9,4.13,82.82,104069.0,7.0,1.04,,88.9,,83.21,5.044650172683533,3.8126813769103656,3.4307561839036995,11.552809419668664,4.416669578117421,0.0005156300468733832,-0.004078114291267365,-0.00966191091173707,0.03211421743407428,0.06884626478503808,3289.0,5.96,-0.009999999999999787,-0.21999999999999975,0,32.6,0.0
2004-03-01,158.32,45.014761904761905,0.47211883088496864,33.8,3.49,24.94,107448.0,6.0,1.05,,90.32,,84.85,5.064618301294311,3.806990478304242,3.520460802488973,11.58476228858891,3.2164729402518906,0.01996812861077757,-0.005690898606123707,0.08970461858527345,0.0319528689202464,-1.2001966378655307,3379.0,4.95,-1.0099999999999998,-0.6399999999999997,0,31.2,2.599999999999998
2004-04-01,163.14,43.93333333333333,0.25286592587888895,33.4,2.23,73.95,113011.0,6.0,1.03,,93.24,99.88,87.11,5.094608727872434,3.782673333400297,3.5085558999826545,11.635240438089491,4.303389189156809,0.029990426578123675,-0.024317144903944765,-0.011904902506318482,0.05047814950058083,1.086916248904918,5563.0,4.97,0.019999999999999574,-1.2600000000000002,0,33.8,0.0
2004-05-01,159.85,45.257999999999996,0.31194803885802286,37.9,2.83,229.63,114102.0,6.0,1.02,,91.57,98.32,85.84,5.074235875505851,3.8123794500995487,3.634951112088381,11.644848064180332,5.436469317930779,-0.020372852366583594,0.029706116699251606,0.12639521210572635,0.009607626090840427,1.1330801287739707,1091.0,4.98,0.010000000000000675,0.6000000000000001,0,33.8,4.100000000000001
2004-06-01,157.57,45.51590909090909,0.3773170839203867,35.2,3.02,48.42,114151.0,6.0,1.38,,90.39,97.75,84.89,5.059869803973954,3.8180619151931166,3.5610460826040513,11.645277412322548,3.8799129515099127,-0.01436607153189673,0.005682465093567846,-0.07390502948432953,0.0004293481422159573,-1.5565563664208666,49.0,4.62,-0.3600000000000003,0.18999999999999995,0,37.9,0.0
2004-07-01,154.85,46.04363636363637,0.23004234505733845,38.4,3.19,47.16,112967.0,6.0,1.29,,89.73,96.9,83.38,5.042456906419212,3.8295895634375006,3.648057459593681,11.634851019645607,3.85354607566917,-0.017412897554741846,0.011527648244384014,0.08701137698962969,-0.010426392676940566,-0.026366875840742487,-1184.0,4.71,0.08999999999999986,0.16999999999999993,0,37.9,0.5
2004-08-01,154.71,46.34238095238096,0.054672183229203676,43.0,4.61,83.19,112717.0,6.0,1.55,,90.73,97.45,84.07,5.041552396730977,3.8360568977529637,3.7612001156935624,11.632635531598089,4.421127148295796,-0.0009045096882349668,0.006467334315463091,0.11314265609988139,-0.002215488047518477,0.5675810726266262,-250.0,4.45,-0.2599999999999998,1.4200000000000004,0,38.4,4.600000000000001
2004-09-01,155.3,46.09809523809523,0.20920370569420846,43.4,4.81,41.46,114083.0,6.0,1.94,,90.76,97.92,84.59,5.045358730154642,3.830771631103332,3.770459441106359,11.644681532637557,3.7247291070076334,0.003806333423664654,-0.00528526664963147,0.009259325412796837,0.012046001039468734,-0.696398041288163,1366.0,4.0600000000000005,-0.3899999999999997,0.1999999999999993,0,43.0,0.3999999999999986
2004-10-01,154.66,45.78368421052632,0.12530897486328324,49.8,4.57,86.21,115651.0,6.0,1.79,,90.25,97.9,83.98,5.041229159180889,3.823927787706776,3.9080149840306073,11.658332314401276,4.456786180221833,-0.00412957097375255,-0.006843843396556082,0.1375555429242481,0.013650781763718811,0.7320570732141998,1568.0,4.21,0.14999999999999947,-0.23999999999999932,0,43.4,6.399999999999999
2004-11-01,153.25,45.12684210526316,0.174134450978385,43.1,4.17,50.96,122319.0,6.0,2.02,,90.12,97.11,82.94,5.032070574816321,3.8094772380971382,3.763522997109702,11.714387665291566,3.931041011263908,-0.009158584364568512,-0.014450549609637875,-0.14449198692090537,0.0560553508902899,-0.5257451689579251,6668.0,3.98,-0.22999999999999998,-0.40000000000000036,0,49.8,0.0
2004-12-01,154.71,43.9804347826087,0.2674539596890627,39.6,3.78,50.83,125164.0,6.0,1.97,,90.01,97.6,83.71,5.041552396730977,3.783744870994273,3.6788291182604347,11.7373801563645,3.928486731458811,0.009481821914656408,-0.025732367102865084,-0.08469387884926727,0.022992491072933774,-0.002554279805096815,2845.0,4.03,0.050000000000000266,-0.3900000000000001,0,49.8,0.0
2005-01-01,156.53,43.75684210526316,0.11647854507156502,44.3,4.37,52.31,123654.0,6.0,2.5,,91.49,98.76,85.63,5.053247684900132,3.778647991553273,3.7909846770510898,11.725242621799563,3.95718755738252,0.011695288169154772,-0.005096879441000013,0.11215555879065509,-0.012137534564937269,0.028700825923708706,-1510.0,3.5,-0.5300000000000002,0.5900000000000003,0,49.8,0.0
2005-02-01,156.92,43.677499999999995,0.12875415169596294,45.6,4.17,60.8,130093.0,6.0,2.52,,91.29,99.02,85.53,5.055736121341352,3.7768330953664626,3.8199077165203406,11.776004858287504,4.107589788972121,0.0024884364412196547,-0.0018148961868105218,0.02892303946925079,0.05076223648794098,0.15040223158960142,6439.0,3.48,-0.020000000000000018,-0.20000000000000018,0,49.8,0.0
2005-03-01,156.04,43.69,0.08899438184514936,53.1,4.17,38.83,135571.0,6.0,2.96,,90.83,98.02,85.0,5.050112384638456,3.7771192429633444,3.9721769282478934,11.817250767309416,3.659193143743576,-0.005623736702895954,0.0002861475968818361,0.1522692117275528,0.04124590902191194,-0.4483966452285455,5478.0,3.04,-0.43999999999999995,0.0,0,49.8,3.3000000000000043
2005-04-01,157.42,43.741176470588236,0.043715322391179846,51.9,4.96,90.3,135950.0,6.0,2.97,,92.46,98.9,85.84,5.058917392714304,3.778289911791073,3.949318790171843,11.820042450060617,4.5031374604229395,0.008805008075848164,0.0011706688277284272,-0.022858138076050416,0.002791682751201563,0.8439443166793636,379.0,3.03,-0.010000000000000231,0.79,0,53.1,0.0
2005-05-01,159.19,43.49142857142857,0.08392173224414151,48.7,3.74,60.12,132925.0,6.0,3.09,,93.13,99.3,86.11,5.0700984573670445,3.7725638743438776,3.885679030088544,11.797540338372539,4.0963425648847736,0.011181064652740602,-0.0057260374471952424,-0.06363976008329875,-0.022502111688078585,-0.40679489553816595,-3025.0,2.91,-0.11999999999999966,-1.2199999999999998,0,53.1,0.0
2005-06-01,161.62,43.58590909090909,0.07048533051764913,54.3,3.32,63.02,132352.0,6.0,3.35,,94.99,100.68,87.42,5.085247900805301,3.7747339121308188,3.9945242269398897,11.793220318987991,4.143452136329128,0.01514944343825686,0.002170037786941137,0.10884519685134553,-0.00432001938454718,0.04710957144435479,-573.0,2.65,-0.26000000000000023,-0.4200000000000004,0,53.1,1.1999999999999957
2005-07-01,163.15,43.53736842105263,0.052687981474085106,57.6,4.06,66.43,134587.0,6.0,3.31,,96.68,102.94,88.94,5.094670023039329,3.773619613489508,4.053522567701846,11.80996610906181,4.19614876167715,0.009422122234028052,-0.0011142986413106293,0.05899834076195587,0.016745790073818156,0.05269662534802144,2235.0,2.69,0.040000000000000036,0.7399999999999998,0,54.3,3.3000000000000043
2005-08-01,160.68,43.62590909090909,0.15996008701307918,64.1,3.45,30.69,138107.0,6.0,3.63,,95.03,101.76,87.6,5.079414809491081,3.775651219065561,4.160444363926624,11.835784026020109,3.4239368686316447,-0.015255213548248214,0.002031605576052975,0.10692179622477838,0.02581791695829949,-0.7722118930455051,3520.0,2.37,-0.31999999999999984,-0.6099999999999994,0,57.6,6.499999999999993
2005-09-01,159.82,43.9165,0.08671034661749487,63.0,3.63,31.9,136920.0,6.0,3.93,,94.63,100.85,87.04,5.074048181946317,3.782290103679747,4.143134726391533,11.827152092644122,3.462606009790799,-0.005366627544764135,0.006638884614186047,-0.017309637535091404,-0.008631933375987444,0.03866914115915421,-1187.0,2.07,-0.30000000000000027,0.17999999999999972,0,64.1,0.0
2005-10-01,158.24,44.7725,0.3855669100237529,58.5,4.18,51.64,137286.0,6.25,4.02,,93.76,100.21,86.08,5.064112867874402,3.8015941116587575,4.069026754237811,11.829821620060404,3.944296565978442,-0.009935314071914725,0.01930400797901033,-0.07410797215372167,0.0026695274162822358,0.481690556187643,366.0,2.2300000000000004,0.1600000000000006,0.5499999999999998,0,64.1,0.0
2005-11-01,156.68,45.728500000000004,0.21248591284575596,55.5,5.33,33.01,136582.0,6.25,4.03,,93.17,100.17,86.45,5.05420550879763,3.822721735907413,4.0163830207523885,11.824680445840286,3.4968105458651015,-0.009907359076771982,0.02112762424865533,-0.052643733485422395,-0.005141174220117506,-0.4474860201133404,-704.0,2.2199999999999998,-0.010000000000000675,1.1500000000000004,0,64.1,0.0
2005-12-01,156.1,45.64545454545455,0.48134461739240897,56.7,5.57,42.35,131018.0,6.25,4.09,,92.09,99.4,86.25,5.050496827521386,3.820904030242289,4.037774210733707,11.783089997324296,3.7459684210980635,-0.003708681276243908,-0.0018177056651236256,0.02139118998131817,-0.04159044851598992,0.24915787523296196,-5564.0,2.16,-0.05999999999999961,0.2400000000000002,0,64.1,0.0
2006-01-01,158.44,44.3985,0.28936000160063047,63.6,4.37,39.99,133770.0,6.5,4.47,,93.65,100.28,87.27,5.065375972753716,3.7932056850837106,4.152613470346076,11.803877186289633,3.688629422858727,0.014879145232329805,-0.027698345158578608,0.11483925961236974,0.020787188965336156,-0.057338998239336636,2752.0,2.0300000000000002,-0.1299999999999999,-1.2000000000000002,0,64.1,0.0
2006-02-01,159.24,44.33105263157895,0.12196970192278916,59.9,4.57,31.37,135897.0,6.5,4.52,,94.01,100.51,87.84,5.070412498132116,3.7916853938298605,4.092676505121403,11.81965252484039,3.445852022202587,0.005036525378399936,-0.0015202912538501145,-0.05993696522467307,0.015775338550756857,-0.24277740065614006,2127.0,1.9800000000000004,-0.04999999999999982,0.20000000000000018,0,64.1,0.0
2006-03-01,158.47,44.481904761904765,0.12118659363225663,62.3,4.57,32.27,145108.0,6.5,5.0,,93.42,99.82,87.48,5.065565300954717,3.795082471910003,4.131961425793407,11.88523357174251,3.4741380060638707,-0.004847197177399565,0.003397078080142446,0.03928492067200384,0.06558104690212119,0.028285983861283892,9211.0,1.5,-0.4800000000000004,0.0,0,64.1,0.0
2006-04-01,155.08,44.94941176470588,0.22210556578559726,70.4,4.65,37.33,153598.0,6.5,4.86,9.79,92.72,97.86,85.71,5.043941112802728,3.805537674396092,4.254193263163997,11.942094078777604,3.6197972929264925,-0.0216241881519883,0.01045520248608911,0.12223183737058996,0.05686050703509338,0.14565928686262186,8490.0,1.6399999999999997,0.13999999999999968,0.08000000000000007,0,64.1,6.300000000000011
2006-05-01,150.56,45.40909090909091,0.4673013618325608,70.2,5.93,39.59,156073.0,6.5,5.05,11.35,90.5,96.19,84.0,5.01436167583707,3.8157123252902374,4.251348311031766,11.958079125495766,3.678576561118039,-0.029579436965658346,0.010174650894145376,-0.0028449521322313487,0.015985046718162366,0.05877926819154666,2475.0,1.4500000000000002,-0.1899999999999995,1.2799999999999994,0,70.4,0.0
2006-06-01,150.05,46.055454545454545,0.18102163177043915,68.9,7.27,53.54,155968.0,6.75,5.05,9.81,91.18,97.02,84.67,5.010968571886377,3.829846204013784,4.232656178019613,11.957406136984877,3.9804290380922063,-0.003393103950693366,0.014133878723546545,-0.018692133012153,-0.0006729885108889277,0.30185247697416706,-105.0,1.7000000000000002,0.25,1.3399999999999999,0,70.4,0.0
2006-07-01,148.25,46.45619047619048,0.3375718618379798,73.9,6.33,72.43,157247.0,7.0,5.31,14.84,90.76,96.39,83.35,4.998900037877835,3.838509728203208,4.302712827954156,11.96557309647927,4.282620578207235,-0.012068534008541576,0.008663524189424177,0.07005664993454364,0.0081669594943925,0.30219154011502836,1279.0,1.6900000000000004,-0.009999999999999787,-0.9399999999999995,0,70.4,3.5
2006-08-01,147.12,46.53909090909091,0.06553146034060477,73.6,5.94,59.81,158938.0,7.0,5.31,9.8,90.42,96.21,83.16,4.991248580296066,3.840292624144277,4.298645025734831,11.976269468050207,4.091172871056465,-0.0076514575817689945,0.0017828959410688405,-0.004067802219325678,0.010696371570936947,-0.1914477071507692,1691.0,1.6900000000000004,0.0,-0.3899999999999997,0,73.9,0.0
2006-09-01,148.97,46.12095238095238,0.18275406320803908,62.8,6.4,41.71,158340.0,7.0,5.34,13.22,92.06,98.04,84.95,5.003744943391502,3.8312673452516637,4.139955073474153,11.972499898725426,3.730740908208854,0.012496363095436003,-0.009025278892613287,-0.15868995226067817,-0.00376956932478123,-0.3604319628476116,-598.0,1.6600000000000001,-0.03000000000000025,0.45999999999999996,0,73.9,0.0
2006-10-01,151.64,45.46842105263158,0.2411606923446778,58.4,6.92,37.2,160669.0,7.25,5.31,9.69,94.15,101.01,87.05,5.021509290648134,3.817018042198398,4.067315889834181,11.987101627080749,3.616308761279101,0.017764347256632007,-0.01424930305326555,-0.07263918363997135,0.014601728355323473,-0.11443214692975268,2329.0,1.9400000000000004,0.28000000000000025,0.5199999999999996,0,73.9,0.0
2006-11-01,151.89,44.85045454545455,0.20305939250159652,58.5,5.95,85.05,167598.0,7.25,5.31,19.98,94.12,101.42,87.11,5.023156574649928,3.803333723246192,4.069026754237811,12.029323533784694,4.44323931884187,0.001647284001793814,-0.01368431895220601,0.0017108644036296639,0.04222190670394532,0.8269305575627692,6929.0,1.9400000000000004,0.0,-0.9699999999999998,0,73.9,0.0
2006-12-01,150.71,44.634499999999996,0.1655127598833734,62.3,6.53,63.5,170187.0,7.25,5.17,13.7,92.76,99.98,86.48,5.015357460431585,3.7985071025970356,4.131961425793407,12.0446531114757,4.151039905898646,-0.007799114218342673,-0.00482662064915651,0.06293467155559629,0.015329577691005625,-0.2921994129432246,2589.0,2.08,0.13999999999999968,0.5800000000000001,0,73.9,0.0
2007-01-01,152.87,44.333,0.12802549088283274,54.3,6.72,45.92,173081.0,7.5,5.33,13.84,94.29,100.62,87.89,5.0295878870129425,3.7917293207283853,3.9945242269398897,12.061514971997195,3.826900752011311,0.014230426581357314,-0.006777781868650301,-0.13743719885351746,0.01686186052149452,-0.3241391538873346,2894.0,2.17,0.08999999999999986,0.1899999999999995,0,73.9,0.0
2007-02-01,152.99,44.160555555555554,0.07074995092263675,57.8,7.56,71.26,187211.0,7.5,5.41,13.7,94.02,100.7,88.26,5.030372559779288,3.7878319824050037,4.056988775678332,12.139991601983048,4.26633516017769,0.0007846727663451958,-0.0038973383233815717,0.062464548738442094,0.07847662998585392,0.43943440816637924,14130.0,2.09,-0.08000000000000007,0.8399999999999999,0,73.9,0.0
2007-03-01,153.01,44.0255,0.4219188622422383,62.1,6.72,50.21,191924.0,7.75,5.3,14.36,93.9,100.18,88.11,5.030503278733722,3.7847690115011963,4.128745988939433,12.164854739313892,3.916214210046614,0.00013071895443417247,-0.0030629709038074715,0.07175721326110107,0.024863137330843443,-0.35012095013107647,4713.0,2.45,0.3600000000000003,-0.8399999999999999,0,73.9,0.0
2007-04-01,158.25,42.15105263157895,0.7777595653673895,67.4,6.67,72.65,196899.0,7.75,5.29,17.83,98.12,103.49,91.05,5.064176061024286,3.7412596576017254,4.210645017918261,12.190446185894158,4.285653390016292,0.03367278229056403,-0.04350935389947086,0.08189902897882817,0.025591446580266464,0.3694391799696781,4975.0,2.46,0.009999999999999787,-0.04999999999999982,0,73.9,0.0
2007-05-01,162.87,40.77952380952381,0.22632887996179937,67.5,6.61,35.19,200697.0,7.75,5.28,19.25,100.81,106.94,94.19,5.092952336585469,3.7081800880188824,4.212127597878484,12.209551586989603,3.5607619513334936,0.02877627556118334,-0.03307956958284297,0.0014825799602231626,0.019105401095444563,-0.7248914386827985,3798.0,2.4699999999999998,0.009999999999999787,-0.05999999999999961,0,73.9,0.0
2007-06-01,163.21,40.771904761904764,0.15797528438394903,71.3,5.69,27.74,206114.0,7.75,5.31,19.7,101.01,107.72,94.61,5.095037715162604,3.70799323543335,4.26689632742025,12.236184692761734,3.3228754148866853,0.0020853785771350886,-0.0001868525855326375,0.054768729541765815,0.02663310577213096,-0.23788653644680835,5417.0,2.4400000000000004,-0.02999999999999936,-0.9199999999999999,0,73.9,0.0
2007-07-01,162.47,40.416363636363634,0.09916534794859884,77.2,6.45,35.05,219753.0,7.75,5.28,16.16,101.04,108.78,94.36,5.090493369341659,3.699234743464393,4.3463994570307305,12.30025946733137,3.5567756134805992,-0.004544345820945317,-0.00875849196895695,0.07950312961048045,0.06407477456963662,0.23390019859391398,13639.0,2.4699999999999998,0.02999999999999936,0.7599999999999998,0,73.9,3.299999999999997
2007-08-01,161.65,40.81761904761905,0.34184652641067564,70.8,7.26,47.83,221509.0,7.75,4.96,17.76,100.48,108.43,94.07,5.0854335041714425,3.709113827596744,4.259859000699674,12.308218499696045,3.8676530576922055,-0.005059865170216504,0.009879084132351057,-0.08654045633105678,0.007959032364674101,0.31087744421160624,1756.0,2.79,0.3200000000000003,0.8099999999999996,0,77.2,0.0
2007-09-01,161.96,40.339999999999996,0.4425048319688628,77.1,6.4,58.07,239955.0,7.75,4.58,13.37,100.41,108.6,94.21,5.0873493911639605,3.6973435325260655,4.345103280569283,12.388206684743805,4.061649179383958,0.00191588699251799,-0.011770295070678394,0.08524427986960958,0.0799881850477604,0.19399612169175295,18446.0,3.17,0.3799999999999999,-0.8599999999999994,0,77.2,0.0
2007-10-01,162.96,39.51318181818181,0.1701648042518212,82.9,5.51,72.57,256427.0,7.75,4.6,19.54,100.78,109.58,94.14,5.093504771918551,3.676634333151967,4.417635062141249,12.454599302696721,4.284551613290046,0.006155380754590212,-0.020709199374098652,0.07253178157196594,0.06639261795291596,0.22290243390608744,16472.0,3.1500000000000004,-0.019999999999999574,-0.8900000000000006,0,77.2,5.700000000000003
2007-11-01,160.61,39.44,0.18074844397670664,92.5,5.51,56.18,264725.0,7.75,4.66,9.88,99.11,108.16,92.63,5.0789790660748055,3.6747805297344347,4.52720864451838,12.486446830298656,4.0285608216760975,-0.01452570584374513,-0.0018538034175321627,0.10957358237713066,0.031847527601934544,-0.25599079161394833,8298.0,3.09,-0.0600000000000005,0.0,0,82.9,9.599999999999994
2007-12-01,161.31,39.44,0.07549834435270766,91.5,5.51,61.81,266553.0,7.75,3.06,13.48,99.12,108.23,93.68,5.083327979489696,3.6747805297344347,4.516338972281476,12.4933283771116,4.124065163671182,0.004348913414890632,0.0,-0.010869672236903938,0.006881546812945061,0.09550434199508473,1828.0,4.6899999999999995,1.5999999999999996,0.0,0,92.5,0.0
2008-01-01,160.45,39.374782608695654,0.11276965925030681,91.9,5.51,126.78,283595.0,7.75,3.22,13.05,98.79,106.89,93.33,5.077982367555866,3.673125576081557,4.520701029361642,12.555302443019247,4.84245330085602,-0.005345611933829986,-0.001654953652877822,0.004362057080165904,0.06197406590764665,0.7183881371848377,17042.0,4.529999999999999,-0.16000000000000014,0.0,0,92.5,0.0
2008-02-01,158.17,39.729523809523805,0.2277822686355552,94.8,5.47,89.35,291250.0,7.75,3.01,16.82,97.81,105.4,92.08,5.063670403975397,3.6820945840895343,4.551769409260976,12.581937283862047,4.492561241605437,-0.014311963580468934,0.008969008007977397,0.03106837989933453,0.026634840842799434,-0.34989205925058275,7655.0,4.74,0.21000000000000085,-0.040000000000000036,0,92.5,2.299999999999997
2008-03-01,152.85,40.35666666666666,0.2149144836769221,103.3,7.87,175.19,299230.0,7.75,2.51,11.73,96.18,102.74,89.97,5.029457048336844,3.6977566020515393,4.637637376125593,12.6089677874357,5.165871099247731,-0.034213355638553544,0.01566201796200506,0.08586796686461629,0.027030503573653775,0.6733098576422938,7980.0,5.24,0.5,2.4000000000000004,0,94.8,8.5
2008-04-01,152.83,40.02315789473685,0.13824505743943324,110.2,7.81,124.78,304225.0,7.75,2.37,11.0,97.29,102.91,90.58,5.029326192539745,3.6894582339569855,4.702296896718814,12.625522838205,4.82655218668264,-0.0001308557970984836,-0.008298368094553865,0.06465952059322166,0.016555050769300195,-0.3393189125650906,4995.0,5.38,0.13999999999999968,-0.0600000000000005,0,103.3,6.900000000000006
2008-05-01,145.92,42.1255,0.8260780834763765,123.9,7.75,94.38,304875.0,7.75,1.98,7.16,92.74,97.64,86.37,4.983058526326021,3.7406532580382863,4.819474788635096,12.627657135518222,4.547329186298241,-0.04626766621372447,0.05119502408130083,0.11717789191628203,0.002134297313221012,-0.2792230003843992,650.0,5.77,0.3899999999999997,-0.05999999999999961,0,110.2,13.700000000000003
2008-06-01,143.67,42.82,0.17271363582531743,133.0,7.69,162.87,302340.0,8.5,2.47,8.56,93.23,96.58,85.18,4.967519003022628,3.757005283161537,4.890349128221754,12.619307490902699,5.092952336585469,-0.015539523303393032,0.016352025123250513,0.07087433958665734,-0.008349644615522678,0.545623150287228,-2535.0,6.029999999999999,0.2599999999999998,-0.05999999999999961,0,123.9,9.099999999999994
2008-07-01,142.46,42.83652173913043,0.40768312890876196,133.9,8.33,193.61,295918.0,9.0,2.09,5.64,93.07,96.98,84.53,4.959061258550208,3.757391050386259,4.897093252697127,12.597837667900095,5.265845826401074,-0.008457744472419648,0.0003857672247220556,0.006744124475373425,-0.02146982300260447,0.17289348981560515,-6422.0,6.91,0.8800000000000008,0.6399999999999997,0,133.0,0.9000000000000057
2008-08-01,145.46,42.938947368421054,0.7379091688822355,113.8,9.02,92.27,286117.0,9.0,1.94,5.42,95.33,99.88,87.47,4.979901134726394,3.7597792781404054,4.73444252169223,12.564156097056209,4.524719061590464,0.020839876176186323,0.002388227754146488,-0.1626507310048968,-0.03368157084388557,-0.7411267648106099,-9801.0,7.0600000000000005,0.15000000000000036,0.6899999999999995,0,133.9,0.0
2008-09-01,140.36,45.564,0.9064296645863404,99.1,9.77,124.11,277300.0,9.0,2.03,10.9,91.58,97.01,85.19,4.944210550715014,3.8191179310376655,4.596129441335942,12.53285523160387,4.82116826914143,-0.035690584011380366,0.05933865289726015,-0.13831308035628798,-0.03130086545233901,0.2964492075509657,-8817.0,6.970000000000001,-0.08999999999999986,0.75,0,133.9,0.0
2008-10-01,137.38,48.65888888888889,0.9566786225938737,72.8,10.45,235.19,244045.0,8.0,0.22,3.91,89.79,96.26,84.83,4.922750808785736,3.884834502916475,4.28771595520264,12.405107913500421,5.460393698113796,-0.02145974192927813,0.0657165718788093,-0.30841348613330233,-0.12774731810344875,0.6392254289723658,-33255.0,7.78,0.8099999999999996,0.6799999999999997,1,133.9,0.0
2008-11-01,140.06,48.99166666666667,1.0946675563035266,53.2,10.45,146.63,238968.0,7.5,0.52,1.31,90.72,98.49,86.87,4.942070902227372,3.891650215620209,3.9740583963475986,12.38408493073603,4.987912406988988,0.01932009344163621,0.006815712703734267,-0.31365755885504143,-0.021022982764391074,-0.47248129112480797,-5077.0,6.98,-0.7999999999999998,0.0,1,133.9,0.0
2008-12-01,138.89,48.64190476190476,0.9934113903495333,41.6,9.7,136.16,246603.0,6.5,0.14,-1.59,88.62,96.62,85.9,4.9336822529281275,3.8844853972921656,3.728100167267218,12.415535035088505,4.913830664825064,-0.008388649299244655,-0.0071648183280434985,-0.24595822908038079,0.03145010435247464,-0.07408174216392371,7635.0,6.36,-0.6200000000000001,-0.75,1,133.9,0.0
2009-01-01,139.1,48.834500000000006,0.20663914644158118,44.9,10.45,105.82,238894.0,5.5,0.23,-5.31,88.67,96.85,87.17,4.935193098929397,3.8884370302886153,3.8044377947482086,12.383775217887585,4.661739537475985,0.0015108460012696057,0.003951632996449739,0.07633762748099082,-0.03175981720091947,-0.2520911273490789,-7709.0,5.27,-1.0900000000000007,0.75,0,133.9,0.0
2009-02-01,140.76,49.22222222222222,0.6779168399074211,43.2,9.63,135.76,238715.0,5.5,0.22,-7.23,88.53,98.33,88.32,4.947056312453384,3.896345192708916,3.765840495250065,12.383025650737968,4.910888620925971,0.011863213523986893,0.00790816242030079,-0.03859729949814383,-0.0007495671496169365,0.24914908344998565,-179.0,5.28,0.010000000000000675,-0.8199999999999985,0,133.9,0.0
2009-03-01,135.1,51.23157894736842,0.581016954790812,46.8,8.03,155.97,241426.0,5.0,0.16,-5.19,85.08,95.02,85.43,4.906015244966153,3.9363561182329136,3.845883202923601,12.394318286899647,5.049663681063734,-0.0410410674872308,0.04001092552399754,0.08004270767353638,0.01129263616167897,0.13877506013776308,2711.0,4.84,-0.4400000000000004,-1.6000000000000014,0,133.9,0.0
2009-04-01,136.05,50.061875,0.27838148286119657,50.8,8.7,131.59,241487.0,4.75,0.2,-1.9,86.5,94.8,86.27,4.913022465229256,3.9132597403561404,3.927896354584436,12.394570920398122,4.879691028162049,0.0070072202631026315,-0.02309637787677321,0.0820131516608349,0.00025263349847470806,-0.16997265290168517,61.0,4.55,-0.29000000000000004,0.6699999999999999,0,133.9,0.0
2009-05-01,137.16,48.534,1.02982573896343,57.9,8.63,114.32,251456.0,4.75,0.19,-1.64,87.78,96.51,87.47,4.921148127594719,3.8822645832638707,4.05871738457895,12.43502330291813,4.739001533621612,0.008125662365463526,-0.030995157092269743,0.13082102999451362,0.04045238252000871,-0.1406894945404371,9969.0,4.56,0.009999999999999787,-0.06999999999999851,0,133.9,0.0
2009-06-01,137.64,47.77363636363636,0.5875173387880697,68.6,9.29,98.4,254093.0,4.75,0.22,-1.82,88.61,97.76,88.06,4.924641580929279,3.866473946833295,4.22829253473184,12.44545562071943,4.589040804058207,0.0034934533345598595,-0.015790636430575766,0.16957515015289015,0.010432317801299718,-0.14996072956340445,2637.0,4.53,-0.02999999999999936,0.6599999999999984,0,133.9,0.0
2009-07-01,135.21,48.47652173913043,0.3588188793002597,64.9,11.89,141.07,260631.0,4.75,0.18,1.66,88.07,99.36,88.46,4.906829125370667,3.8810795928821045,4.1728476237100445,12.470860892852944,4.949256221086411,-0.017812455558612328,0.01460564604880954,-0.055444911021795384,0.02540527213351318,0.36021541702820326,6538.0,4.57,0.040000000000000036,2.6000000000000014,0,133.9,0.0
2009-08-01,134.45,48.337,0.49305812617730965,72.5,11.72,103.88,261247.0,4.75,0.15,5.29,88.34,99.76,88.5,4.901192382714874,3.878197312944049,4.283586561860629,12.473221598941636,4.643236386794547,-0.005636742655792837,-0.0028822799380554542,0.11073893815058433,0.0023607060886927655,-0.3060198342918632,616.0,4.6,0.02999999999999936,-0.16999999999999993,0,113.8,0.0
2009-09-01,132.91,48.438947368421054,0.3484392938812559,67.7,11.64,87.39,264373.0,4.75,0.07,1.62,87.57,99.24,87.75,4.889672207433241,3.8803041878216322,4.215086179918229,12.485116263742244,4.4703808596394525,-0.011520175281632739,0.002106874877583209,-0.06850038194239971,0.011894664800607302,-0.1728555271550949,3126.0,4.68,0.08000000000000007,-0.08000000000000007,0,99.1,0.0
2009-10-01,136.07,46.72105263157895,0.5335717668780461,73.2,11.49,86.0,266768.0,4.75,0.11,2.33,89.94,102.72,90.26,4.913169459202767,3.844194868907833,4.293195420967266,12.49413464580024,4.454347296253507,0.023497251769525995,-0.03610931891379909,0.07810924104903716,0.009018382057996988,-0.016033563385945193,2395.0,4.64,-0.040000000000000036,-0.15000000000000036,0,72.8,0.4000000000000057
2009-11-01,135.9,46.569,0.28951683888851637,77.0,13.51,68.56,263191.0,4.75,0.13,6.3,90.96,104.69,91.58,4.911919321157098,3.840935083712416,4.343805421853684,12.480635283319778,4.227709274289524,-0.0012501380456688693,-0.003259785195417031,0.05061000088641787,-0.013499362480462906,-0.22663802196398297,-3577.0,4.62,-0.019999999999999574,2.0199999999999996,0,73.2,3.799999999999997
2009-12-01,136.9,46.63,0.1956527536223297,74.7,14.97,78.49,258583.0,4.75,0.05,9.51,91.79,105.2,93.11,4.919250732294404,3.8422441108202294,4.3134800921387715,12.462972004566597,4.362971228138722,0.007331411137305288,0.001309027107813332,-0.03032532971491264,-0.01766327875318119,0.1352619538491977,-4608.0,4.7,0.08000000000000007,1.4600000000000009,0,77.0,0.0
2010-01-01,139.53,45.963,0.37413901159863117,76.4,16.22,77.45,256362.0,4.75,0.12,13.3,94.78,107.69,95.8,4.938279631904115,3.8278367250017262,4.335982696172475,12.45434578711683,4.349632566862877,0.019028899609711658,-0.014407385818503204,0.0225026040337033,-0.008626217449766216,-0.01333866127584482,-2221.0,4.63,-0.07000000000000028,1.2499999999999982,0,77.0,0.0
2010-02-01,140.39,46.32578947368421,0.21889408370954502,74.3,14.86,129.57,253991.0,4.75,0.13,13.72,94.93,106.74,95.54,4.944424263983859,3.8356988140917077,4.308110951723713,12.445054112302042,4.86422127564072,0.006144632079744028,0.007862089089981428,-0.027871744448761504,-0.009291674814788209,0.5145887087778425,-2371.0,4.62,-0.009999999999999787,-1.3599999999999994,0,77.0,0.0
2010-03-01,142.87,45.498000000000005,0.26257029134069754,79.3,14.86,96.49,254685.0,5.0,0.09,14.98,97.06,107.93,96.74,4.9619351258770665,3.817668368946854,4.373238128640803,12.447782766418221,4.569439376032292,0.017510861893207164,-0.018030445144853857,0.06512717691708936,0.0027286541161792854,-0.29478189960842727,694.0,4.91,0.29000000000000004,0.0,0,77.0,2.299999999999997
2010-04-01,146.15,44.49894736842106,0.11925205504132438,85.0,13.33,94.17,254773.0,5.25,0.2,13.04,100.8,109.83,98.99,4.984633491557255,3.7954655342501957,4.442651256490317,12.4481282316023,4.545101659521972,0.02269836568018846,-0.02220283469665807,0.06941312784951403,0.00034546518407907456,-0.024337716510320462,88.0,5.05,0.13999999999999968,-1.5299999999999994,0,79.3,5.700000000000003
2010-05-01,145.49,45.804500000000004,0.9293488099343058,76.3,13.91,113.87,247951.0,5.25,0.19,8.45,100.61,109.56,99.38,4.980107355727298,3.8243823395687118,4.334672938290411,12.420986424980331,4.7350574468225135,-0.004526135829957312,0.028916805318516037,-0.10797831819990567,-0.027141806621969522,0.18995578730054152,-6822.0,5.06,0.009999999999999787,0.5800000000000001,0,85.0,0.0
2010-06-01,144.68,46.56454545454546,0.3913557299431122,74.8,13.73,151.38,249628.0,5.25,0.09,7.48,100.61,109.58,99.16,4.974524407083897,3.8408394244000554,4.314817884980432,12.427727088672942,5.019793231881021,-0.005582948643400698,0.01645708483134367,-0.019855053309979276,0.006740663692610838,0.2847357850585075,1677.0,5.16,0.10000000000000053,-0.17999999999999972,0,85.0,0.0
2010-07-01,141.01,46.83636363636364,0.22295729795177413,74.7,11.25,100.37,258551.0,5.75,0.18,9.95,98.66,108.77,97.4,4.948830809849139,3.8466599019917735,4.3134800921387715,12.462848245540732,4.608863357825709,-0.02569359723475806,0.0058204775917181095,-0.0013377928416602458,0.03512115686779005,-0.410929874055312,8923.0,5.57,0.41000000000000014,-2.4800000000000004,0,85.0,0.0
2010-08-01,140.52,46.567142857142855,0.3149308314081535,76.7,9.88,89.11,256227.0,5.75,0.21,4.48,98.3,108.47,96.73,4.945349827397626,3.8408952035369994,4.33990170837321,12.453819049308875,4.4898715616246285,-0.0034809824515127374,-0.00576469845477412,0.026421616234438616,-0.009029196231857384,-0.11899179620108047,-2324.0,5.54,-0.03000000000000025,-1.3699999999999992,0,85.0,0.0
2010-09-01,141.05,46.059,0.6246674904973162,77.8,9.82,99.4,265231.0,6.0,0.15,6.16,98.88,110.03,97.28,4.949114437448006,3.8299231833448717,4.354141431184346,12.48835642337341,4.599152113662528,0.0037646100503794244,-0.01097202019212773,0.014239722811136168,0.03453737406453605,0.10928055203789988,9004.0,5.85,0.3099999999999996,-0.0600000000000005,0,85.0,0.0
2010-10-01,142.09,44.41190476190476,0.17457431218879335,82.9,9.7,89.0,269093.0,6.0,0.2,11.36,99.84,112.18,98.23,4.956460659649984,3.7935075587671485,4.417635062141249,12.502812323741955,4.48863636973214,0.007346222201978669,-0.03641562457772318,0.06349363095690297,0.01445590036854405,-0.11051574393038877,3862.0,5.8,-0.04999999999999982,-0.120000000000001,0,85.0,0.0
2010-11-01,141.06,45.0165,0.6251086221399367,85.7,8.33,107.06,263281.0,6.25,0.2,6.4,99.32,111.25,97.57,4.949185331780033,3.8070290892311918,4.450852825603734,12.480977181847626,4.673389424965236,-0.007275327869951553,0.013521530464043252,0.03321776346248484,-0.021835141894328558,0.18475305523309604,-5812.0,6.05,0.25,-1.3699999999999992,0,85.0,0.7000000000000028
2010-12-01,142.13,45.15909090909091,0.21034912228662428,91.8,9.47,157.43,267814.0,6.25,0.13,8.13,101.75,112.68,99.46,4.956742131750921,3.8101916086335557,4.519612297626445,12.49804798869204,5.058980915026537,0.007556799970887873,0.0031625194023638947,0.06875947202271071,0.017070806844413866,0.38559149006130156,4533.0,6.12,0.07000000000000028,1.1400000000000006,0,85.7,6.099999999999994
2011-01-01,139.98,45.3945,0.30048163092993735,96.3,9.3,124.55,269893.0,6.5,0.17,7.52,101.28,112.43,99.79,4.941499555261394,3.8153909523341594,4.56746831880408,12.505780863138085,4.8247072417081895,-0.015242576489526982,0.005199343700603709,0.0478560211776351,0.0077328744460452015,-0.2342736733183477,2079.0,6.33,0.20999999999999996,-0.16999999999999993,0,91.8,4.5
2011-02-01,138.99,45.43684210526315,0.20875431150780227,104.0,8.82,144.15,271988.0,6.5,0.16,6.67,100.04,110.63,98.26,4.934401988096667,3.8163232760750363,4.6443908991413725,12.513513226657864,4.970854424084411,-0.007097567164726648,0.000932323740876928,0.0769225803372926,0.007732363519778573,0.1461471823762217,2095.0,6.34,0.009999999999999787,-0.4800000000000004,0,96.3,7.700000000000003
2011-03-01,139.14,44.98954545454546,0.19453185007252802,114.4,8.82,96.32,274330.0,6.75,0.1,9.41,100.65,110.59,98.53,4.935480620495495,3.806430139546774,4.739701078945697,12.52208704024899,4.567675981560511,0.0010786323988281055,-0.009893136528262403,0.09531017980432477,0.008573813591127077,-0.40317844252390067,2342.0,6.65,0.3100000000000005,0.0,0,104.0,10.400000000000006
2011-04-01,139.03,44.368125,0.16302223774688052,123.1,9.41,71.04,282037.0,6.75,0.09,5.32,101.94,110.75,98.46,4.9346897371814515,3.7925213062152885,4.812997033190408,12.549793546987297,4.2632430986839145,-0.0007908833140435334,-0.013908833331485404,0.07329595424471069,0.027706506738306658,-0.3044328828765961,7707.0,6.66,0.009999999999999787,0.5899999999999999,0,114.4,8.699999999999989
2011-05-01,137.2,44.904761904761905,0.307304719254666,114.5,8.72,102.97,279537.0,7.25,0.1,6.2,100.56,109.95,97.45,4.921439715291784,3.8045438449100346,4.740574822994295,12.54088994206459,4.63443768366866,-0.013250021889667174,0.012022538694746121,-0.07242221019611339,-0.008903604922707586,0.3711945849847451,-2500.0,7.15,0.4900000000000002,-0.6899999999999995,0,123.1,0.0
2011-06-01,137.27,44.85181818181818,0.12737781684856972,113.8,8.62,105.51,283458.0,7.5,0.07,9.45,101.01,111.36,97.73,4.921949789263568,3.803364126854089,4.73444252169223,12.554819243026774,4.658805735154001,0.0005100739717835978,-0.0011797180559454112,-0.006132301302064214,0.013929300962184143,0.02436805148534127,3921.0,7.43,0.27999999999999936,-0.10000000000000142,0,123.1,0.0
2011-07-01,138.37,44.41761904761905,0.17595183323582353,116.5,8.43,155.34,286160.0,8.0,0.11,3.66,102.5,113.63,98.33,4.929931256681293,3.79363621612063,4.757891273005756,12.564306373932899,5.045616262991501,0.007981467417724986,-0.009727910733459133,0.023448751313525307,0.009487130906125074,0.3868105278375005,2702.0,7.89,0.45999999999999996,-0.1899999999999995,0,123.1,0.0
2011-08-01,135.14,45.2785,0.6369770300741711,110.1,8.99,272.87,286034.0,8.0,0.08,3.4,100.33,112.35,96.92,4.906311278124028,3.8128323061377287,4.701389043728634,12.56386596385507,5.6089954912940785,-0.02361997855726461,0.019196090017098655,-0.056502229277121785,-0.00044041007782880115,0.5633792283025771,-126.0,7.92,0.03000000000000025,0.5600000000000005,0,123.1,0.0
2011-09-01,131.49,47.6385,1.274925281608381,110.9,10.06,186.79,275699.0,8.25,0.06,2.5,98.1,109.64,95.45,4.878930803098828,3.8636412578453045,4.7086288943563215,12.52706496987437,5.229984991171212,-0.027380475025200468,0.05080895170757582,0.007239850627687616,-0.036800993980699914,-0.37901050012286674,-10335.0,8.19,0.2699999999999996,1.0700000000000003,0,123.1,0.0
2011-10-01,127.89,49.25666666666667,0.3533703273271441,109.5,9.39,222.57,282087.0,8.5,0.09,-4.98,95.67,107.0,93.65,4.851170519445229,3.8970447222474327,4.695924549256556,12.549970812978927,5.405241658869544,-0.02776028365359906,0.03340346440212816,-0.012704345099765924,0.022905843104556567,0.17525666769833226,6388.0,8.41,0.22000000000000064,-0.6699999999999999,0,123.1,0.0
2011-11-01,124.53,50.842,1.2396035019736187,110.5,9.34,224.14,272771.0,8.5,0.1,6.01,93.34,104.2,91.54,4.824546650733057,3.9287227846505597,4.705015520957808,12.516387894315331,5.4122708566238815,-0.026623868712171372,0.03167806240312698,0.009090971701252393,-0.03358291866359586,0.007029197754337524,-9316.0,8.4,-0.009999999999999787,-0.05000000000000071,0,123.1,0.0
2011-12-01,121.54,52.667142857142856,0.7819855680071252,107.9,7.1,249.34,262933.0,8.5,0.04,2.68,90.89,100.82,89.57,4.800243426707209,3.963991785909302,4.681204872264089,12.47965452585317,5.518817426916829,-0.02430322402584828,0.03526900125874244,-0.023810648693719294,-0.03673336846216024,0.10654657029294778,-9838.0,8.46,0.0600000000000005,-2.24,0,123.1,0.0
2012-01-01,124.88,51.34571428571429,1.3136459623070864,111.2,6.26,183.12,258830.0,8.5,0.11,0.97,93.95,103.92,91.66,4.827353276207177,3.938581472048563,4.711330381816482,12.463926754519779,5.210141675644311,0.02710984949996753,-0.02541031386073911,0.030125509552393126,-0.01572777133339187,-0.308675751272518,-4103.0,8.39,-0.07000000000000028,-0.8399999999999999,0,123.1,0.0
2012-02-01,128.26,49.1621052631579,0.22147432626149335,119.7,8.03,180.23,260374.0,8.5,0.1,4.29,96.63,108.14,94.74,4.8540594537207165,3.8951231084993094,4.784988612563928,12.4698743379414,5.194233813004714,0.026706177513539764,-0.04345836354925359,0.07365823074744604,0.005947583421621161,-0.015907862639597425,1544.0,8.4,0.009999999999999787,1.7699999999999996,0,123.1,0.0
2012-03-01,125.73,50.322500000000005,0.6037852092817215,124.9,9.05,239.42,260069.0,8.5,0.09,-2.85,95.26,105.86,94.0,4.83413675060509,3.91845229319305,4.827513417131532,12.46870225940478,5.478219331823224,-0.019922703115626383,0.02332918469374068,0.04252480456760388,-0.0011720785366193809,0.2839855188185103,-305.0,8.41,0.009999999999999787,1.0200000000000014,0,123.1,1.8000000000000114
2012-04-01,122.36,51.80277777777778,0.6308985707195298,120.5,9.76,173.37,260839.0,8.0,0.16,-1.26,93.91,103.36,92.77,4.806967519282702,3.947443772881291,4.791649752930709,12.471658637731963,5.155428038997797,-0.027169231322387688,0.028991479688240673,-0.03586366420082232,0.0029563783271822075,-0.3227912928254275,770.0,7.84,-0.5700000000000003,0.7099999999999991,0,124.9,0.0
2012-05-01,117.87,54.47318181818182,1.1503514426289208,110.5,9.8,246.41,253237.0,8.0,0.16,2.47,90.72,100.21,90.1,4.769582322238478,3.9977085038291036,4.705015520957808,12.44208108811814,5.506996815251424,-0.03738519704422405,0.05026473094781281,-0.08663423197290143,-0.02957754961382264,0.35156877625362704,-7602.0,7.84,0.0,0.040000000000000924,0,124.9,0.0
2012-06-01,115.88,56.03000000000001,0.6201128929477259,95.6,10.15,283.69,256703.0,8.0,0.09,-1.98,89.77,99.34,89.28,4.7525551729011495,4.025887261577194,4.560172820057356,12.455675053584864,5.647882092691624,-0.01702714933732885,0.02817875774809009,-0.14484270090045204,0.013593965466723645,0.14088527744020052,3466.0,7.91,0.07000000000000028,0.34999999999999964,0,124.9,0.0
2012-07-01,117.33,55.495000000000005,0.44820010412017103,103.1,10.13,142.37,256573.0,8.0,0.13,-0.06,91.6,101.78,90.5,4.764990477435532,4.016292926603943,4.635699391022914,12.455168503491816,4.958429302625654,0.012435304534382574,-0.009594334973250795,0.07552657096555837,-0.0005065500930481193,-0.6894527900659702,-130.0,7.87,-0.040000000000000036,-0.019999999999999574,0,124.9,0.0
2012-08-01,116.44,55.55952380952381,0.24528506253900131,113.3,10.25,166.01,257620.0,8.0,0.13,2.04,91.33,102.16,90.29,4.757376118877422,4.017454947106502,4.730039168033961,12.45924090995008,5.112048027505985,-0.007614358558109657,0.0011620205025595354,0.09433977701104634,0.004072406458263345,0.15361872488033068,1047.0,7.87,0.0,0.11999999999999922,0,124.9,0.0
2012-09-01,117.09,54.60578947368421,1.025618056422967,113.4,9.7,152.37,259958.0,8.0,0.09,-0.73,92.24,103.54,91.08,4.762942869860633,4.000139911446179,4.730921391293652,12.468275358487384,5.026311773481264,0.005566750983210689,-0.017315035660323552,0.0008822232596914503,0.00903444853730484,-0.08573625402472107,2338.0,7.91,0.040000000000000036,-0.5500000000000007,0,124.9,0.0
2012-10-01,119.68,53.0235,0.7113610009581727,112.0,9.28,163.23,260351.0,8.0,0.18,8.4,93.98,106.86,93.52,4.784821514226167,3.9707352115074777,4.718498871295094,12.46978599956696,5.095160249165944,0.021878644365534328,-0.029404699938701206,-0.012422519998557924,0.0015106410795766578,0.06884847568468011,393.0,7.82,-0.08999999999999986,-0.41999999999999993,0,124.9,0.0
2012-11-01,116.24,54.775263157894734,0.5805301066080581,109.7,9.56,141.81,260013.0,8.0,0.16,-1.01,91.52,104.19,91.44,4.755657019262028,4.003238689813116,4.697749367281185,12.468486908747707,4.954488133473255,-0.029164494964139642,0.032503478305637934,-0.02074950401390918,-0.0012990908192538342,-0.14067211569268867,-338.0,7.84,0.019999999999999574,0.28000000000000114,0,124.9,0.0
2012-12-01,115.89,54.649,0.2899709604335204,109.7,10.45,153.57,261656.0,8.0,0.09,-0.55,90.97,103.77,91.96,4.7526414653463,4.000930916193467,4.697749367281185,12.474785942934338,5.034156489137602,-0.003015553915727942,-0.002307773619648401,0.0,0.006299034186630692,0.07966835566434671,1643.0,7.91,0.07000000000000028,0.8899999999999988,0,124.9,0.0
2013-01-01,116.67,54.31727272727273,0.5686423415066064,113.0,9.99,133.15,261689.0,7.75,0.15,2.48,90.31,104.82,92.47,4.759349436835766,3.9948422744655665,4.727387818712341,12.474912054772776,4.891476312259941,0.006707971489466225,-0.00608864172790069,0.029638451431155843,0.0001261118384388027,-0.14268017687766044,33.0,7.6,-0.3100000000000005,-0.4599999999999991,0,124.9,0.0
2013-02-01,118.01,53.77315789473685,0.4429328094465494,116.5,10.26,138.35,257913.0,7.75,0.14,0.57,91.48,106.23,94.33,4.770769366637658,3.9847744187741516,4.757891273005756,12.460377597733588,4.929786706232935,0.011419929801891548,-0.010067855691414884,0.030503454293414833,-0.014534457039188098,0.03831039397299385,-3776.0,7.61,0.010000000000000675,0.2699999999999996,0,124.9,0.0
2013-03-01,118.01,54.404210526315794,0.23791491918736513,109.2,9.44,155.18,259725.3,7.5,0.09,3.52,91.54,105.98,94.81,4.770769366637658,3.9964415502475243,4.693181063310805,12.467379813005925,5.044585733465803,0.0,0.011667131473372727,-0.064710209694951,0.007002215272336798,0.11479902723286806,1812.2999999999884,7.41,-0.20000000000000018,-0.8200000000000003,0,124.9,0.0
2013-04-01,118.02,54.345882352941175,0.21260464551396657,102.9,8.49,148.75,263321.9,7.5,0.14,3.32,92.01,105.94,95.07,4.7708541016290225,3.9953688490217423,4.633757642840004,12.481132517111,5.002267044425739,8.47349913648543e-05,-0.001072701225782069,-0.05942342047080107,0.013752704105074898,-0.04231868904006397,3596.600000000035,7.36,-0.04999999999999982,-0.9499999999999993,0,120.5,0.0
2013-05-01,116.81,55.01090909090909,0.8052500888715892,103.0,8.42,122.28,258509.4,7.25,0.09,0.95,91.7,105.9,94.83,4.760548683167605,4.007531512671722,4.634728988229636,12.462687335905844,4.806313497022634,-0.010305418461417304,0.012162663649979866,0.0009713453896322832,-0.018445181205155592,-0.19595354740310533,-4812.500000000029,7.16,-0.20000000000000018,-0.07000000000000028,0,116.5,0.0
2013-06-01,110.12,58.395500000000006,1.2934632214574757,103.1,9.52,129.94,254366.6,7.25,0.07,-0.98,88.34,101.25,91.29,4.701570680274407,4.067238832070788,4.635699391022914,12.446531812520732,4.867072805452385,-0.05897800289319832,0.05970731939906582,0.0009704027932784243,-0.016155523385112502,0.06075930842975108,-4142.799999999988,7.18,0.019999999999999574,1.0999999999999996,0,116.5,0.0
2013-07-01,108.2,59.77565217391304,0.5661097394976984,107.7,9.79,130.03,250276.2,7.25,0.09,3.15,88.13,102.01,90.16,4.6839813664123815,4.090598423764385,4.679349584162343,12.430320387001991,4.867765193063229,-0.017589313862025335,0.02335959169359736,0.04365019313942842,-0.01621142551874044,0.000692387610843781,-4090.399999999994,7.16,-0.019999999999999574,0.2699999999999996,0,116.5,0.0
2013-08-01,102.1,63.2085,2.4618804857904384,111.0,9.98,188.83,247402.2,7.25,0.07,4.4,83.98,97.54,86.34,4.625952725170619,4.1464387857802345,4.709530201312334,12.418770631382797,5.240847139393487,-0.0580286412417621,0.05584036201584919,0.030180617149991207,-0.011549755619194357,0.3730819463302577,-2874.0,7.18,0.019999999999999574,0.19000000000000128,0,116.5,0.0
2013-09-01,100.53,63.7525,1.6962803734239085,111.6,10.5,160.82,248846.6,7.5,0.06,6.77,83.29,97.4,85.54,4.610456190417329,4.1550083989558955,4.71492104994721,12.424591921344257,5.080285727120003,-0.01549653475329027,0.008569613175660962,0.005390848634876377,0.005821289961460252,-0.1605614122734833,1444.3999999999942,7.44,0.2600000000000007,0.5199999999999996,0,116.5,0.0
2013-10-01,103.12,61.61619047619048,0.2924290715793499,109.5,10.81,107.32,253795.8,7.75,0.07,1.93,86.27,100.7,88.23,4.635893358630932,4.120924668410778,4.695924549256556,12.44428528566214,4.675815025557423,0.0254371682136032,-0.034083730545117596,-0.018996500690654727,0.01969336431788271,-0.40447070156258036,4949.1999999999825,7.68,0.23999999999999932,0.3100000000000005,0,116.5,0.0
2013-11-01,102.12,62.6321052631579,0.5249082348094382,108.1,11.51,79.37,263735.9,7.75,0.07,3.66,86.54,100.89,88.83,4.6261485923732835,4.137278010265171,4.683056724645162,12.482703502627752,4.374120463102784,-0.009744766257648863,0.0163533418543933,-0.012867824611393353,0.03841821696561176,-0.30169456245463877,9940.100000000035,7.68,0.0,0.6999999999999993,0,116.5,0.0
2013-12-01,103.31,61.91095238095239,0.3516803202043683,110.7,9.46,103.19,267702.7,7.75,0.07,3.55,85.95,100.99,89.19,4.637734176861354,4.125697100726539,4.706823839714591,12.497632315374652,4.636571949127623,0.011585584488070566,-0.011580909538632334,0.023767115069428968,0.014928812746900277,0.2624514860248386,3966.7999999999884,7.68,0.0,-2.049999999999999,0,116.5,0.0
2014-01-01,103.45,62.07590909090909,0.44293027604491925,107.4,8.53,95.18,264569.3,8.0,0.07,4.76,85.24,100.76,88.62,4.639088404191552,4.128357976327816,4.676560182074764,12.485858499744213,4.555769835692964,0.0013542273301982988,0.0026608756012773682,-0.030263657639826747,-0.011773815630439444,-0.08080211343465837,-3133.4000000000233,7.93,0.25,-0.9300000000000015,0,116.5,0.0
2014-02-01,103.29,62.25388888888889,0.22690083060249783,108.8,7.75,78.71,266902.0,8.0,0.06,5.23,84.77,99.99,88.61,4.637540566018542,4.131221005504181,4.689511334421843,12.494636828807778,4.3657702121543585,-0.0015478381730105184,0.0028630291763649396,0.01295115234707822,0.008778329063565238,-0.1899996235386059,2332.7000000000116,7.94,0.010000000000000675,-0.7799999999999994,0,116.5,0.0
2014-03-01,105.31,61.013684210526314,0.5486368007901836,107.4,8.09,66.13,276359.3,8.0,0.06,2.86,86.65,101.81,90.76,4.656908381392506,4.111098170334906,4.676560182074764,12.529457109671458,4.191622501686571,0.019367815373963815,-0.020122835169274822,-0.01295115234707822,0.03482028086368061,-0.17414771046778732,9457.299999999988,7.94,0.0,0.33999999999999986,0,111.6,0.0
2014-04-01,106.26,60.35705882352941,0.36458477590750854,107.8,8.41,78.74,283706.9,8.0,0.09,3.9,87.99,102.62,91.79,4.665888921022797,4.100277905468061,4.680277658474897,12.555696941967518,4.366151285515591,0.008980539630291773,-0.01082026486684562,0.0037174764001326466,0.026239832296059973,0.17452878382901993,7347.600000000035,7.91,-0.03000000000000025,0.3200000000000003,0,111.6,0.0
2014-05-01,107.99,59.30499999999999,0.6491735636865332,109.7,8.35,88.94,285291.6,8.0,0.08,4.72,89.87,105.0,93.49,4.682038630244668,4.082693619481239,4.697749367281185,12.561267094076243,4.48796198508255,0.016149709221870978,-0.017584285986822046,0.0174717088062879,0.005570152108724358,0.121810699566959,1584.6999999999534,7.92,0.009999999999999787,-0.0600000000000005,0,111.6,0.0
2014-06-01,107.5,59.730952380952374,0.4693922108632037,111.9,6.77,72.42,289320.2,8.0,0.09,8.29,90.15,105.06,93.31,4.677490847567717,4.089850351384424,4.71760561531788,12.575289312239073,4.282482504337495,-0.0045477826769513285,0.007156731903185332,0.019856248036695057,0.014022218162830669,-0.20547948074505484,4028.600000000035,7.91,-0.009999999999999787,-1.58,0,111.6,0.30000000000001137
2014-07-01,106.77,60.05954545454545,0.1805672878861071,107.0,7.35,104.41,292509.7,8.0,0.08,5.44,91.48,106.24,93.76,4.670676988190211,4.095336494337159,4.672828834461906,12.58625310749735,4.648325456302019,-0.006813859377506226,0.005486142952735307,-0.04477678085597425,0.010963795258277287,0.3658429519645239,3189.5,7.92,0.009999999999999787,0.5800000000000001,0,111.9,0.0
2014-08-01,105.93,60.896666666666675,0.3632208856394472,101.9,7.09,133.45,291393.2,8.0,0.07,3.55,91.55,106.09,93.66,4.662778498608405,4.1091784386803685,4.623991940228679,12.582428836849822,4.8937268758505335,-0.007898489581806167,0.013841944343209178,-0.04883689423322668,-0.0038242706475291044,0.24540141954851435,-1116.5,7.93,0.009999999999999787,-0.2599999999999998,0,111.9,0.0
2014-09-01,107.31,60.86454545454546,0.36429615467595705,97.3,5.68,115.32,288005.2,8.0,0.07,4.26,92.28,106.99,94.58,4.675721841939036,4.108650828741099,4.577798989191959,12.570733814510639,4.7477108727702015,0.012943343330631407,-0.000527609939269702,-0.046192951036720054,-0.011695022339182515,-0.1460160030803319,-3388.0,7.93,0.0,-1.4100000000000001,0,111.9,0.0
2014-10-01,107.51,61.34294117647058,0.17856247876732026,87.3,4.63,91.52,290365.8,8.0,0.07,0.28,92.43,107.01,94.66,4.6775838664971365,4.116480106288974,4.469350462845557,12.57889678640247,4.5165575276314875,0.0018620245581004724,0.007829277547875435,-0.10844852634640212,0.008162971891831461,-0.231153345138714,2360.5999999999767,7.93,0.0,-1.0499999999999998,0,111.9,0.0
2014-11-01,108.42,61.705000000000005,0.21213896666211424,78.4,3.26,119.68,290822.1,8.0,0.08,7.36,93.34,107.74,95.62,4.686012573832192,4.122364964905147,4.361823927356363,12.580467019002825,4.784821514226167,0.00842870733505574,0.005884858616172828,-0.10752653548919433,0.00157023260035416,0.26826398659467987,456.29999999998836,7.92,-0.009999999999999787,-1.37,0,111.9,0.0
2014-12-01,108.12,62.754090909090905,0.7395922885257462,62.3,4.31,115.65,295946.9,8.0,0.06,3.97,92.44,106.66,95.9,4.683241721408247,4.139223769657245,4.131961425793407,12.597935325321655,4.750568388677448,-0.002770852423945591,0.01685880475209789,-0.2298625015629554,0.017468306318830784,-0.03425312554871951,5124.800000000047,7.94,0.020000000000000462,1.0499999999999998,1,111.9,0.0
2015-01-01,111.18,62.22571428571429,0.7437174962885552,48.1,5.18,120.24,303325.0,7.75,0.06,1.78,95.37,107.94,98.38,4.711150509525323,4.130768327267149,3.8732821771117156,12.622560116920074,4.789489745444719,0.027908788117076533,-0.008455442390095769,-0.25867924868169156,0.024624791598418128,0.03892135676727104,7378.099999999977,7.69,-0.25,0.8700000000000001,1,111.9,0.0
2015-02-01,112.4,62.037222222222226,0.21940576311685536,57.9,5.35,98.45,312200.1,7.75,0.06,3.0,96.01,109.86,99.69,4.722063937459591,4.127734563325009,4.05871738457895,12.651399607370912,4.589548805085134,0.010913427934267972,-0.0030337639421400553,0.18543520746723408,0.028839490450838667,-0.19994094035958465,8875.099999999977,7.69,0.0,0.16999999999999993,1,111.9,0.0
2015-03-01,113.23,62.44904761904762,0.3083326898320174,55.8,5.32,53.43,317323.5,7.5,0.06,2.36,96.87,110.98,101.3,4.729421148325948,4.134350986159825,4.021773869387265,12.667677037230316,3.97837238596968,0.0073572108663571,0.006616422834816227,-0.03694351519168482,0.016277429859403725,-0.6111764191154543,5123.400000000023,7.44,-0.25,-0.02999999999999936,0,111.9,0.0
2015-04-01,112.13,62.75388888888889,0.502641714156772,59.4,4.95,52.31,327153.2,7.5,0.08,0.66,96.26,109.69,100.15,4.71965891247279,4.1392205504164865,4.084294226368599,12.698183841695867,3.95718755738252,-0.009762235853158607,0.004869564256661185,0.0625203569813344,0.030506804465550985,-0.021184828587160087,9829.700000000012,7.42,-0.020000000000000462,-0.3700000000000001,0,111.9,0.0
2015-05-01,109.37,63.800000000000004,0.2038517980189438,64.6,4.92,63.05,327819.7,7.5,0.08,1.8,94.27,107.62,97.85,4.694736629347134,4.155753190350744,4.168214410788556,12.700219041106577,4.143928062410929,-0.024922283125655476,0.016532639934257354,0.08392018441995663,0.0020351994107095095,0.18674050502840878,666.5,7.42,0.0,-0.03000000000000025,0,111.9,0.0
2015-06-01,109.75,63.86045454545455,0.1981456240033788,62.3,5.37,79.26,331547.0,7.25,0.08,1.0,95.69,109.27,98.95,4.698205051955281,4.156700305104313,4.131961425793407,12.711524858347088,4.372733587762289,0.003468422608146504,0.0009471147535693447,-0.03625298499514873,0.011305817240511828,0.22880552535136012,3727.2999999999884,7.17,-0.25,0.4500000000000002,0,111.9,0.0
2015-07-01,111.15,63.635217391304344,0.22280993868026922,55.9,3.66,50.59,329875.3,7.25,0.08,1.27,97.34,110.91,99.96,4.710880640410205,4.153167049660448,4.023564380161053,12.706469983240604,3.923753928303845,0.012675588454924558,-0.0035332554438651798,-0.10839704563235397,-0.005054875106484502,-0.44897965945844387,-1671.7000000000116,7.17,0.0,-1.71,0,107.0,0.0
2015-08-01,110.03,65.0725,1.0299968063312794,47.0,3.63,77.57,328055.4,7.25,0.08,3.7,97.1,110.57,100.11,4.700753055881822,4.1755020329317585,3.8501476017100584,12.700937775542894,4.3511807545027805,-0.010127584528383693,0.02233498327131045,-0.1734167784509948,-0.005532207697710234,0.42742682619893557,-1819.899999999965,7.17,0.0,-0.03000000000000025,0,101.9,0.0
2015-09-01,108.69,66.2175,0.3038676131406385,47.2,4.27,85.26,326767.0,6.75,0.07,2.18,96.25,109.93,99.77,4.688499793575096,4.19294477846171,3.8543938925915096,12.697002657677077,4.445705411337064,-0.012253262306725965,0.01744274552995151,0.00424629088145112,-0.003935117865816906,0.09452465683428368,-1288.4000000000233,6.68,-0.4900000000000002,0.6399999999999997,0,97.3,0.0
2015-10-01,109.92,65.0575,0.21642733069944065,48.1,4.9,45.6,330141.2,6.75,0.07,8.96,97.91,111.94,101.01,4.699752828474039,4.17527149423866,3.8732821771117156,12.707275720716517,3.8199077165203406,0.011253034898943248,-0.017673284223049812,0.018888284520206078,0.010273063039440089,-0.6257976948167236,3374.2000000000116,6.68,0.0,0.6300000000000008,0,87.3,0.0
2015-11-01,109.67,66.11666666666666,0.40341191909831897,44.4,5.37,47.65,327454.0,6.75,0.08,0.82,98.23,111.57,101.3,4.697475856772117,4.191420858292229,3.7932394694381792,12.699102866177025,3.863882630100211,-0.0022769717019217595,0.016149364053569037,-0.08004270767353638,-0.00817285453949168,0.04397491357987038,-2687.2000000000116,6.67,-0.009999999999999787,0.46999999999999975,0,78.4,0.0
2015-12-01,109.5,66.59619047619047,0.2611029718420639,37.7,5.56,77.32,327840.1,6.75,0.2,3.12,97.51,110.38,101.55,4.695924549256556,4.198647375853158,3.629660094453965,12.700281268499522,4.34795265434013,-0.0015513075155615397,0.007226517560928514,-0.16357937498421427,0.0011784023224965523,0.48407002423991896,386.0999999999767,6.55,-0.1200000000000001,0.1899999999999995,0,64.6,0.0
2016-01-01,109.5,67.2525,0.6074699472748566,30.8,5.72,70.28,326631.1,6.75,0.29,4.02,97.83,110.63,102.35,4.695924549256556,4.208454192512175,3.427514689979529,12.696586678500033,4.252487263318897,0.0,0.009806816659017059,-0.20214540447443596,-0.0036945899994886844,-0.09546539102123308,-1209.0,6.46,-0.08999999999999986,0.16000000000000014,1,64.6,0.0
2016-02-01,107.11,68.2375,0.36802281107791207,33.2,5.4,99.21,325049.4,6.75,0.29,7.19,94.98,107.67,99.72,4.673856343776539,4.222994267107876,3.502549875922443,12.691732449761044,4.597238815661811,-0.022068205480016978,0.014540074595701391,0.07503518594291414,-0.004854228738988553,0.3447515523429141,-1581.6999999999534,6.46,0.0,-0.3199999999999994,0,64.6,0.0
2016-03-01,108.1,67.0215,0.4767684531244984,39.1,4.9,92.2,336103.9,6.75,0.25,5.19,95.68,108.43,100.37,4.683056724645162,4.205013463437398,3.66612246699132,12.725175617335253,4.523960130562548,0.009200380868623625,-0.017980803670478274,0.16357259106887678,0.03344316757420884,-0.07327868509926283,11054.5,6.5,0.040000000000000036,-0.5,0,64.6,0.0
2016-04-01,107.38,66.46875,0.15222242497958677,42.3,5.35,47.39,339024.5,6.5,0.3,5.96,95.77,108.99,100.22,4.676373944994423,4.1967319124005105,3.744787086052232,12.733827655137567,3.858411235979497,-0.006682779650739157,-0.008281551036887436,0.07866461906091216,0.008652037802313828,-0.665548894583051,2920.5999999999767,6.2,-0.2999999999999998,0.4499999999999993,0,64.6,0.0
2016-05-01,107.34,66.90681818181818,0.409266316411348,47.1,5.78,53.01,337360.6,6.5,0.29,7.35,96.64,109.78,101.2,4.676001366748682,4.203300877962296,3.8522730010223722,12.728907666934392,3.9704805749997147,-0.00037257824574066234,0.006568965561785767,0.10748591497014015,-0.004919988203175407,0.11206933902021765,-1663.9000000000233,6.21,0.009999999999999787,0.4300000000000006,0,64.6,0.0
2016-06-01,106.96,67.29681818181818,0.38499704839483345,48.5,5.71,144.27,339042.3,6.5,0.3,8.03,97.29,110.57,101.16,4.672454932793688,4.2091129574025485,3.8815637979434374,12.733880157339428,4.971686543957681,-0.0035464339549946544,0.005812079440252305,0.029290796921065176,0.004972490405036112,1.001205968957966,1681.7000000000116,6.2,-0.009999999999999787,-0.07000000000000028,0,62.3,0.0
2016-07-01,107.72,67.20750000000001,0.15545772821946943,45.1,6.14,78.07,341043.7,6.5,0.3,4.47,98.86,112.3,101.59,4.679535267943399,4.207784848444347,3.8088822465086327,12.739765900547493,4.3576058601322,0.007080335149710848,-0.0013281089582015682,-0.0726815514348047,0.0058857432080650085,-0.6140806838254811,2001.4000000000233,6.2,0.0,0.4299999999999997,0,55.9,0.0
2016-08-01,107.31,66.93904761904761,0.14929516944310686,46.1,5.18,41.01,341279.1,6.5,0.3,4.02,98.41,112.05,100.94,4.675721841939036,4.203782468299951,3.8308129500026027,12.740455896570898,3.713815939403968,-0.003813426004362519,-0.004002380144395801,0.021930703493969972,0.0006899960234054703,-0.6437899207282318,235.39999999996508,6.2,0.0,-0.96,0,48.5,0.0
2016-09-01,107.88,66.737,0.2236562211590752,46.2,4.39,32.88,346710.9,6.5,0.29,4.97,98.31,111.98,101.1,4.681019498271529,4.200759521758531,3.832979798087693,12.756246570463595,3.492864570187979,0.005297656332492906,-0.0030229465414199908,0.002166848085090489,0.01579067389269717,-0.2209513692159888,5431.800000000047,6.21,0.009999999999999787,-0.79,0,48.5,0.0
2016-10-01,109.01,66.74833333333333,0.12410858623186578,49.7,4.22,38.69,341944.6,6.25,0.31,4.16,99.61,112.98,102.06,4.691439621140267,4.20092932817962,3.906004933102583,12.742404014619126,3.6555811687124216,0.010420122868738169,0.0001698064210886585,0.07302513501488983,-0.013842555844469473,0.16271659852444254,-4766.300000000047,5.94,-0.2699999999999996,-0.16999999999999993,0,48.5,1.2000000000000028
2016-11-01,109.32,67.6257142857143,0.8346051247660368,46.4,3.6,72.81,337381.6,6.25,0.31,5.08,99.72,112.82,102.24,4.694279361059867,4.213988299561352,3.8372994592322094,12.728969912929994,4.2878533084066195,0.0028397399196000706,0.013058971381732398,-0.06870547387037362,-0.01343410168913195,0.6322721396941979,-4563.0,5.94,0.0,-0.6199999999999997,0,49.7,0.0
2016-12-01,110.57,67.89952380952381,0.2609688906838569,54.1,3.46,117.89,336582.5,6.25,0.55,2.35,100.06,112.74,103.29,4.70564880455431,4.218029021425535,3.9908341858524357,12.726598568894124,4.769751986304036,0.011369443494443132,0.004040721864182473,0.15353472662022627,-0.0023713440358701376,0.4818986778974166,-799.0999999999767,5.7,-0.2400000000000002,-0.14000000000000012,0,49.7,4.399999999999999
2017-01-01,109.73,68.08095238095238,0.12469582037521533,54.9,3.16,84.13,339932.4,6.25,0.56,3.53,98.9,111.58,102.19,4.698022803002708,4.220697473311695,4.005513348515485,12.736502053294915,4.432363221562722,-0.007626001551602535,0.0026684518861603834,0.014679162663048917,0.00990348440079103,-0.33738876474131363,3349.9000000000233,5.6899999999999995,-0.010000000000000675,-0.2999999999999998,0,54.1,0.7999999999999972
2017-02-01,110.65,67.07666666666667,0.25779608904987533,55.5,3.61,137.4,340586.1,6.25,0.57,1.19,99.73,112.52,103.44,4.7063720664970585,4.205836243810167,4.0163830207523885,12.738423236043257,4.922896379788249,0.008349263494350723,-0.014861229501527795,0.010869672236903938,0.0019211827483420763,0.4905331582255261,653.6999999999534,5.68,-0.009999999999999787,0.44999999999999973,0,54.9,0.6000000000000014
2017-03-01,112.5,65.87666666666667,0.7458775592101764,52.0,3.77,65.68,346318.5,6.25,0.82,4.39,101.45,114.36,105.49,4.722953221644475,4.187784306984233,3.9512437185814275,12.755114150852151,4.184794465144173,0.016581155147416204,-0.01805193682593398,-0.06513930217096098,0.016690914808894064,-0.7381019146440755,5732.400000000023,5.43,-0.25,0.16000000000000014,0,55.5,0.0
2017-04-01,114.28,64.50722222222223,0.2811071714312309,53.0,3.13,81.33,349055.8,6.25,0.83,3.17,103.16,116.56,107.32,4.738651577362572,4.166777189970835,3.970291913552122,12.762987073791077,4.398514952178684,0.01569835571809719,-0.02100711701339808,0.019048194970694432,0.007872922938926052,0.21372048703451085,2737.2999999999884,5.42,-0.009999999999999787,-0.6400000000000001,0,55.5,0.0
2017-05-01,113.62,64.4252380952381,0.264416698557772,50.9,2.22,39.26,356220.2,6.25,0.83,2.89,102.67,116.23,106.71,4.732859547128981,4.165505452227961,3.929862923556477,12.783304357943408,3.670206188848315,-0.0057920302335912055,-0.001271737742873924,-0.040428989995644926,0.020317284152330473,-0.7283087633303689,7164.400000000023,5.42,0.0,-0.9099999999999997,0,55.5,0.0
2017-06-01,112.74,64.44380952380952,0.11711004186132645,46.9,1.46,59.07,362388.8,6.25,1.06,-0.33,102.29,115.9,105.85,4.7250842826534285,4.165793673938963,3.8480176754522337,12.800472947596127,4.078723181319144,-0.007775264475552213,0.0002882217110018459,-0.08184524810424332,0.01716858965271939,0.40851699247082873,6168.599999999977,5.1899999999999995,-0.23000000000000043,-0.7600000000000002,0,55.5,0.0
2017-07-01,111.96,64.45619047619047,0.212048961102769,48.7,2.32,62.03,369946.1,6.25,1.07,1.03,103.42,117.35,106.29,4.718141664647253,4.165985775605667,3.885679030088544,12.821112598333,4.127618138985026,-0.0069426180061755716,0.00019210166670369233,0.037661354636310485,0.02063965073687335,0.048894957665882366,7557.299999999988,5.18,-0.009999999999999787,0.8599999999999999,0,55.5,0.0
2017-08-01,111.54,63.968999999999994,0.1726542026253926,51.4,3.18,37.69,373351.5,6.0,1.07,4.81,103.6,118.16,106.55,4.714383270961408,4.158398591012206,3.9396381724611196,12.830275614133559,3.629394807279044,-0.003758393685845185,-0.0075871845934605275,0.053959142372575375,0.009163015800558227,-0.4982233317059821,3405.4000000000233,4.93,-0.25,0.8600000000000003,0,55.5,0.0
2017-09-01,109.83,64.44238095238094,0.6191276505043631,55.2,3.34,78.03,375186.4,6.0,1.06,4.15,101.51,116.12,104.72,4.698933715800255,4.165771505987171,4.01096295328305,12.835178248122501,4.35709336812867,-0.015449555161152873,0.007372914974964395,0.07132478082193039,0.00490263398894264,0.7276985608496256,1834.9000000000233,4.9399999999999995,0.009999999999999787,0.1599999999999997,0,55.5,0.0
2017-10-01,109.82,65.08105263157894,0.21165734196893185,57.6,3.61,83.39,374802.1,6.0,1.07,1.83,102.06,116.46,105.08,4.698842661850726,4.1756334566450315,4.053522567701846,12.834153432318967,4.423528398098894,-9.105394952868551e-05,0.009861950657860774,0.04255961441879563,-0.0010248158035341959,0.06643502997022477,-384.30000000004657,4.93,-0.009999999999999787,0.27,0,55.5,2.1000000000000014
2017-11-01,110.18,64.86363636363636,0.32906137008373587,62.6,4.92,62.91,377456.1,6.0,1.07,8.54,103.48,118.32,106.66,4.70211539204457,4.17228716411852,4.136765278106052,12.841209549518119,4.141705133581938,0.003272730193843998,-0.0033462925265110854,0.08324271040420683,0.007056117199152112,-0.28182326451695605,2654.0,4.93,0.0,1.31,0,57.6,5.0
2017-12-01,110.61,64.24263157894737,0.1868701898009956,64.2,5.24,81.99,385103.9,6.0,1.33,7.31,103.32,118.3,107.35,4.706010500914163,4.162667033602513,4.162003210695915,12.861268446991398,4.406597288608086,0.003895108869592434,-0.009620130516007741,0.025237932589862844,0.020058897473278492,0.26489215502614805,7647.800000000047,4.67,-0.2599999999999998,0.3200000000000003,0,62.6,1.6000000000000014
2018-01-01,109.49,63.63681818181818,0.1798779047188977,69.0,5.1,39.43,397222.3,6.0,1.34,7.47,101.76,116.8,105.91,4.6958332208853335,4.1531922050766665,4.23410650459726,12.892251352578203,3.674526947889536,-0.010177280028829117,-0.009474828525846135,0.0721032939013444,0.030982905586805387,-0.7320703407185505,12118.399999999965,4.66,-0.009999999999999787,-0.14000000000000057,0,64.2,4.799999999999997
2018-02-01,107.29,64.37388888888889,0.4273191242934582,65.4,4.36,79.91,395841.5,6.0,1.35,6.88,98.69,114.02,103.23,4.675535448648655,4.16470809885652,4.180522258463153,12.888769157588943,4.380901001386372,-0.02029777223667839,0.011515893779853847,-0.05358424613410673,-0.003482194989260279,0.7063740534968357,-1380.7999999999884,4.65,-0.009999999999999787,-0.7399999999999993,0,69.0,0.0
2018-03-01,106.27,65.02157894736843,0.11639316311988929,66.5,4.35,42.04,399442.0,6.0,1.67,5.33,98.01,113.21,102.84,4.6659830253846035,4.174719198606875,4.197201947661808,12.89782385217177,3.7386215460087504,-0.00955242326405159,0.010011099750354191,0.016679689198655367,0.009054694582827594,-0.6422794553776212,3600.5,4.33,-0.3200000000000003,-0.010000000000000675,0,69.0,0.0
2018-04-01,105.52,65.63631578947368,0.664113532180865,71.6,4.49,34.92,395276.8,6.0,1.69,4.52,97.59,112.94,102.42,4.658900508409059,4.184129137124953,4.2710950739666,12.887341557959642,3.5530597309714014,-0.007082516975544628,0.009409938518078143,0.0738931263047915,-0.010482294212128096,-0.18556181503734903,-4165.200000000012,4.3100000000000005,-0.019999999999999574,0.14000000000000057,0,69.0,2.5999999999999943
2018-05-01,104.65,67.53999999999999,0.5094815291759204,76.7,4.91,37.56,387661.0,6.0,1.7,3.85,97.08,111.84,101.77,4.650621448892009,4.212720014957421,4.33990170837321,12.867886525356983,3.6259396543400624,-0.00827905951704988,0.028590877832468387,0.06880663440661028,-0.019455032602659017,0.072879923368661,-7615.799999999988,4.3,-0.010000000000000675,0.41999999999999993,0,71.6,5.1000000000000085
2018-06-01,105.4,67.79285714285714,0.5513541770689957,75.2,4.89,47.17,380767.6,6.25,1.91,7.04,98.07,112.44,102.22,4.657762636107262,4.2164568375211875,4.320151230955794,12.849944494245882,3.8537580972961702,0.00714118721525292,0.0037368225637663954,-0.01975047741741598,-0.01794203111110093,0.22781844295610787,-6893.400000000023,4.34,0.040000000000000036,-0.020000000000000462,0,76.7,0.0
2018-07-01,105.34,68.69272727272727,0.1627496417429123,74.4,4.1,63.25,379174.5,6.25,1.91,6.53,98.88,112.88,102.38,4.657193214055243,4.2296433315099184,4.309455941839047,12.845751800266392,4.1470951276076295,-0.0005694220520187088,0.013186493988730952,-0.010695289116747553,-0.004192693979490514,0.2933370303114593,-1593.0999999999767,4.34,0.0,-0.79,0,76.7,0.0
2018-08-01,105.13,69.547,0.8029360595897258,73.1,3.65,77.72,375986.5,6.5,1.91,4.83,98.76,112.49,102.11,4.655197679587739,4.242002783003477,4.291828366755733,12.83730851747214,4.353112624509239,-0.001995534467504001,0.012359451493558993,-0.017627575083313474,-0.008443282794251772,0.20601749690160975,-3188.0,4.59,0.25,-0.44999999999999973,0,76.7,0.0
2018-09-01,101.43,72.21444444444444,0.5817541650016202,78.9,3.65,63.51,376243.0,6.5,2.18,4.63,94.79,108.06,98.57,4.619368905387905,4.279640087446538,4.368181227851829,12.83799049022099,4.151197373814884,-0.035828774199834434,0.03763730444306024,0.07635286109609574,0.0006819727488505123,-0.20191525069435556,256.5,4.32,-0.2699999999999996,0.0,0,76.7,2.200000000000003
2018-10-01,100.07,73.63095238095238,0.39478987780723135,80.5,3.35,63.92,367189.0,6.5,2.2,8.41,93.73,106.6,97.06,4.605869941102364,4.299065485983275,4.388257184424518,12.813631980852755,4.157632301458019,-0.013498964285540538,0.01942539853673697,0.020075956572688902,-0.024358509368235914,0.0064349276431352465,-9054.0,4.3,-0.020000000000000462,-0.2999999999999998,0,78.9,1.5999999999999943
2018-11-01,102.93,71.85444444444444,1.1680361709861724,65.2,2.34,68.8,368487.6,6.5,2.2,0.24,96.79,109.6,99.75,4.6340491455384685,4.274642467876315,4.177459468932607,12.8171623401132,4.231203744939298,0.02817920443610422,-0.024423018106960015,-0.2107977154919105,0.003530359260444982,0.07357144348127864,1298.5999999999767,4.3,0.0,-1.0100000000000002,1,80.5,0.0
2018-12-01,104.17,70.7325,0.7471621750259285,56.5,2.07,66.13,369798.5,6.5,2.4,2.53,97.5,110.67,101.45,4.646024179996357,4.258905156104013,4.034240638152395,12.820713541680314,4.191622501686571,0.011975034457888611,-0.015737311772301865,-0.1432188307802118,0.003551201567114859,-0.039581243252726495,1310.9000000000233,4.1,-0.20000000000000018,-0.27,0,80.5,0.0
2019-01-01,103.28,70.73130434782608,0.619063106988921,59.3,1.94,64.74,373372.1,6.5,2.4,1.59,96.42,109.57,100.75,4.637443746538387,4.258888252102604,4.08260930600368,12.830330788497957,4.170379248498098,-0.008580433457970216,-1.6904001408413194e-05,0.048368667851284464,0.009617246817642311,-0.021243253188472977,3573.5999999999767,4.1,0.0,-0.1299999999999999,0,80.5,0.0
2019-02-01,102.38,71.2221052631579,0.2794156391743373,64.1,2.65,50.12,374635.1,6.25,2.4,0.16,95.29,108.5,100.01,4.628691381029437,4.265803237412152,4.160444363926624,12.83370776454917,3.9144201300278674,-0.008752365508949644,0.006914985309547816,0.0778350579229441,0.0033769760512125657,-0.2559591184702308,1263.0,3.85,-0.24999999999999956,0.71,0,80.5,0.0
2019-03-01,105.14,69.4778947368421,0.7461797441141939,66.4,2.78,40.59,385356.86,6.25,2.43,2.71,97.95,111.47,103.07,4.655292795391302,4.241008640638109,4.1956970564823886,12.861925093045869,3.7035217308508064,0.02660141436186514,-0.024794596774043498,0.035252692555764575,0.02821732849669978,-0.210898399177061,10721.76000000001,3.82,-0.03000000000000025,0.1299999999999999,0,80.5,0.0
2019-04-01,105.57,69.42666666666668,0.4280874017410654,71.2,3.05,60.45,390966.3,6.0,2.45,3.18,98.68,111.93,103.54,4.659374240001603,4.240271039626589,4.26549281841793,12.876376645994684,4.101816577060802,0.0040814446103007995,-0.0007376010115196507,0.06979576193554138,0.01445155294881495,0.3982948462099958,5609.440000000002,3.55,-0.27,0.27,0,80.5,0.0
2019-05-01,106.07,69.7740909090909,0.3259514876394535,70.5,3.03,83.64,394134.7,6.0,2.4,4.48,99.45,112.53,104.24,4.664099253517379,4.245262750445942,4.255612709818223,12.884448008025634,4.426521874560433,0.0047250135157757,0.0049917108193531234,-0.009880108599706894,0.008071362030950269,0.32470529749963095,3168.4000000000233,3.6,0.050000000000000266,-0.020000000000000018,0,80.5,0.0
2019-06-01,106.25,69.4378947368421,0.21311392225673534,63.3,3.29,72.85,400714.6,5.75,2.4,1.25,100.27,113.3,104.67,4.665794807804526,4.240432752162695,4.147885329150131,12.901004732197038,4.288402532641213,0.001695554287147516,-0.00482999828324715,-0.10772738066809229,0.016556724171403303,-0.1381193419192197,6579.899999999965,3.35,-0.25,0.26000000000000023,0,80.5,0.0
2019-07-01,107.15,68.80869565217391,0.18439839152883103,64.0,3.26,70.45,398238.64,5.75,2.4,4.85,102.04,115.04,105.5,4.674229721919586,4.231330127245943,4.1588830833596715,12.894806702569474,4.254903238344689,0.008434914115059478,-0.009102624916751623,0.010997754209540744,-0.0061980296275638835,-0.033499294296523985,-2475.9599999999627,3.35,0.0,-0.03000000000000025,0,80.5,0.0
2019-08-01,104.96,71.1465,0.8202841292086352,59.3,3.38,81.67,395962.08,5.4,2.13,-1.41,100.22,112.63,103.74,4.653579325195778,4.264741131477694,4.08260930600368,12.889073728075811,4.402686737370185,-0.020650396723807418,0.03341100423175103,-0.07627377735599161,-0.005732974493662724,0.14778349902549515,-2276.5599999999977,3.2700000000000005,-0.07999999999999963,0.1200000000000001,0,80.5,0.0
2019-09-01,104.96,71.33421052631579,0.46226875046970134,62.3,4.07,105.54,402026.18,5.4,1.9,-4.58,100.48,112.96,104.04,4.653579325195778,4.267376023376018,4.131961425793407,12.904272489858768,4.659090027977522,0.0,0.0026348918983236658,0.04935211978972731,0.015198761782956538,0.256403290607337,6064.099999999977,3.5000000000000004,0.22999999999999998,0.6900000000000004,0,80.5,0.0
2019-10-01,105.16,71.04,0.20165977949672134,59.4,4.59,90.66,413014.83,5.15,1.58,-6.63,101.23,113.99,104.35,4.655482999861681,4.2632430986839145,4.084294226368599,12.931238779288808,4.507116245512703,0.001903674665902244,-0.004132924692103579,-0.047667199424807905,0.026966289430040646,-0.15197378246481819,10988.650000000023,3.5700000000000003,0.06999999999999984,0.5199999999999996,0,80.5,0.0
2019-11-01,104.07,71.4515,0.40755077178057786,62.7,5.53,50.36,419445.2,5.15,1.56,2.14,101.14,114.12,104.26,4.6450637496497675,4.269018897857401,4.138361447638875,12.946688164651924,3.9191972091761462,-0.010419250211913145,0.005775799173486362,0.054067221270275745,0.015449385363115908,-0.5879190363365572,6430.369999999995,3.5900000000000003,0.020000000000000018,0.9400000000000004,0,71.2,0.0
2019-12-01,104.18,71.19285714285714,0.29349860062941846,65.9,7.32,106.04,426879.6,5.15,1.55,0.45,102.26,115.39,106.26,4.646120172317046,4.265392492358152,4.188138441508461,12.964257285237418,4.663816381420824,0.001056422667278234,-0.0036264054992489747,0.04977699386958623,0.017569120585493536,0.7446191722446782,7434.399999999965,3.6000000000000005,0.010000000000000231,1.79,0,71.2,0.0
2020-01-01,103.48,71.31347826086957,0.3400081375450252,63.6,7.62,48.14,437248.02,5.15,1.59,2.23,101.18,114.39,105.74,4.639378357317828,4.267085345472037,4.152613470346076,12.988255864568709,3.874113432354926,-0.006741814999217333,0.0016928531138855618,-0.035524971162384844,0.023998579331291126,-0.7897029490658984,10368.420000000042,3.5600000000000005,-0.040000000000000036,0.2999999999999998,0,71.2,0.0
2020-02-01,104.51,71.48944444444444,0.2772442588855001,55.0,6.51,92.65,446318.29,5.15,1.58,5.17,100.98,114.06,105.82,4.649282760606412,4.269549808653929,4.007333185232471,13.00878763118029,4.528828952731369,0.009904403288583552,0.0024644631818917517,-0.14528028511360525,0.020531766611581403,0.6547155203764432,9070.26999999996,3.5700000000000003,0.009999999999999787,-1.1100000000000003,0,71.2,0.0
2020-03-01,101.39,74.35,1.0059193229133856,33.0,5.95,110.1,442212.72,4.4,0.08,-18.67,98.16,111.06,103.55,4.618974466964488,4.308783672906164,3.4965075614664802,12.999546312256356,4.701389043728634,-0.03030829364192389,0.03923386425223452,-0.5108256237659909,-0.009241318923933761,0.17256009099726466,-4105.570000000007,4.32,0.75,-0.5599999999999996,1,71.2,0.0
2020-04-01,100.2,76.23588235294118,0.4374222620010501,23.3,7.12,160.82,443315.69,4.4,0.05,-57.31,99.29,112.57,104.56,4.607168188650764,4.333832248875618,3.1484533605716547,13.002037413745425,5.080285727120003,-0.01180627831372405,0.025048575969454312,-0.3480542008948255,0.0024911014890687255,0.3788966833913694,1102.9700000000303,4.3500000000000005,0.03000000000000025,1.17,1,71.2,0.0
2020-05-01,100.7,75.6588888888889,0.1406241920819273,31.0,6.28,167.75,455065.43,4.0,0.05,-33.38,99.73,112.82,104.45,4.612145799724517,4.326234933515353,3.4339872044851463,13.028196489792345,5.122474775851791,0.004977611073752719,-0.007597315360264645,0.28553384391349157,0.026159076046919694,0.04218904873178797,11749.73999999999,3.95,-0.40000000000000036,-0.8399999999999999,1,70.5,0.0
2020-06-01,99.17,75.72681818181819,0.27411131495619306,39.9,6.24,75.15,465832.99,4.0,0.08,-16.55,98.57,111.57,102.7,4.596835549198034,4.327132366949497,3.686376323895818,13.051582458312598,4.319486116198983,-0.015310250526482605,0.000897433434143835,0.25238911941067155,0.02338596852025354,-0.802988659652808,10767.559999999998,3.92,-0.03000000000000025,-0.040000000000000036,1,65.9,0.0
2020-07-01,99.45,74.99304347826087,0.27463090573960136,42.8,6.71,107.75,490828.8,4.0,0.1,-10.55,99.87,113.46,103.59,4.599655005299981,4.3173953556112385,3.756538102587751,13.103850669803908,4.6798137289838575,0.0028194561019470044,-0.009737011338258661,0.0701617786919333,0.05226821149130956,0.36032761278487424,24995.809999999998,3.9,-0.020000000000000018,0.46999999999999975,0,65.9,0.0
2020-08-01,98.62,74.67333333333333,0.44799925595176543,44.3,6.68,115.06,498887.43,4.0,0.09,-7.13,99.38,113.27,103.05,4.59127408079598,4.313123044915484,3.7909846770510898,13.120135758101773,4.7454537314351475,-0.008380924504001186,-0.004272310695754733,0.03444657446333865,0.016285088297864903,0.06564000245128998,8058.630000000005,3.91,0.010000000000000231,-0.03000000000000025,0,65.9,0.0
2020-09-01,99.71,73.48181818181818,0.26773541245463633,41.1,7.29,82.27,502162.08,4.0,0.09,0.98,101.48,116.03,105.51,4.602265972840701,4.297038003941428,3.716008121502189,13.126678215088937,4.410006521180839,0.010991892044721396,-0.01608504097405561,-0.07497655554890059,0.006542456987164158,-0.33544721025430846,3274.6500000000233,3.91,0.0,0.6100000000000003,0,65.9,0.0
2020-10-01,99.24,73.458,0.21683367382688215,40.5,7.61,95.49,517586.31,4.0,0.09,4.52,102.26,116.91,105.74,4.5975411588236,4.296713814319833,3.7013019741124933,13.156931572823684,4.559021529962111,-0.004724814017101231,-0.0003241896215948614,-0.01470614738969589,0.0302533577347468,0.14901500878127205,15424.229999999981,3.91,0.0,0.3200000000000003,0,65.9,0.0
2020-11-01,97.08,74.22052631578947,0.25537496797651343,43.2,6.9,69.5,533454.72,4.0,0.09,-1.63,100.59,115.25,103.83,4.5755353808584,4.3070407469006184,3.765840495250065,13.18712947264495,4.241326752570746,-0.02200577796519987,0.010326932580785098,0.06453852113757153,0.03019789982126575,-0.317694777391365,15868.409999999974,3.91,0.0,-0.71,0,65.9,0.0
2020-12-01,96.47,73.59272727272727,0.1965459310957623,49.9,4.55,69.88,542157.16,4.0,0.09,2.16,98.51,113.54,102.83,4.569232079182462,4.298546206623134,3.910021002757473,13.203311201490239,4.246779485265856,-0.0063033016759384,-0.008494540277484752,0.14418050750740807,0.016181728845289456,0.00545273269510993,8702.44000000006,3.91,0.0,-2.3500000000000005,0,65.9,0.0
2021-01-01,96.7,73.1085,0.15298004685854047,54.6,4.05,83.66,547153.88,4.0,0.07,-0.58,97.74,113.19,102.63,4.571613402459248,4.291944639065614,4.000033882750859,13.212485358112682,4.426760966014053,0.002381323276786418,-0.0066015675575199495,0.09001287999338636,0.009174156622442808,0.17998148074819653,4996.719999999972,3.93,0.020000000000000018,-0.5,0,63.6,0.0
2021-02-01,97.24,72.75736842105263,0.22844503606540695,62.0,5.1,51.78,542614.98,4.0,0.07,-3.2,97.97,113.74,103.39,4.577182149447922,4.2871301850608905,4.127134385045092,13.204155286640107,3.947003974323392,0.005568746988673823,-0.004814454004723245,0.12710050229423242,-0.008330071472574474,-0.4797569916906608,-4538.900000000023,3.93,0.0,1.0499999999999998,0,55.0,7.0
2021-03-01,98.47,72.79190476190476,0.34128608303912006,65.2,5.49,40.93,536693.39,4.0,0.06,24.23,99.23,114.26,104.75,4.589751933259711,4.287604750694164,4.177459468932607,13.19318224208386,3.7118632905043114,0.01256978381178886,0.000474565633273194,0.050325083887515554,-0.010973044556246592,-0.23514068381908038,-5921.589999999967,3.94,0.009999999999999787,0.39000000000000057,0,62.0,3.200000000000003
2021-04-01,96.07,74.47117647058823,0.5309882573200309,64.8,4.27,78.99,546059.39,4.0,0.05,133.52,97.29,112.35,102.47,4.565077092421647,4.310412157510864,4.1713056033582285,13.210483021705473,4.369321262176328,-0.02467484083806415,0.02280740681670057,-0.006153865574378692,0.01730077962161225,0.6574579716720166,9366.0,3.95,0.010000000000000231,-1.2200000000000006,0,65.2,0.0
2021-05-01,96.94,73.26736842105262,0.5047094004943598,68.0,6.29,73.24,554069.3,4.0,0.05,27.61,99.72,115.16,104.46,4.57409223041723,4.294115331340882,4.219507705176107,13.225045048158995,4.2937417198063095,0.009015137995582734,-0.01629682616998185,0.04820210181787843,0.014562026453521781,-0.07557954237001852,8009.910000000033,3.95,0.0,2.0200000000000005,0,65.2,2.799999999999997
2021-06-01,96.62,73.55818181818182,0.6000606030000122,73.1,6.25,58.33,568665.43,4.0,0.08,13.81,99.81,115.18,104.13,4.57078575912626,4.2980766824401915,4.291828366755733,13.25104754368568,4.066116540765546,-0.0033064712909691707,0.003961351099309063,0.07232066157962613,0.026002495526684655,-0.2276251790407633,14596.130000000005,3.92,-0.03000000000000025,-0.040000000000000036,0,68.0,5.099999999999994
2021-07-01,96.52,74.52714285714285,0.1667376039513249,74.4,5.55,76.86,575781.38,4.0,0.07,11.54,100.13,115.28,103.82,4.569750240756831,4.311163392685049,4.309455941839047,13.263483319020112,4.3419855851366975,-0.001035518369429056,0.01308671024485708,0.017627575083313474,0.012435775334433075,0.27586904437115134,7115.949999999953,3.93,0.010000000000000231,-0.7000000000000002,0,73.1,1.3000000000000114
2021-08-01,97.19,74.1855,0.31206401165212655,70.0,5.28,69.16,578411.53,4.0,0.06,12.97,100.8,115.67,104.63,4.576667825515379,4.306568713287033,4.248495242049359,13.268040883929528,4.23642266081509,0.006917584758547868,-0.004594679398015167,-0.06096069978968721,0.00455756490941539,-0.10556292432160763,2630.1500000000233,3.94,0.009999999999999787,-0.2699999999999996,0,74.4,0.0
2021-09-01,97.8,73.56380952380952,0.3419133836291907,74.6,4.37,48.92,573599.48,4.0,0.06,4.35,101.34,116.55,105.41,4.582924577040772,4.298153186375179,4.312140507209715,13.259686661712045,3.890186310818972,0.006256751525392623,-0.008415526911853988,0.06364526516035607,-0.008354222217482388,-0.3462363499961181,-4812.050000000047,3.94,0.0,-0.9100000000000001,0,74.4,0.19999999999998863
2021-10-01,96.45,74.91421052631578,0.3427716406892806,83.7,4.56,39.95,577553.68,4.0,0.07,4.17,100.73,116.17,103.86,4.569024739351738,4.3163435991804295,4.4272389774954295,13.266556669439233,3.6876286722122837,-0.013899837689034023,0.018190412805250133,0.11509847028571407,0.006870007727187044,-0.20255763860668807,3954.20000000007,3.93,-0.009999999999999787,0.1899999999999995,0,74.6,9.100000000000009
2021-11-01,97.56,74.49631578947368,0.31395701273893334,80.8,4.9,23.35,574939.09,4.0,0.07,1.03,102.15,117.02,105.31,4.580467573347719,4.310749671672413,4.39197696552705,13.26201938373368,3.150596984114906,0.011442833995981339,-0.00559392750801635,-0.035262011968379525,-0.004537285705552563,-0.5370316880973776,-2614.590000000084,3.93,0.0,0.34000000000000075,0,83.7,0.0
2021-12-01,96.91,75.37260869565218,0.519267118081775,74.3,5.68,72.33,569889.04,4.0,0.07,1.02,100.8,115.47,104.96,4.573782712746459,4.322443929113271,4.308110951723713,13.25319695419405,4.28123898086119,-0.0066848606012603895,0.011694257440857392,-0.08386601380333669,-0.008822429539629084,1.1306419967462835,-5050.04999999993,3.93,0.0,0.7799999999999994,0,83.7,0.0
2022-01-01,97.93,74.4405,0.33806687286144443,85.5,6.08,70.02,566689.29,4.0,0.08,1.98,101.18,115.8,105.82,4.584252937732703,4.310000148570407,4.448516375942715,13.247566443090824,4.2487809155265195,0.010470224986244503,-0.012443780542863436,0.1404054242190016,-0.00563051110322732,-0.032458065334670216,-3199.75,3.92,-0.010000000000000231,0.40000000000000036,0,83.7,1.7999999999999972
2022-02-01,97.18,75.00263157894737,0.34773620437948943,95.8,6.06,91.2,566295.31,4.0,0.08,1.15,99.7,114.42,104.82,4.576564928977757,4.317523200640049,4.562262684976814,13.246870970238183,4.513054897080286,-0.0076880087549460185,0.007523052069641878,0.11374630903409955,-0.0006954728526409326,0.26427398155376647,-393.9799999999814,3.92,0.0,-0.020000000000000462,0,85.5,10.299999999999997
2022-03-01,97.25,76.2447619047619,0.36992727728053226,115.6,6.9,120.7,540723.64,4.0,0.33,2.2,99.71,113.59,104.7,4.577284982498556,4.3339487167968285,4.750135956238277,13.200663595516632,4.793308128103486,0.0007200535207987357,0.01642551615677945,0.1878732712614628,-0.046207374721550565,0.28025323102319977,-25571.670000000042,3.67,-0.25,0.8400000000000007,1,95.8,19.799999999999997
2022-04-01,98.09,76.16722222222222,0.4021384829596889,105.8,7.82,90.13,531206.26,4.0,0.33,6.66,101.4,115.44,105.75,4.585885424576224,4.332931215585574,4.661550519424199,13.182905661713477,4.501253072568319,0.008600442077668191,-0.0010175012112547677,-0.08858543681407838,-0.017757933803155268,-0.2920550555351671,-9517.380000000005,3.67,0.0,0.9199999999999999,0,115.6,0.0
2022-05-01,98.78,77.3185,0.4798275457747468,112.4,6.98,69.12,538690.73,4.4,0.83,19.72,102.6,115.79,106.47,4.592895155112479,4.347933254255416,4.722063937459591,13.196896900427005,4.2358441244958005,0.007009730536254644,0.015002038669842399,0.06051341803539234,0.01399123871352792,-0.26540894807251814,7484.469999999972,3.5700000000000003,-0.09999999999999964,-0.8399999999999999,0,115.6,0.0
2022-06-01,98.1,78.0759090909091,0.39894693633196276,120.1,6.94,65.48,525555.56,4.9,1.58,12.62,101.74,114.57,104.84,4.585987366571318,4.357681546917032,4.788324729085938,13.172211191588556,4.181744752502934,-0.006907788541161253,0.00974829266161592,0.06626079162634646,-0.024685708838449116,-0.05409937199286663,-13135.169999999925,3.3200000000000003,-0.25,-0.040000000000000036,0,115.6,4.5
2022-07-01,97.87,79.60142857142857,0.3505322483636198,108.9,6.66,81.29,511545.13,4.9,2.32,2.21,101.43,114.01,103.87,4.583640067437728,4.377032039566537,4.690430029938915,13.145191091175757,4.398023007758481,-0.002347299133589331,0.01935049264950539,-0.09789469914702309,-0.027020100412798342,0.21627825525554734,-14010.430000000051,2.5800000000000005,-0.7399999999999998,-0.28000000000000025,0,120.1,0.0
2022-08-01,98.21,79.55473684210526,0.3831937198083758,98.6,6.99,72.42,498086.76,5.4,2.33,-0.68,102.18,114.32,104.27,4.587108043169683,4.376445298480617,4.591071261608589,13.118529557700263,4.282482504337495,0.0034679757319544535,-0.0005867410859208277,-0.0993587683303252,-0.026661533475493826,-0.11554050342098598,-13458.369999999995,3.0700000000000003,0.48999999999999977,0.33000000000000007,0,120.1,0.0
2022-09-01,99.99,80.23136363636364,0.8808723784897341,90.2,7.33,67.74,472806.62,5.9,3.08,3.32,104.1,115.32,105.99,4.605070180987758,4.3849145062104755,4.502029427068578,13.06644174666805,4.215676847389625,0.017962137818074986,0.00846920772985893,-0.08904183454001124,-0.05208781103221405,-0.06680565694786988,-25280.140000000014,2.8200000000000003,-0.25,0.33999999999999986,0,120.1,0.0
2022-10-01,99.09,82.3388888888889,0.4084675649718,93.1,6.77,90.5,474130.68,5.9,3.08,-4.07,103.61,114.48,104.96,4.596028528070808,4.410843522066704,4.533674184283021,13.06923825888253,4.505349850705881,-0.009041652916949694,0.025929015856228865,0.03164475721444315,0.0027965122144806287,0.28967300331625534,1324.0599999999977,2.8200000000000003,0.0,-0.5600000000000005,0,120.1,0.0
2022-11-01,98.0,81.8104761904762,0.5432078441119523,91.1,5.92,77.13,490281.67,5.9,3.83,7.58,102.27,113.79,103.98,4.584967478670572,4.404405306196556,4.511957804265912,13.102735341666156,4.345492309945908,-0.011061049400235667,-0.006438215870148589,-0.02171638001710896,0.03349708278362584,-0.1598575407599725,16150.98999999999,2.0700000000000003,-0.75,-0.8499999999999996,0,120.1,0.0
2022-12-01,94.58,82.46454545454546,0.515130378990891,80.9,5.71,78.09,498022.3,6.25,4.33,5.12,98.05,110.34,101.1,4.54944603721573,4.412368448904635,4.393213824064446,13.118400134120701,4.3578620076745835,-0.035521441454842595,0.007963142708079296,-0.11874398020146604,0.015664792454545662,0.012369697728675355,7740.630000000005,1.92,-0.15000000000000036,-0.20999999999999996,0,120.1,0.0
2023-01-01,93.64,81.9,0.5470374758643126,83.1,6.53,50.97,506885.78,6.25,4.33,5.81,97.22,110.18,101.35,4.53945764262271,4.405498990859024,4.420044701861403,13.136040971196563,3.93123722435195,-0.009988394593019478,-0.006869458045611232,0.026830877796956365,0.01764083707586117,-0.4266247833226333,8863.48000000004,1.92,0.0,0.8200000000000003,0,120.1,0.0
2023-02-01,93.49,82.6075,0.2842696088686151,82.7,6.4,126.75,497862.9,6.5,4.57,6.01,96.74,109.24,101.54,4.537854478703224,4.414100475436427,4.415219602029645,13.118080016899638,4.842216642471293,-0.001603163919486228,0.00860148457740273,-0.0048250998317573845,-0.01796095429692457,0.9109794181193425,-9022.880000000005,1.9299999999999997,0.009999999999999787,-0.1299999999999999,0,120.1,0.0
2023-03-01,94.47,82.289,0.2629568705880794,78.5,5.66,72.39,509691.3,6.5,4.83,1.95,97.77,110.04,102.99,4.548282323781043,4.41023744139893,4.363098624788363,13.14156052731842,4.28206816830505,0.010427845077819242,-0.003863034037496327,-0.05212097724128206,0.023480510418782075,-0.560148474166243,11828.399999999965,1.67,-0.2599999999999998,-0.7400000000000002,0,120.1,0.0
2023-04-01,94.26,82.02117647058824,0.16995890506756012,84.1,4.69,85.97,520929.52,6.5,4.83,4.61,97.9,110.21,103.23,4.546056921495585,4.406977463564875,4.432006566978902,13.163370033273628,4.453998398186353,-0.002225402285458422,-0.0032599778340554053,0.0689079421905392,0.021809505955207698,0.17193022988130302,11238.22000000003,1.67,0.0,-0.9699999999999998,0,120.1,0.0
2023-05-01,94.63,82.34333333333333,0.38344925783384254,75.7,4.31,48.45,522422.38,6.5,5.08,5.66,98.82,110.79,103.46,4.549974550520141,4.410897498074382,4.3267781604434035,13.16623169676179,3.880532338336775,0.0039176290245563905,0.003920034509507175,-0.10522840653549892,0.0028616634881615255,-0.5734660598495775,1492.859999999986,1.42,-0.25,-0.3800000000000008,0,120.1,0.0
2023-06-01,95.83,82.23428571428572,0.25120850759023644,74.9,4.84,60.06,527978.59,6.5,5.08,4.05,100.94,113.12,104.91,4.562575788355671,4.40957231624666,4.316153890523174,13.176811012623832,4.095344062555184,0.012601237835530021,-0.0013251818277222327,-0.010624269920229246,0.010579315862042193,0.21481172421840888,5556.209999999963,1.42,0.0,0.5300000000000002,0,120.1,0.0
2023-07-01,95.6,82.15142857142857,0.23080913574392395,80.1,7.45,55.64,537152.4,6.5,5.33,6.18,103.36,116.69,107.19,4.560172820057356,4.408564234124269,4.383275854074314,13.194037132110399,4.018902367055242,-0.002402968298315322,-0.0010080821223912295,0.06712196355113953,0.01722611948656727,-0.07644169549994206,9173.810000000056,1.17,-0.25,2.6100000000000003,0,108.9,0.0
2023-08-01,96.05,82.7852380952381,0.21318112129405112,86.2,6.86,57.64,529911.02,6.5,5.33,10.87,103.32,115.89,107.68,4.564868889214566,4.416249761622819,4.456670177669648,13.180464384641287,4.054216771131322,0.00469606915720977,0.007685527498550115,0.07339432359533404,-0.0135727474691123,0.035314404076079775,-7241.380000000005,1.17,0.0,-0.5899999999999999,0,98.6,0.0
2023-09-01,96.92,83.048,0.16308215559553638,94.0,5.09,32.91,521366.33,6.5,5.33,6.35,102.72,114.49,106.9,4.573885895948325,4.419418753890945,4.543294782270004,13.164208202255251,3.4937765629552486,0.00901700673375938,0.0031689922681259475,0.08662460460035604,-0.016256182386035434,-0.5604402081760731,-8544.690000000002,1.17,0.0,-1.7700000000000005,0,93.1,0.9000000000000057
2023-10-01,97.44,83.2355,0.03748332962798233,91.1,4.83,122.11,519280.83,6.5,5.33,11.89,103.82,115.58,107.36,4.579236803961587,4.421673939516296,4.511957804265912,13.160200114073042,4.8049222778449305,0.005350908013261879,0.00225518562535143,-0.03133697800409152,-0.00400808818220888,1.311145714889682,-2085.5,1.17,0.0,-0.2599999999999998,0,94.0,0.0
2023-11-01,95.88,83.298,0.06195074444138307,83.2,5.48,104.74,533424.27,6.5,5.33,2.47,102.97,115.14,106.05,4.563097409566184,4.42242453928072,4.421247347827163,13.187072390257361,4.651481088851342,-0.01613939439540335,0.0007505997644239315,-0.09071045643874953,0.026872276184318977,-0.15344118899358872,14143.440000000002,1.17,0.0,0.6500000000000004,0,94.0,0.0
2023-12-01,94.85,83.2785,0.10950967272827183,77.9,5.73,128.54,551239.37,6.5,5.33,4.39,101.33,113.88,105.85,4.552296696381023,4.422190412617127,4.355425952876702,13.219924422110553,4.85624013994314,-0.010800713185160404,-0.00023412666359323708,-0.06582139495046047,0.03285203185319219,0.20475905109179848,17815.099999999977,1.17,0.0,0.25,0,94.0,0.0
2024-01-01,95.4,83.12095238095237,0.1174267755626747,80.2,5.05,129.91,548938.89,6.5,5.33,4.21,101.78,113.97,106.38,4.558078578454241,4.420296804628992,4.384523514872469,13.215742402820675,4.866841903007641,0.005781882073217837,-0.001893607988134427,0.02909756199576652,-0.004182019289878269,0.01060176306450078,-2300.4799999999814,1.17,0.0,-0.6800000000000006,0,94.0,0.0
2024-02-01,96.26,82.965,0.067551150210317,83.8,5.16,148.83,554151.99,6.5,5.33,5.6,101.99,115.14,107.5,4.567052863874963,4.418418832114751,4.428433007488037,13.225194278282798,5.0028047149810675,0.008974285420721984,-0.0018779725142410442,0.04390949261556809,0.009451875462122672,0.1359628119734264,5213.099999999977,1.17,0.0,0.11000000000000032,0,94.0,0.0
2024-03-01,96.18,82.99833333333333,0.2207807003500556,85.4,4.93,91.72,570950.19,6.5,5.33,5.47,101.94,114.95,107.5,4.566221435849517,4.4188205272737004,4.447346100794524,13.255057251908442,4.518740457989703,-0.0008314280254460016,0.00040169515894916685,0.018913093306487383,0.02986297362564372,-0.48406425699136424,16798.199999999953,1.17,0.0,-0.23000000000000043,0,94.0,0.0
2024-04-01,96.78,83.40722222222222,0.08042574621098908,90.1,4.8,137.18,561777.71,6.5,5.33,7.07,102.78,114.89,108.17,4.572440361365173,4.423734903004119,4.500920164614292,13.238861516823869,4.921293932071175,0.006218925515655727,0.004914375730418641,0.05357406381976748,-0.016195735084572505,0.402553474081472,-9172.479999999981,1.17,0.0,-0.1299999999999999,0,94.0,0.0
2024-05-01,96.5,83.3915,0.14291237654038969,82.0,4.88,83.04,572563.91,6.5,5.33,7.32,102.99,115.24,107.77,4.56954300834494,4.423546385705434,4.406719247264253,13.257879641367785,4.419322419417578,-0.0028973530202325293,-0.00018851729868529787,-0.09420091735003844,0.019018124543915604,-0.5019715126535971,10786.20000000007,1.17,0.0,0.08000000000000007,0,94.0,0.0
2024-06-01,96.67,83.47157894736843,0.11066782920548518,82.6,5.14,141.56,572881.24,6.5,5.33,7.27,104.47,116.84,108.19,4.571303116476514,4.424506202029348,4.414009680526933,13.258433714180644,4.9527236554772625,0.0017601081315739009,0.0009598163239141755,0.007290433262679308,0.0005540728128590189,0.5334012360596843,317.3299999999581,1.17,0.0,0.2599999999999998,0,94.0,0.0
2024-07-01,96.35,83.59454545454545,0.10423084602971056,85.3,3.67,193.14,589315.68,6.5,5.33,7.77,105.32,118.12,108.28,4.567987394860375,4.425978272203033,4.446174454497633,13.286717278311832,5.263415314538772,-0.0033157216161390224,0.0014720701736852249,0.03216477397070072,0.028283564131188044,0.31069165906150964,16434.44000000006,1.17,0.0,-1.4699999999999998,0,94.0,0.0
2024-08-01,94.36,83.89714285714285,0.07376603941807651,80.9,3.67,117.74,597414.93,6.5,5.33,2.06,102.84,116.0,106.42,4.547117254539474,4.429591558747212,4.393213824064446,13.30036717608226,4.768478803600115,-0.020870140320901065,0.0036132865441791395,-0.052960630433187106,0.013649897770427799,-0.49493651093865676,8099.25,1.17,0.0,0.0,0,94.0,0.0
2024-09-01,93.48,83.8075,0.17225669339985147,74.3,5.46,143.19,617074.99,6.5,4.83,4.67,102.42,115.85,106.41,4.537747509670657,4.42852250228994,4.308110951723713,13.332745835210439,4.964172419685915,-0.00936974486881681,-0.0010690564572719552,-0.085102872340733,0.032378659128179166,0.1956936160857996,19660.05999999994,1.67,0.5,1.79,0,94.0,0.0
2024-10-01,94.25,84.0290909090909,0.07130812355438192,75.7,6.25,152.87,589849.33,6.5,4.83,5.63,104.65,117.96,108.58,4.54595082632812,4.431163059234585,4.3267781604434035,13.287622410387339,5.0295878870129425,0.008203316657462878,0.002640556944644601,0.018667208719690187,-0.04512342482309961,0.06541546732702752,-27225.660000000033,1.67,0.0,0.79,0,91.1,0.0
2024-11-01,95.61,84.36555555555555,0.11753458676052993,74.4,5.5,105.32,569960.06,6.5,4.58,5.93,106.1,118.75,110.41,4.560277417097355,4.43515920877122,4.309455941839047,13.253321567180265,4.657003334628109,0.014326590769234926,0.003996149536635407,-0.017322218604356898,-0.03430084320707394,-0.3725845523848337,-19889.269999999902,1.92,0.25,-0.75,0,90.1,0.0
2024-12-01,95.8,84.98619047619047,0.2938277759245428,73.8,5.21,142.25,547454.07,6.5,4.33,6.15,105.41,117.52,110.8,4.562262684976814,4.4424887783054565,4.301358731606427,13.213033846742837,4.95758607300644,0.001985267879459407,0.0073295695342361356,-0.00809721023262,-0.04028772043742812,0.30058273837833127,-22505.990000000107,2.17,0.25,-0.29000000000000004,0,90.1,0.0
2025-01-01,94.97,86.26652173913044,0.3545497618061952,79.2,4.06,169.28,537684.48,6.5,4.33,6.3,103.02,114.85,108.62,4.553561052254861,4.457441593962601,4.37197629882038,13.195027198702574,5.1315541486699345,-0.008701632721953345,0.01495281565714457,0.07061756721395351,-0.018006648040262974,0.17396807566349448,-9769.589999999967,2.17,0.0,-1.1500000000000004,0,90.1,0.0
2025-02-01,93.4,87.055,0.3012181152274476,75.2,3.49,176.34,543349.57,6.25,4.33,2.92,100.55,112.49,105.49,4.536891345234797,4.466540102818562,4.320151230955794,13.205508167103917,5.172413949658881,-0.016669707020064095,0.009098508855960752,-0.05182506786458596,0.010480968401342494,0.04085980098894648,5665.089999999967,1.92,-0.25,-0.5699999999999994,0,90.1,0.0
2025-03-01,92.9,86.63736842105264,0.6381034582195977,72.6,3.56,132.87,567557.44,6.25,4.33,5.8,100.04,111.81,104.62,4.531523645819793,4.461731228513216,4.28496492183075,13.249097239074747,4.889371206603217,-0.005367699415003813,-0.004808874305346045,-0.03518630912504417,0.04358907197083006,-0.2830427430556641,24207.869999999995,1.92,0.0,0.06999999999999984,0,90.1,0.0
2025-04-01,93.02,85.56166666666667,0.39829415674112,67.7,3.34,157.31,581194.97,6.0,4.33,4.84,100.22,111.63,104.87,4.532814523795951,4.44923736353204,4.215086179918229,13.2728415561329,5.058218380834414,0.0012908779761575673,-0.012493864981175662,-0.06987874191252086,0.02374431705815283,0.168847174231197,13637.530000000028,1.67,-0.25,-0.2200000000000002,0,90.1,0.0
2025-05-01,92.17,85.19,0.5375578304262985,64.2,3.03,98.96,584898.97,6.0,4.33,3.37,99.62,111.05,103.57,4.523634698005573,4.444884056054749,4.162003210695915,13.279194410444783,4.594715728084233,-0.009179825790377905,-0.004353307477290791,-0.053082969222313814,0.006352854311883149,-0.4635026527501811,3704.0,1.67,0.0,-0.31000000000000005,0,85.3,0.0
2025-06-01,90.58,85.90285714285714,0.4219614064952266,71.5,2.31,145.56,591354.36,5.5,4.33,2.23,98.31,109.83,101.45,4.506233438128068,4.45321708970432,4.269697449699962,13.290170710612259,4.980588372743959,-0.01740125987750485,0.00833303364957061,0.10769423900404629,0.010976300167476083,0.3858726446597265,6455.390000000014,1.17,-0.5,-0.7199999999999998,0,85.3,0.0
2025-07-01,90.11,86.11391304347826,0.5508896864530227,71.0,1.62,81.78,582610.65,5.5,4.33,5.41,98.29,110.0,100.74,4.501031146246946,4.455670990057185,4.2626798770413155,13.275274403463976,4.404032714936497,-0.005202291881121646,0.0024539003528651904,-0.00701757265864611,-0.014896307148282162,-0.5765556578074627,-8743.709999999963,1.17,0.0,-0.69,0,85.3,0.0
2025-08-01,88.95,87.51842105263158,0.2405147987568581,68.2,2.01,122.75,584530.37,5.5,4.33,4.67,97.27,108.54,99.86,4.4880744141118445,4.471849297521803,4.222444564849416,13.278564017483706,4.81014976667463,-0.012956732135101845,0.016178307464618236,-0.04023531219189902,0.003289614019729825,0.40611705173813295,1919.719999999972,1.17,0.0,0.3899999999999997,0,80.9,0.0
2025-09-01,87.85,88.32238095238095,0.2975551169431406,68.0,1.41,165.34,579180.62,5.5,4.09,6.1,95.89,106.96,99.06,4.4756308146331065,4.480993540412485,4.219507705176107,13.269369659549096,5.108003959824529,-0.012443599478737966,0.00914424289068183,-0.0029368596733094776,-0.009194357934610764,0.2978541931498997,-5349.75,1.4100000000000001,0.2400000000000002,-0.5999999999999999,0,79.2,0.0
2025-10-01,88.18,88.4165,0.3972573738178177,64.7,0.04,135.85,564591.05,5.5,3.86,-0.89,96.05,106.77,98.48,4.479380179929792,4.482058603810069,4.169761201506855,13.243856942745312,4.911551335872357,0.0037493652966853475,0.001065063397583721,-0.04974650366925193,-0.02551271680378342,-0.19645262395217244,-14589.569999999949,1.6400000000000001,0.22999999999999998,-1.3699999999999999,0,79.2,0.0
2025-11-01,88.09,88.82526315789474,0.29349178336128556,63.6,0.49,133.43,557788.78,5.5,3.89,7.0,96.28,106.84,98.35,4.478359019121704,4.486671104558427,4.152613470346076,13.231735639236756,4.893576995754329,-0.0010211608080874512,0.004612500748358173,-0.017147731160778612,-0.01212130350855567,-0.017974340118027676,-6802.270000000019,1.6099999999999999,-0.03000000000000025,0.45,0,79.2,0.0
2025-12-01,86.27,90.0909090909091,0.3377362889382786,62.7,1.17,197.8,552896.58,5.25,3.64,6.74,94.15,104.54,96.66,4.457481913088487,4.500819261531618,4.138361447638875,13.222926246739883,5.287256419188612,-0.020877106033217352,0.014148156973190495,-0.014252022707201384,-0.008809392496873514,0.39367942343428286,-4892.20000000007,1.6099999999999999,0.0,0.6799999999999999,0,79.2,0.0
2026-01-01,85.02,90.798,0.7662870150757422,66.8,2.73,170.68,560944.88,5.25,3.64,4.15,93.2,104.12,95.74,4.442886522930644,4.508637258932944,4.2017030805426,13.23737792655825,5.1397904583197995,-0.014595390157842836,0.00781799740132616,0.0633416329037253,0.014451679818366259,-0.14746596086881247,8048.300000000047,1.6099999999999999,0.0,1.56,0,79.2,0.0
2026-02-01,84.46,90.73105263157895,0.2978607940491328,71.1,3.21,323.81,573125.02,5.25,3.64,4.43,91.98,103.26,94.82,4.436278049505797,4.507899664917157,4.264087336809195,13.258859156889267,5.780156924027929,-0.006608473424846828,-0.0007375940157867689,0.062384256266594384,0.021481230331017898,0.6403664657081292,12180.140000000014,1.6099999999999999,0.0,0.48,0,75.2,0.0
2026-03-01,83.5,92.76111111111112,1.0228673014325358,103.7,3.4,268.52,552282.7,5.25,3.64,3.02,90.99,101.69,94.12,4.42484663185681,4.530027490658747,4.641502115235482,13.221815331842647,5.592925399070551,-0.011431417648987363,0.02212782574159,0.3774147784262869,-0.03704382504662007,-0.18723152495737772,-20842.320000000065,1.6099999999999999,0.0,0.18999999999999995,1,72.6,31.10000000000001
2026-04-01,82.4,93.55105263157895,0.7797427976001942,120.4,3.48,205.15,551824.65,5.25,3.64,4.88,89.63,99.78,92.27,4.411585436915426,4.538507304731396,4.79081953287472,13.220985611750162,5.323741418888195,-0.013261194941383891,0.00847981407264875,0.14931741763923867,-0.0008297200924847203,-0.2691839801823557,-458.04999999993015,1.6099999999999999,0.0,0.08000000000000007,0,103.7,16.700000000000003
2026-05-01,80.39,95.59631578947368,0.5999741709840123,107.5,3.94,271.39,546922.62,5.25,3.62,4.97,88.0,97.91,89.91,4.386889790339869,4.560134281547745,4.677490847567717,13.2120626088745,5.603556900738151,-0.024695646575557006,0.021626976816349064,-0.11332868530700324,-0.008923002875661723,0.27981548184995564,-4902.030000000028,1.63,0.020000000000000018,0.45999999999999996,0,120.4,0.0
2026-06-01,81.5,94.97,0.5241278469991847,85.4,4.38,219.5,542619.0,5.25,3.63,7.32,90.15,100.31,91.41,4.400603020246817,4.553561052254861,4.447346100794524,13.204162695180706,5.391352232515226,0.013713229906947788,-0.006573229292883731,-0.23014474677319274,-0.007899913693794502,-0.21220466822292483,-4303.619999999995,1.62,-0.009999999999999787,0.43999999999999995,1,120.4,0.0
2026-07-01,,95.8195652173913,0.5366857745025106,83.4,4.44,152.41,,5.25,3.63,,,,91.26,,4.562466893951374,4.423648309364701,,5.026574257897758,,0.008905841696512873,-0.02369779142982331,,-0.36477797461746775,,1.62,0.0,0.0600000000000005,0,120.4,0.0
2026-08-01,,95.36583333333334,0.16500459130434797,,,,,,,,,,,,4.557720373146351,,,,,-0.0047465208050230245,,,,,,,,0,120.4,
